feature,importance,strategy,feature_count_target,n_selected,seed,rank
S2_dry_CVI,0.08077593004747628,RF_rank_only,20,20,2024,1
S2_wet_NBR2,0.07322515700481133,RF_rank_only,20,20,2024,2
DEM_elevation,0.06903065557290118,RF_rank_only,20,20,2024,3
S2_dry_MNDWI,0.06690245560221564,RF_rank_only,20,20,2024,4
S1_VHasc_p50,0.058902224985489506,RF_rank_only,20,20,2024,5
S2_dry_NBR2,0.05636122489081567,RF_rank_only,20,20,2024,6
S1_VVasc_p50,0.053637901483842745,RF_rank_only,20,20,2024,7
L89_dry_NBR,0.050168659071794235,RF_rank_only,20,20,2024,8
S2_dry_B11,0.04926021423319118,RF_rank_only,20,20,2024,9
L89_dry_NBR2,0.04887878733444763,RF_rank_only,20,20,2024,10
S2_wet_GNDVI,0.04816766488206492,RF_rank_only,20,20,2024,11
S2_dry_B12,0.04517637557515236,RF_rank_only,20,20,2024,12
L89_dry_Red,0.043866273747689574,RF_rank_only,20,20,2024,13
L89_dry_Green,0.03991145952144954,RF_rank_only,20,20,2024,14
S2_dry_B2,0.039294332534196945,RF_rank_only,20,20,2024,15
L89_dry_SWIR1,0.038743732543290416,RF_rank_only,20,20,2024,16
L89_dry_SWIR2,0.03818164751655004,RF_rank_only,20,20,2024,17
S2_dry_B3,0.0332638178772823,RF_rank_only,20,20,2024,18
L89_dry_SWIR2_p75,0.03326029871964048,RF_rank_only,20,20,2024,19
L89_dry_Blue,0.032991186855698046,RF_rank_only,20,20,2024,20
S2_dry_CVI,0.08203982824097246,RF_rank_only,20,20,2025,1
S2_wet_NBR2,0.07494806382636272,RF_rank_only,20,20,2025,2
DEM_elevation,0.06931578335235657,RF_rank_only,20,20,2025,3
S2_dry_MNDWI,0.06666470184611525,RF_rank_only,20,20,2025,4
S1_VHasc_p50,0.05942035242480181,RF_rank_only,20,20,2025,5
S2_dry_NBR2,0.05651610178698084,RF_rank_only,20,20,2025,6
S1_VVasc_p50,0.05157404200267666,RF_rank_only,20,20,2025,7
L89_dry_NBR,0.049851002336324,RF_rank_only,20,20,2025,8
S2_dry_B11,0.049836929483820666,RF_rank_only,20,20,2025,9
L89_dry_NBR2,0.04940400847253662,RF_rank_only,20,20,2025,10
S2_wet_GNDVI,0.04885418938899419,RF_rank_only,20,20,2025,11
S2_dry_B12,0.044466322881192503,RF_rank_only,20,20,2025,12
L89_dry_Red,0.041869765645435215,RF_rank_only,20,20,2025,13
L89_dry_Green,0.03891305574511592,RF_rank_only,20,20,2025,14
S2_dry_B2,0.03871285157690093,RF_rank_only,20,20,2025,15
L89_dry_SWIR2,0.03839616827400203,RF_rank_only,20,20,2025,16
L89_dry_SWIR1,0.03798493654179302,RF_rank_only,20,20,2025,17
L89_dry_Blue,0.03447372074255342,RF_rank_only,20,20,2025,18
S2_dry_B3,0.03372153476686902,RF_rank_only,20,20,2025,19
L89_dry_SWIR2_p75,0.03303664066419616,RF_rank_only,20,20,2025,20
S2_dry_CVI,0.0800343432130905,RF_rank_only,20,20,2026,1
S2_wet_NBR2,0.07440538247378232,RF_rank_only,20,20,2026,2
DEM_elevation,0.06900798373247262,RF_rank_only,20,20,2026,3
S2_dry_MNDWI,0.06607921781113546,RF_rank_only,20,20,2026,4
S1_VHasc_p50,0.05712425796463804,RF_rank_only,20,20,2026,5
S2_dry_NBR2,0.05683524767502264,RF_rank_only,20,20,2026,6
S1_VVasc_p50,0.05287639700196556,RF_rank_only,20,20,2026,7
L89_dry_NBR,0.05085278241574122,RF_rank_only,20,20,2026,8
S2_wet_GNDVI,0.050817629494134924,RF_rank_only,20,20,2026,9
S2_dry_B11,0.05052144806597814,RF_rank_only,20,20,2026,10
L89_dry_NBR2,0.04837941379597576,RF_rank_only,20,20,2026,11
S2_dry_B12,0.04427154922122206,RF_rank_only,20,20,2026,12
L89_dry_Red,0.04258847524008428,RF_rank_only,20,20,2026,13
S2_dry_B2,0.03968692900386082,RF_rank_only,20,20,2026,14
L89_dry_Green,0.038735766495178355,RF_rank_only,20,20,2026,15
L89_dry_SWIR2,0.03864200181062569,RF_rank_only,20,20,2026,16
L89_dry_SWIR1,0.03676391264304027,RF_rank_only,20,20,2026,17
L89_dry_Blue,0.034927325202147155,RF_rank_only,20,20,2026,18
L89_dry_SWIR2_p75,0.034247843277340324,RF_rank_only,20,20,2026,19
S2_dry_B3,0.03320209346256362,RF_rank_only,20,20,2026,20
S2_dry_CVI,0.07895521041175337,RF_rank_only,20,20,2027,1
S2_wet_NBR2,0.07400053838493083,RF_rank_only,20,20,2027,2
DEM_elevation,0.07026628134797316,RF_rank_only,20,20,2027,3
S2_dry_MNDWI,0.06810932922774962,RF_rank_only,20,20,2027,4
S1_VHasc_p50,0.05869901098705714,RF_rank_only,20,20,2027,5
S2_dry_NBR2,0.056208262686384736,RF_rank_only,20,20,2027,6
S1_VVasc_p50,0.05131958975301659,RF_rank_only,20,20,2027,7
L89_dry_NBR,0.051305234831260337,RF_rank_only,20,20,2027,8
S2_dry_B11,0.05060336513954013,RF_rank_only,20,20,2027,9
S2_wet_GNDVI,0.04965944640247328,RF_rank_only,20,20,2027,10
L89_dry_NBR2,0.04936381948829183,RF_rank_only,20,20,2027,11
S2_dry_B12,0.045146429102532394,RF_rank_only,20,20,2027,12
L89_dry_Red,0.04316920477807244,RF_rank_only,20,20,2027,13
S2_dry_B2,0.03960590606143678,RF_rank_only,20,20,2027,14
L89_dry_Green,0.03939925160661289,RF_rank_only,20,20,2027,15
L89_dry_SWIR2,0.03833200564717359,RF_rank_only,20,20,2027,16
L89_dry_SWIR1,0.03732871811069643,RF_rank_only,20,20,2027,17
L89_dry_Blue,0.033182884802750216,RF_rank_only,20,20,2027,18
L89_dry_SWIR2_p75,0.032905279950608095,RF_rank_only,20,20,2027,19
S2_dry_B3,0.03244023127968607,RF_rank_only,20,20,2027,20
S2_dry_CVI,0.081299274125634,RF_rank_only,20,20,2028,1
S2_wet_NBR2,0.0720320005105487,RF_rank_only,20,20,2028,2
DEM_elevation,0.07082543754300065,RF_rank_only,20,20,2028,3
S2_dry_MNDWI,0.06889144379567165,RF_rank_only,20,20,2028,4
S1_VHasc_p50,0.057753126761892204,RF_rank_only,20,20,2028,5
S2_dry_NBR2,0.05748955280729209,RF_rank_only,20,20,2028,6
S1_VVasc_p50,0.05256916189390726,RF_rank_only,20,20,2028,7
L89_dry_NBR2,0.04979963561972574,RF_rank_only,20,20,2028,8
S2_wet_GNDVI,0.04975192853994698,RF_rank_only,20,20,2028,9
L89_dry_NBR,0.049529244361636825,RF_rank_only,20,20,2028,10
S2_dry_B11,0.04934864247317822,RF_rank_only,20,20,2028,11
L89_dry_Red,0.04394929143483728,RF_rank_only,20,20,2028,12
S2_dry_B12,0.04245079109505819,RF_rank_only,20,20,2028,13
L89_dry_SWIR2,0.03982039025588953,RF_rank_only,20,20,2028,14
S2_dry_B2,0.039681524736211435,RF_rank_only,20,20,2028,15
L89_dry_Green,0.038545686390754653,RF_rank_only,20,20,2028,16
L89_dry_SWIR1,0.03705552158858614,RF_rank_only,20,20,2028,17
L89_dry_Blue,0.03346677163100787,RF_rank_only,20,20,2028,18
S2_dry_B3,0.032960399111141334,RF_rank_only,20,20,2028,19
L89_dry_SWIR2_p75,0.032780175324079286,RF_rank_only,20,20,2028,20
S2_dry_CVI,0.06272656090436325,RF_rank_only,25,25,2024,1
DEM_elevation,0.05751087396052444,RF_rank_only,25,25,2024,2
S2_dry_MNDWI,0.05689536184693296,RF_rank_only,25,25,2024,3
S2_wet_NBR2,0.056269337328747004,RF_rank_only,25,25,2024,4
S2_dry_NBR2,0.047574494874333455,RF_rank_only,25,25,2024,5
S1_VHasc_p50,0.04391633263634026,RF_rank_only,25,25,2024,6
S1_VVasc_p50,0.04209490920082203,RF_rank_only,25,25,2024,7
L89_dry_NBR,0.04145303954519544,RF_rank_only,25,25,2024,8
S2_dry_B6,0.04124232116571586,RF_rank_only,25,25,2024,9
S2_dry_B11,0.04119213190860005,RF_rank_only,25,25,2024,10
S2_dry_B8,0.04072680266585108,RF_rank_only,25,25,2024,11
L89_dry_NBR2,0.03923081945781367,RF_rank_only,25,25,2024,12
S2_dry_B12,0.036877385852428037,RF_rank_only,25,25,2024,13
L89_dry_Red,0.03664142912457848,RF_rank_only,25,25,2024,14
S2_wet_NDWI,0.0356303738822198,RF_rank_only,25,25,2024,15
L89_dry_Green,0.035542764563415825,RF_rank_only,25,25,2024,16
S2_wet_GNDVI,0.03517205212762473,RF_rank_only,25,25,2024,17
S2_dry_B2,0.03479507545755784,RF_rank_only,25,25,2024,18
L89_dry_SWIR2,0.03442508819785624,RF_rank_only,25,25,2024,19
S2_wet_NBR,0.033405213760480564,RF_rank_only,25,25,2024,20
L89_dry_SWIR1,0.03120359866531439,RF_rank_only,25,25,2024,21
L89_dry_Blue,0.029975861014941062,RF_rank_only,25,25,2024,22
L89_dry_SWIR2_p75,0.029867033718571915,RF_rank_only,25,25,2024,23
S2_dry_B3,0.029274825835561413,RF_rank_only,25,25,2024,24
S2_dry_MTCI,0.026356312304210202,RF_rank_only,25,25,2024,25
S2_dry_CVI,0.06379430514069087,RF_rank_only,25,25,2025,1
DEM_elevation,0.05719255118888764,RF_rank_only,25,25,2025,2
S2_wet_NBR2,0.0566681152832462,RF_rank_only,25,25,2025,3
S2_dry_MNDWI,0.05507445505390283,RF_rank_only,25,25,2025,4
S2_dry_NBR2,0.04876510965095432,RF_rank_only,25,25,2025,5
S1_VHasc_p50,0.0463419635200038,RF_rank_only,25,25,2025,6
S2_dry_B8,0.04155276199152259,RF_rank_only,25,25,2025,7
S2_dry_B11,0.04135017190734688,RF_rank_only,25,25,2025,8
L89_dry_NBR,0.04130119365127102,RF_rank_only,25,25,2025,9
S1_VVasc_p50,0.04050816316363323,RF_rank_only,25,25,2025,10
S2_dry_B6,0.040038790980950686,RF_rank_only,25,25,2025,11
L89_dry_NBR2,0.038735516949384895,RF_rank_only,25,25,2025,12
L89_dry_Red,0.03795003867820194,RF_rank_only,25,25,2025,13
S2_dry_B12,0.03777765903019876,RF_rank_only,25,25,2025,14
S2_wet_GNDVI,0.0374316252595625,RF_rank_only,25,25,2025,15
S2_dry_B2,0.03509262443362451,RF_rank_only,25,25,2025,16
S2_wet_NDWI,0.034559012998794235,RF_rank_only,25,25,2025,17
L89_dry_SWIR2,0.03424466701387422,RF_rank_only,25,25,2025,18
L89_dry_Green,0.03406306484471779,RF_rank_only,25,25,2025,19
S2_wet_NBR,0.03188847892373007,RF_rank_only,25,25,2025,20
L89_dry_Blue,0.030730890275161887,RF_rank_only,25,25,2025,21
L89_dry_SWIR1,0.030461911011007786,RF_rank_only,25,25,2025,22
S2_dry_B3,0.029843425570832412,RF_rank_only,25,25,2025,23
L89_dry_SWIR2_p75,0.02777524874159187,RF_rank_only,25,25,2025,24
S2_dry_MTCI,0.02685825473690694,RF_rank_only,25,25,2025,25
S2_dry_CVI,0.0642036145888273,RF_rank_only,25,25,2026,1
DEM_elevation,0.05954401521386164,RF_rank_only,25,25,2026,2
S2_wet_NBR2,0.055137701492481005,RF_rank_only,25,25,2026,3
S2_dry_MNDWI,0.055086254242412584,RF_rank_only,25,25,2026,4
S2_dry_NBR2,0.04666854926751663,RF_rank_only,25,25,2026,5
S1_VHasc_p50,0.04290203956740385,RF_rank_only,25,25,2026,6
S2_dry_B6,0.04196119258835718,RF_rank_only,25,25,2026,7
L89_dry_NBR,0.04168517565228484,RF_rank_only,25,25,2026,8
S2_dry_B8,0.04111802977000851,RF_rank_only,25,25,2026,9
S1_VVasc_p50,0.040976048894773645,RF_rank_only,25,25,2026,10
L89_dry_NBR2,0.04041546939526585,RF_rank_only,25,25,2026,11
S2_dry_B11,0.04036542625911058,RF_rank_only,25,25,2026,12
L89_dry_Red,0.03788157829326834,RF_rank_only,25,25,2026,13
S2_wet_NDWI,0.03621355876988761,RF_rank_only,25,25,2026,14
S2_dry_B12,0.03596912648060357,RF_rank_only,25,25,2026,15
S2_dry_B2,0.03567109341275178,RF_rank_only,25,25,2026,16
S2_wet_GNDVI,0.03446735187860287,RF_rank_only,25,25,2026,17
S2_wet_NBR,0.034007859200085554,RF_rank_only,25,25,2026,18
L89_dry_SWIR2,0.03397341992252734,RF_rank_only,25,25,2026,19
L89_dry_Green,0.033912023913173335,RF_rank_only,25,25,2026,20
L89_dry_SWIR1,0.031145833486096876,RF_rank_only,25,25,2026,21
S2_dry_B3,0.03049280013257531,RF_rank_only,25,25,2026,22
L89_dry_Blue,0.030130933274981935,RF_rank_only,25,25,2026,23
L89_dry_SWIR2_p75,0.02899372243587969,RF_rank_only,25,25,2026,24
S2_dry_MTCI,0.02707718186726224,RF_rank_only,25,25,2026,25
S2_dry_CVI,0.06518785680987567,RF_rank_only,25,25,2027,1
DEM_elevation,0.05733493758098043,RF_rank_only,25,25,2027,2
S2_wet_NBR2,0.056109183897022505,RF_rank_only,25,25,2027,3
S2_dry_MNDWI,0.05439189453308782,RF_rank_only,25,25,2027,4
S1_VHasc_p50,0.045609729649733075,RF_rank_only,25,25,2027,5
S2_dry_NBR2,0.04493245510157992,RF_rank_only,25,25,2027,6
L89_dry_NBR,0.04170348685796793,RF_rank_only,25,25,2027,7
S2_dry_B8,0.04135503412190652,RF_rank_only,25,25,2027,8
S1_VVasc_p50,0.04125838853570563,RF_rank_only,25,25,2027,9
S2_dry_B6,0.04010055715320786,RF_rank_only,25,25,2027,10
S2_dry_B11,0.03922001676722481,RF_rank_only,25,25,2027,11
L89_dry_NBR2,0.03842463710881083,RF_rank_only,25,25,2027,12
L89_dry_Red,0.03787161020413827,RF_rank_only,25,25,2027,13
S2_dry_B12,0.036612804603031145,RF_rank_only,25,25,2027,14
L89_dry_SWIR2,0.035892294300610916,RF_rank_only,25,25,2027,15
S2_wet_NDWI,0.03580318986038075,RF_rank_only,25,25,2027,16
L89_dry_Green,0.03577635890042866,RF_rank_only,25,25,2027,17
S2_wet_GNDVI,0.03570016806572279,RF_rank_only,25,25,2027,18
S2_dry_B2,0.03544451002223703,RF_rank_only,25,25,2027,19
S2_wet_NBR,0.034269602220842535,RF_rank_only,25,25,2027,20
L89_dry_SWIR1,0.03179802121631366,RF_rank_only,25,25,2027,21
L89_dry_Blue,0.0317585732381227,RF_rank_only,25,25,2027,22
S2_dry_B3,0.028655974666703374,RF_rank_only,25,25,2027,23
L89_dry_SWIR2_p75,0.02822846326267321,RF_rank_only,25,25,2027,24
S2_dry_MTCI,0.026560251321691916,RF_rank_only,25,25,2027,25
S2_dry_CVI,0.0652040940423747,RF_rank_only,25,25,2028,1
DEM_elevation,0.057169571647411904,RF_rank_only,25,25,2028,2
S2_wet_NBR2,0.05682126782847986,RF_rank_only,25,25,2028,3
S2_dry_MNDWI,0.056296467226913935,RF_rank_only,25,25,2028,4
S1_VHasc_p50,0.04560159481882617,RF_rank_only,25,25,2028,5
S2_dry_NBR2,0.045574160891282564,RF_rank_only,25,25,2028,6
S2_dry_B8,0.042367078410932554,RF_rank_only,25,25,2028,7
L89_dry_NBR,0.04180602908267353,RF_rank_only,25,25,2028,8
L89_dry_NBR2,0.04127944648550818,RF_rank_only,25,25,2028,9
S1_VVasc_p50,0.04104014042075051,RF_rank_only,25,25,2028,10
S2_dry_B11,0.04021754688516518,RF_rank_only,25,25,2028,11
S2_dry_B6,0.040060729345337644,RF_rank_only,25,25,2028,12
L89_dry_Red,0.0369135233898069,RF_rank_only,25,25,2028,13
S2_dry_B2,0.03565022252232809,RF_rank_only,25,25,2028,14
S2_dry_B12,0.034928272381746985,RF_rank_only,25,25,2028,15
S2_wet_NDWI,0.034604098480854766,RF_rank_only,25,25,2028,16
S2_wet_GNDVI,0.03451156770071956,RF_rank_only,25,25,2028,17
L89_dry_Green,0.034096211136165996,RF_rank_only,25,25,2028,18
L89_dry_SWIR2,0.033281515669106775,RF_rank_only,25,25,2028,19
S2_wet_NBR,0.032917849595530534,RF_rank_only,25,25,2028,20
L89_dry_SWIR1,0.032101014813210635,RF_rank_only,25,25,2028,21
L89_dry_Blue,0.03120639025125569,RF_rank_only,25,25,2028,22
L89_dry_SWIR2_p75,0.03046166582820587,RF_rank_only,25,25,2028,23
S2_dry_B3,0.028927664029191377,RF_rank_only,25,25,2028,24
S2_dry_MTCI,0.026961877116220147,RF_rank_only,25,25,2028,25
S2_dry_CVI,0.0549872956933003,RF_rank_only,30,30,2024,1
DEM_elevation,0.05110654590141496,RF_rank_only,30,30,2024,2
S2_wet_NBR2,0.049885954917123276,RF_rank_only,30,30,2024,3
S2_dry_MNDWI,0.04754362559853622,RF_rank_only,30,30,2024,4
S2_dry_NBR2,0.03780429011601878,RF_rank_only,30,30,2024,5
S1_VHasc_p50,0.03765172841126947,RF_rank_only,30,30,2024,6
S2_dry_B11,0.035945624287782474,RF_rank_only,30,30,2024,7
S1_VVasc_p50,0.03458672098277433,RF_rank_only,30,30,2024,8
S2_wet_GNDVI,0.03342570797713061,RF_rank_only,30,30,2024,9
L89_dry_NBR2,0.03302125412543721,RF_rank_only,30,30,2024,10
S2_wet_NDWI,0.0323916584469913,RF_rank_only,30,30,2024,11
L89_dry_Red,0.032389334955476794,RF_rank_only,30,30,2024,12
L89_dry_BSI,0.031737209659439596,RF_rank_only,30,30,2024,13
S2_dry_B12,0.03164127440103658,RF_rank_only,30,30,2024,14
L89_dry_Green,0.03147909960805319,RF_rank_only,30,30,2024,15
S2_dry_B2,0.03147670644185243,RF_rank_only,30,30,2024,16
S2_dry_B8,0.030784992817258494,RF_rank_only,30,30,2024,17
S2_dry_B7,0.030773197285516304,RF_rank_only,30,30,2024,18
S2_dry_B6,0.030600938923786715,RF_rank_only,30,30,2024,19
L89_dry_NBR,0.03013816054230803,RF_rank_only,30,30,2024,20
S2_dry_NDWI,0.03002653996170778,RF_rank_only,30,30,2024,21
S2_wet_NBR,0.029991807324408336,RF_rank_only,30,30,2024,22
L89_dry_SWIR2,0.02894186474307747,RF_rank_only,30,30,2024,23
S2_dry_NDI,0.028508282025445347,RF_rank_only,30,30,2024,24
L89_dry_NDMI,0.027003958365060976,RF_rank_only,30,30,2024,25
L89_dry_SWIR1,0.026884138628871183,RF_rank_only,30,30,2024,26
L89_dry_Blue,0.026483656044020275,RF_rank_only,30,30,2024,27
S2_dry_B3,0.02635419003446564,RF_rank_only,30,30,2024,28
L89_dry_SWIR2_p75,0.025237975589825077,RF_rank_only,30,30,2024,29
S2_dry_MTCI,0.021196266190610918,RF_rank_only,30,30,2024,30
S2_dry_CVI,0.056194095884588645,RF_rank_only,30,30,2025,1
S2_wet_NBR2,0.05037757607551864,RF_rank_only,30,30,2025,2
DEM_elevation,0.050055248931904536,RF_rank_only,30,30,2025,3
S2_dry_MNDWI,0.04887300247960274,RF_rank_only,30,30,2025,4
S1_VHasc_p50,0.037012159574499895,RF_rank_only,30,30,2025,5
S1_VVasc_p50,0.03692080700552435,RF_rank_only,30,30,2025,6
S2_dry_NBR2,0.03616261492435053,RF_rank_only,30,30,2025,7
S2_dry_B11,0.03496172939177975,RF_rank_only,30,30,2025,8
L89_dry_NBR2,0.03342485578867331,RF_rank_only,30,30,2025,9
S2_dry_B2,0.032853009098730526,RF_rank_only,30,30,2025,10
S2_wet_NDWI,0.032255754612853335,RF_rank_only,30,30,2025,11
S2_dry_B6,0.0317964701271506,RF_rank_only,30,30,2025,12
L89_dry_BSI,0.03164348707889808,RF_rank_only,30,30,2025,13
S2_dry_B12,0.03151999580576842,RF_rank_only,30,30,2025,14
S2_dry_B8,0.03130703862648475,RF_rank_only,30,30,2025,15
S2_wet_GNDVI,0.03101391808954312,RF_rank_only,30,30,2025,16
L89_dry_Green,0.030729693180688078,RF_rank_only,30,30,2025,17
L89_dry_NBR,0.03039951484882178,RF_rank_only,30,30,2025,18
L89_dry_Red,0.03025118255818241,RF_rank_only,30,30,2025,19
S2_dry_B7,0.029902631147505628,RF_rank_only,30,30,2025,20
S2_wet_NBR,0.029755201448439062,RF_rank_only,30,30,2025,21
S2_dry_NDI,0.029641723983816908,RF_rank_only,30,30,2025,22
S2_dry_NDWI,0.02954371087822511,RF_rank_only,30,30,2025,23
L89_dry_SWIR2,0.028773715592302025,RF_rank_only,30,30,2025,24
L89_dry_NDMI,0.0271850935685777,RF_rank_only,30,30,2025,25
L89_dry_Blue,0.02700366357442708,RF_rank_only,30,30,2025,26
L89_dry_SWIR1,0.026928900168914006,RF_rank_only,30,30,2025,27
S2_dry_B3,0.026672987785643504,RF_rank_only,30,30,2025,28
L89_dry_SWIR2_p75,0.025907447045797543,RF_rank_only,30,30,2025,29
S2_dry_MTCI,0.020932770722787923,RF_rank_only,30,30,2025,30
S2_dry_CVI,0.05505539572432676,RF_rank_only,30,30,2026,1
S2_dry_MNDWI,0.049749536726014155,RF_rank_only,30,30,2026,2
S2_wet_NBR2,0.04964195462352107,RF_rank_only,30,30,2026,3
DEM_elevation,0.04902532558279875,RF_rank_only,30,30,2026,4
S2_dry_NBR2,0.038725568892255174,RF_rank_only,30,30,2026,5
S1_VHasc_p50,0.03784545847086854,RF_rank_only,30,30,2026,6
S1_VVasc_p50,0.03578253462304936,RF_rank_only,30,30,2026,7
S2_dry_B11,0.03494261281617183,RF_rank_only,30,30,2026,8
S2_wet_GNDVI,0.03336744783151853,RF_rank_only,30,30,2026,9
S2_dry_B12,0.032202532314811426,RF_rank_only,30,30,2026,10
S2_dry_B8,0.03201971668990192,RF_rank_only,30,30,2026,11
S2_wet_NDWI,0.032007173949130885,RF_rank_only,30,30,2026,12
L89_dry_NBR2,0.03183890154253162,RF_rank_only,30,30,2026,13
S2_dry_B6,0.0316201351906384,RF_rank_only,30,30,2026,14
L89_dry_BSI,0.03130658936091972,RF_rank_only,30,30,2026,15
S2_wet_NBR,0.030743337772002596,RF_rank_only,30,30,2026,16
L89_dry_NBR,0.030429503543861532,RF_rank_only,30,30,2026,17
L89_dry_Green,0.03042546042418352,RF_rank_only,30,30,2026,18
S2_dry_B2,0.030331034704352305,RF_rank_only,30,30,2026,19
L89_dry_Red,0.030311639083603993,RF_rank_only,30,30,2026,20
S2_dry_B7,0.030218533069945337,RF_rank_only,30,30,2026,21
S2_dry_NDWI,0.02903375458825161,RF_rank_only,30,30,2026,22
L89_dry_SWIR2,0.02895474628067559,RF_rank_only,30,30,2026,23
S2_dry_B3,0.02838673614372722,RF_rank_only,30,30,2026,24
S2_dry_NDI,0.02788286869162163,RF_rank_only,30,30,2026,25
L89_dry_Blue,0.027687066281996006,RF_rank_only,30,30,2026,26
L89_dry_SWIR1,0.027353341276081643,RF_rank_only,30,30,2026,27
L89_dry_NDMI,0.026860137841759817,RF_rank_only,30,30,2026,28
L89_dry_SWIR2_p75,0.025137033749820122,RF_rank_only,30,30,2026,29
S2_dry_MTCI,0.021113922209659054,RF_rank_only,30,30,2026,30
S2_dry_CVI,0.055762524573127095,RF_rank_only,30,30,2027,1
DEM_elevation,0.050463662404793795,RF_rank_only,30,30,2027,2
S2_wet_NBR2,0.047992763660934135,RF_rank_only,30,30,2027,3
S2_dry_MNDWI,0.047589897601563354,RF_rank_only,30,30,2027,4
S1_VHasc_p50,0.03842377788566182,RF_rank_only,30,30,2027,5
S2_dry_NBR2,0.037665862696099874,RF_rank_only,30,30,2027,6
S1_VVasc_p50,0.03573745565675288,RF_rank_only,30,30,2027,7
S2_dry_B11,0.035118992549989986,RF_rank_only,30,30,2027,8
S2_wet_GNDVI,0.03341081628751914,RF_rank_only,30,30,2027,9
L89_dry_NBR2,0.033350314537947505,RF_rank_only,30,30,2027,10
S2_wet_NDWI,0.03326544065540092,RF_rank_only,30,30,2027,11
S2_dry_B6,0.032793434496006406,RF_rank_only,30,30,2027,12
L89_dry_Red,0.03267180881674797,RF_rank_only,30,30,2027,13
S2_dry_B12,0.031260417693315674,RF_rank_only,30,30,2027,14
L89_dry_Green,0.03125165175264274,RF_rank_only,30,30,2027,15
L89_dry_BSI,0.031108988263477286,RF_rank_only,30,30,2027,16
S2_dry_B8,0.03105142371549953,RF_rank_only,30,30,2027,17
S2_dry_B2,0.030892288117238674,RF_rank_only,30,30,2027,18
S2_wet_NBR,0.030220836766535922,RF_rank_only,30,30,2027,19
L89_dry_NBR,0.03011211014027724,RF_rank_only,30,30,2027,20
S2_dry_B7,0.029673720830361638,RF_rank_only,30,30,2027,21
L89_dry_SWIR2,0.029624529041215514,RF_rank_only,30,30,2027,22
S2_dry_NDWI,0.028736195908570857,RF_rank_only,30,30,2027,23
S2_dry_NDI,0.028079507078508106,RF_rank_only,30,30,2027,24
L89_dry_Blue,0.02734224651910572,RF_rank_only,30,30,2027,25
L89_dry_SWIR1,0.027213325152453016,RF_rank_only,30,30,2027,26
S2_dry_B3,0.02667305114583951,RF_rank_only,30,30,2027,27
L89_dry_NDMI,0.02663504211498899,RF_rank_only,30,30,2027,28
L89_dry_SWIR2_p75,0.025523742952495578,RF_rank_only,30,30,2027,29
S2_dry_MTCI,0.020354170984929015,RF_rank_only,30,30,2027,30
S2_dry_CVI,0.05486363740716434,RF_rank_only,30,30,2028,1
DEM_elevation,0.04957028771728192,RF_rank_only,30,30,2028,2
S2_wet_NBR2,0.04887693696402684,RF_rank_only,30,30,2028,3
S2_dry_MNDWI,0.048132110699125374,RF_rank_only,30,30,2028,4
S1_VHasc_p50,0.03780224824992794,RF_rank_only,30,30,2028,5
S2_dry_NBR2,0.03778310826609995,RF_rank_only,30,30,2028,6
S2_dry_B11,0.0359274190764863,RF_rank_only,30,30,2028,7
S1_VVasc_p50,0.03570742801484294,RF_rank_only,30,30,2028,8
S2_wet_GNDVI,0.03465656371147045,RF_rank_only,30,30,2028,9
L89_dry_NBR2,0.034365970493083785,RF_rank_only,30,30,2028,10
S2_wet_NDWI,0.03252519752928647,RF_rank_only,30,30,2028,11
S2_dry_B8,0.03198814154874699,RF_rank_only,30,30,2028,12
L89_dry_BSI,0.031561542132896594,RF_rank_only,30,30,2028,13
S2_dry_B2,0.03144747839799503,RF_rank_only,30,30,2028,14
S2_dry_B12,0.031217212168967858,RF_rank_only,30,30,2028,15
L89_dry_Green,0.030960636989090982,RF_rank_only,30,30,2028,16
S2_dry_B6,0.03080454883416994,RF_rank_only,30,30,2028,17
L89_dry_Red,0.03065888685004229,RF_rank_only,30,30,2028,18
S2_wet_NBR,0.030364766250470018,RF_rank_only,30,30,2028,19
L89_dry_NBR,0.03012923285791715,RF_rank_only,30,30,2028,20
S2_dry_B7,0.02950821442137501,RF_rank_only,30,30,2028,21
S2_dry_NDWI,0.0288507946739581,RF_rank_only,30,30,2028,22
S2_dry_NDI,0.02854602021156133,RF_rank_only,30,30,2028,23
L89_dry_SWIR2,0.028246045324036365,RF_rank_only,30,30,2028,24
L89_dry_SWIR1,0.027525437212608573,RF_rank_only,30,30,2028,25
L89_dry_NDMI,0.027460387863419262,RF_rank_only,30,30,2028,26
S2_dry_B3,0.027232562575596884,RF_rank_only,30,30,2028,27
L89_dry_Blue,0.026086118151752716,RF_rank_only,30,30,2028,28
L89_dry_SWIR2_p75,0.025558482944970578,RF_rank_only,30,30,2028,29
S2_dry_MTCI,0.021642582461628257,RF_rank_only,30,30,2028,30
S2_dry_CVI,0.05161910332781975,RF_rank_only,35,35,2024,1
DEM_elevation,0.04414313043763788,RF_rank_only,35,35,2024,2
S2_dry_MNDWI,0.04293766295737664,RF_rank_only,35,35,2024,3
S2_wet_NBR2,0.042319804283822406,RF_rank_only,35,35,2024,4
S1_VHasc_p50,0.034693523946250734,RF_rank_only,35,35,2024,5
S2_dry_B11,0.03226625338022121,RF_rank_only,35,35,2024,6
S1_VVasc_p50,0.03137153774591463,RF_rank_only,35,35,2024,7
S2_dry_NBR2,0.030918273398708875,RF_rank_only,35,35,2024,8
S2_wet_NDWI,0.03043385859341255,RF_rank_only,35,35,2024,9
S2_wet_GNDVI,0.029350549742606532,RF_rank_only,35,35,2024,10
S2_dry_B2,0.028542369514597515,RF_rank_only,35,35,2024,11
S2_dry_B12,0.02825953371747443,RF_rank_only,35,35,2024,12
L89_dry_Green,0.0281092153983696,RF_rank_only,35,35,2024,13
S2_wet_NBR,0.027846466043569516,RF_rank_only,35,35,2024,14
L89_dry_Red,0.027838054722326012,RF_rank_only,35,35,2024,15
S2_dry_B8,0.027438801871328834,RF_rank_only,35,35,2024,16
S2_dry_B6,0.02694790338360849,RF_rank_only,35,35,2024,17
S2_wet_B12,0.02691067010397308,RF_rank_only,35,35,2024,18
L89_dry_NBR2,0.02637595553634597,RF_rank_only,35,35,2024,19
L89_dry_SWIR2,0.026006657836910717,RF_rank_only,35,35,2024,20
L89_dry_NDVI,0.025628990430070664,RF_rank_only,35,35,2024,21
L89_dry_Blue,0.025618069856071887,RF_rank_only,35,35,2024,22
L89_dry_NBR,0.025596487575909252,RF_rank_only,35,35,2024,23
S2_dry_B7,0.024843144743902562,RF_rank_only,35,35,2024,24
L89_dry_SWIR1,0.024800413901518617,RF_rank_only,35,35,2024,25
S2_dry_NDI,0.024547886048539264,RF_rank_only,35,35,2024,26
L89_dry_BSI,0.0243999509747343,RF_rank_only,35,35,2024,27
S2_dry_B3,0.02439605427187791,RF_rank_only,35,35,2024,28
L89_dry_SWIR2_p75,0.02426828370167003,RF_rank_only,35,35,2024,29
S2_dry_NDWI,0.023540120609294425,RF_rank_only,35,35,2024,30
L89_dry_MSI,0.02352490475086383,RF_rank_only,35,35,2024,31
S2_dry_GNDVI,0.02280349394894758,RF_rank_only,35,35,2024,32
S2_dry_SR,0.021881756457184404,RF_rank_only,35,35,2024,33
L89_dry_NDMI,0.021579811603166438,RF_rank_only,35,35,2024,34
S2_dry_MTCI,0.018241305183973232,RF_rank_only,35,35,2024,35
S2_dry_CVI,0.049648124955229925,RF_rank_only,35,35,2025,1
DEM_elevation,0.044853897307742904,RF_rank_only,35,35,2025,2
S2_dry_MNDWI,0.043031683931303716,RF_rank_only,35,35,2025,3
S2_wet_NBR2,0.04270554931720831,RF_rank_only,35,35,2025,4
S1_VHasc_p50,0.03375405457068903,RF_rank_only,35,35,2025,5
S2_dry_B11,0.03330061493848016,RF_rank_only,35,35,2025,6
S2_dry_NBR2,0.03232071306165065,RF_rank_only,35,35,2025,7
S1_VVasc_p50,0.031451324345046446,RF_rank_only,35,35,2025,8
S2_wet_GNDVI,0.0299106411524369,RF_rank_only,35,35,2025,9
S2_wet_NDWI,0.029571185888392547,RF_rank_only,35,35,2025,10
S2_dry_B2,0.02883993862868558,RF_rank_only,35,35,2025,11
S2_dry_B12,0.0287775646428239,RF_rank_only,35,35,2025,12
S2_dry_B6,0.02860830737845277,RF_rank_only,35,35,2025,13
S2_dry_B8,0.028485324025828537,RF_rank_only,35,35,2025,14
L89_dry_Green,0.028479186782616402,RF_rank_only,35,35,2025,15
L89_dry_Red,0.02839509707405052,RF_rank_only,35,35,2025,16
L89_dry_NBR2,0.027599179859755858,RF_rank_only,35,35,2025,17
S2_wet_NBR,0.02753223437527941,RF_rank_only,35,35,2025,18
L89_dry_SWIR1,0.02587665356119194,RF_rank_only,35,35,2025,19
S2_dry_B3,0.025484769272236623,RF_rank_only,35,35,2025,20
S2_wet_B12,0.025386832704697715,RF_rank_only,35,35,2025,21
L89_dry_NDVI,0.02497895323887796,RF_rank_only,35,35,2025,22
L89_dry_SWIR2_p75,0.024611702781304742,RF_rank_only,35,35,2025,23
S2_dry_B7,0.024536464384167636,RF_rank_only,35,35,2025,24
L89_dry_BSI,0.024489704278250164,RF_rank_only,35,35,2025,25
L89_dry_Blue,0.02443137270211954,RF_rank_only,35,35,2025,26
L89_dry_SWIR2,0.02425870943531215,RF_rank_only,35,35,2025,27
S2_dry_NDI,0.023926859041427048,RF_rank_only,35,35,2025,28
L89_dry_NBR,0.023779800534423332,RF_rank_only,35,35,2025,29
S2_dry_NDWI,0.02319432661727858,RF_rank_only,35,35,2025,30
S2_dry_GNDVI,0.022922231954145195,RF_rank_only,35,35,2025,31
L89_dry_MSI,0.02233631140670161,RF_rank_only,35,35,2025,32
L89_dry_NDMI,0.022286780937704045,RF_rank_only,35,35,2025,33
S2_dry_SR,0.02227909265695538,RF_rank_only,35,35,2025,34
S2_dry_MTCI,0.01795481225753281,RF_rank_only,35,35,2025,35
S2_dry_CVI,0.05040053222128391,RF_rank_only,35,35,2026,1
DEM_elevation,0.045672542675356705,RF_rank_only,35,35,2026,2
S2_dry_MNDWI,0.043437259494410116,RF_rank_only,35,35,2026,3
S2_wet_NBR2,0.04266184348311781,RF_rank_only,35,35,2026,4
S1_VHasc_p50,0.03372478362961348,RF_rank_only,35,35,2026,5
S2_dry_NBR2,0.032790955836379976,RF_rank_only,35,35,2026,6
S1_VVasc_p50,0.03245369625529865,RF_rank_only,35,35,2026,7
S2_dry_B11,0.03100094597857371,RF_rank_only,35,35,2026,8
S2_wet_NDWI,0.030642814049470134,RF_rank_only,35,35,2026,9
S2_wet_GNDVI,0.029390411591169133,RF_rank_only,35,35,2026,10
S2_dry_B12,0.028491838051843663,RF_rank_only,35,35,2026,11
L89_dry_Green,0.028370908485719253,RF_rank_only,35,35,2026,12
S2_dry_B8,0.028323765308654044,RF_rank_only,35,35,2026,13
S2_dry_B2,0.02818863212055024,RF_rank_only,35,35,2026,14
L89_dry_Red,0.02814036652996474,RF_rank_only,35,35,2026,15
S2_wet_NBR,0.02783753711981486,RF_rank_only,35,35,2026,16
L89_dry_SWIR2,0.027447173049111276,RF_rank_only,35,35,2026,17
L89_dry_NBR2,0.027163910530058254,RF_rank_only,35,35,2026,18
S2_dry_B6,0.026360298707470507,RF_rank_only,35,35,2026,19
L89_dry_NDVI,0.025720757301541216,RF_rank_only,35,35,2026,20
S2_wet_B12,0.025620030885638096,RF_rank_only,35,35,2026,21
S2_dry_B3,0.02558073408031569,RF_rank_only,35,35,2026,22
L89_dry_BSI,0.025089198877542487,RF_rank_only,35,35,2026,23
L89_dry_SWIR1,0.024557454463511957,RF_rank_only,35,35,2026,24
S2_dry_B7,0.024527024242491206,RF_rank_only,35,35,2026,25
L89_dry_SWIR2_p75,0.024164538536285578,RF_rank_only,35,35,2026,26
L89_dry_Blue,0.02411462378738523,RF_rank_only,35,35,2026,27
S2_dry_NDI,0.02375662661002871,RF_rank_only,35,35,2026,28
S2_dry_NDWI,0.023746409640585917,RF_rank_only,35,35,2026,29
L89_dry_NBR,0.023127924447772834,RF_rank_only,35,35,2026,30
S2_dry_GNDVI,0.023025727561764627,RF_rank_only,35,35,2026,31
L89_dry_MSI,0.02250463782940528,RF_rank_only,35,35,2026,32
L89_dry_NDMI,0.022246131468014494,RF_rank_only,35,35,2026,33
S2_dry_SR,0.02212850170595781,RF_rank_only,35,35,2026,34
S2_dry_MTCI,0.017589463443898414,RF_rank_only,35,35,2026,35
S2_dry_CVI,0.04885755611425312,RF_rank_only,35,35,2027,1
DEM_elevation,0.04484032172104751,RF_rank_only,35,35,2027,2
S2_wet_NBR2,0.04378324925247389,RF_rank_only,35,35,2027,3
S2_dry_MNDWI,0.043205608564593115,RF_rank_only,35,35,2027,4
S1_VHasc_p50,0.035100837862316,RF_rank_only,35,35,2027,5
S2_dry_NBR2,0.03263470904761978,RF_rank_only,35,35,2027,6
S2_dry_B11,0.031977700794619104,RF_rank_only,35,35,2027,7
S1_VVasc_p50,0.03161977660055633,RF_rank_only,35,35,2027,8
S2_wet_NDWI,0.030962960114567725,RF_rank_only,35,35,2027,9
S2_wet_GNDVI,0.029842904875823906,RF_rank_only,35,35,2027,10
S2_dry_B2,0.0296428410916128,RF_rank_only,35,35,2027,11
L89_dry_NBR2,0.02870238407836531,RF_rank_only,35,35,2027,12
L89_dry_Green,0.028591252140318876,RF_rank_only,35,35,2027,13
S2_dry_B8,0.028410866053637244,RF_rank_only,35,35,2027,14
S2_wet_NBR,0.027780795891136675,RF_rank_only,35,35,2027,15
S2_dry_B12,0.027023528160269986,RF_rank_only,35,35,2027,16
L89_dry_Red,0.026394625465692028,RF_rank_only,35,35,2027,17
L89_dry_SWIR2,0.02633270368095233,RF_rank_only,35,35,2027,18
S2_dry_B6,0.026291166750441238,RF_rank_only,35,35,2027,19
L89_dry_SWIR1,0.02591505295093789,RF_rank_only,35,35,2027,20
L89_dry_BSI,0.02499796058959486,RF_rank_only,35,35,2027,21
S2_wet_B12,0.024992670830594876,RF_rank_only,35,35,2027,22
S2_dry_B3,0.02491959316223088,RF_rank_only,35,35,2027,23
S2_dry_NDI,0.024855799469224213,RF_rank_only,35,35,2027,24
L89_dry_NBR,0.02480993286366108,RF_rank_only,35,35,2027,25
S2_dry_B7,0.024677293423566816,RF_rank_only,35,35,2027,26
L89_dry_NDVI,0.024609049765956386,RF_rank_only,35,35,2027,27
S2_dry_GNDVI,0.0242066918259626,RF_rank_only,35,35,2027,28
L89_dry_SWIR2_p75,0.02408447607583401,RF_rank_only,35,35,2027,29
L89_dry_Blue,0.023863319861692257,RF_rank_only,35,35,2027,30
S2_dry_NDWI,0.022863661746734713,RF_rank_only,35,35,2027,31
L89_dry_MSI,0.022698740777490657,RF_rank_only,35,35,2027,32
L89_dry_NDMI,0.021617888959467674,RF_rank_only,35,35,2027,33
S2_dry_SR,0.020883922616195316,RF_rank_only,35,35,2027,34
S2_dry_MTCI,0.01800815682055876,RF_rank_only,35,35,2027,35
S2_dry_CVI,0.04910842397327946,RF_rank_only,35,35,2028,1
DEM_elevation,0.04472012894389543,RF_rank_only,35,35,2028,2
S2_wet_NBR2,0.043698550287385736,RF_rank_only,35,35,2028,3
S2_dry_MNDWI,0.0415421458565044,RF_rank_only,35,35,2028,4
S1_VHasc_p50,0.03484953010342009,RF_rank_only,35,35,2028,5
S2_dry_NBR2,0.03283732254467528,RF_rank_only,35,35,2028,6
S2_dry_B11,0.03217982293330572,RF_rank_only,35,35,2028,7
S1_VVasc_p50,0.0318292198928522,RF_rank_only,35,35,2028,8
S2_wet_NDWI,0.0302666598590799,RF_rank_only,35,35,2028,9
S2_dry_B2,0.029119591148148483,RF_rank_only,35,35,2028,10
S2_wet_GNDVI,0.029078717307893485,RF_rank_only,35,35,2028,11
L89_dry_Green,0.02906292341984041,RF_rank_only,35,35,2028,12
S2_dry_B8,0.02824748121447818,RF_rank_only,35,35,2028,13
S2_dry_B12,0.027905726038412862,RF_rank_only,35,35,2028,14
S2_wet_NBR,0.027788540163615726,RF_rank_only,35,35,2028,15
S2_dry_B6,0.02771865258084291,RF_rank_only,35,35,2028,16
L89_dry_Red,0.027532825752832495,RF_rank_only,35,35,2028,17
L89_dry_NBR2,0.02712097510589113,RF_rank_only,35,35,2028,18
L89_dry_SWIR2,0.026128657888357158,RF_rank_only,35,35,2028,19
S2_wet_B12,0.025732895086642064,RF_rank_only,35,35,2028,20
L89_dry_SWIR1,0.025592744093947788,RF_rank_only,35,35,2028,21
L89_dry_NDVI,0.025199507236496794,RF_rank_only,35,35,2028,22
S2_dry_GNDVI,0.025115467517662707,RF_rank_only,35,35,2028,23
L89_dry_SWIR2_p75,0.025093618293652916,RF_rank_only,35,35,2028,24
S2_dry_B3,0.024929893341830656,RF_rank_only,35,35,2028,25
S2_dry_NDI,0.024591038061536202,RF_rank_only,35,35,2028,26
S2_dry_NDWI,0.024490104181323632,RF_rank_only,35,35,2028,27
L89_dry_BSI,0.024202014073233667,RF_rank_only,35,35,2028,28
L89_dry_Blue,0.02393665007998808,RF_rank_only,35,35,2028,29
L89_dry_NBR,0.023854489930020536,RF_rank_only,35,35,2028,30
S2_dry_B7,0.023539610846207037,RF_rank_only,35,35,2028,31
L89_dry_NDMI,0.021847095253403684,RF_rank_only,35,35,2028,32
L89_dry_MSI,0.02167242890911922,RF_rank_only,35,35,2028,33
S2_dry_SR,0.021068836155960998,RF_rank_only,35,35,2028,34
S2_dry_MTCI,0.018397711924262917,RF_rank_only,35,35,2028,35
S2_dry_CVI,0.04430498818888637,RF_rank_only,40,40,2024,1
DEM_elevation,0.039569887361757004,RF_rank_only,40,40,2024,2
S2_dry_MNDWI,0.03937935943683557,RF_rank_only,40,40,2024,3
S2_wet_NBR2,0.036702330625284225,RF_rank_only,40,40,2024,4
S1_VHasc_p50,0.031599690537195003,RF_rank_only,40,40,2024,5
S2_dry_B11,0.02946251890141131,RF_rank_only,40,40,2024,6
S1_VVasc_p50,0.029002778262479104,RF_rank_only,40,40,2024,7
S2_dry_B2,0.02791978219144674,RF_rank_only,40,40,2024,8
L89_wet_NBR2,0.02706779345441855,RF_rank_only,40,40,2024,9
S2_dry_NBR2,0.02702531413949936,RF_rank_only,40,40,2024,10
S2_wet_NDWI,0.02632282410122222,RF_rank_only,40,40,2024,11
S2_dry_B12,0.02593127856043673,RF_rank_only,40,40,2024,12
L89_dry_Green,0.025629276522243952,RF_rank_only,40,40,2024,13
S2_wet_GNDVI,0.025518651574949626,RF_rank_only,40,40,2024,14
L89_dry_Red,0.02498039210938466,RF_rank_only,40,40,2024,15
L89_dry_SWIR2,0.02443556956945245,RF_rank_only,40,40,2024,16
L89_dry_NDVI,0.024179799400146154,RF_rank_only,40,40,2024,17
S2_dry_B6,0.02408585492942291,RF_rank_only,40,40,2024,18
S2_wet_NBR,0.023771623275272928,RF_rank_only,40,40,2024,19
L89_dry_NBR2,0.023334470753234412,RF_rank_only,40,40,2024,20
S2_dry_B8,0.023329138038479028,RF_rank_only,40,40,2024,21
S2_dry_B3,0.02305413604066483,RF_rank_only,40,40,2024,22
L89_dry_BSI,0.02300446929167374,RF_rank_only,40,40,2024,23
L89_dry_Blue,0.02258480454338629,RF_rank_only,40,40,2024,24
L89_dry_SWIR1,0.022068230957220693,RF_rank_only,40,40,2024,25
S2_wet_B12,0.022040346569215757,RF_rank_only,40,40,2024,26
S2_dry_GNDVI,0.021997608043057632,RF_rank_only,40,40,2024,27
L89_dry_NIR,0.021996921299418215,RF_rank_only,40,40,2024,28
S2_dry_NDWI,0.021847664169784994,RF_rank_only,40,40,2024,29
L89_dry_NBR,0.021761787389097776,RF_rank_only,40,40,2024,30
S2_dry_NDI,0.021629629434007657,RF_rank_only,40,40,2024,31
S2_dry_B7,0.021563046929706505,RF_rank_only,40,40,2024,32
L89_dry_SWIR2_p75,0.021422511020108552,RF_rank_only,40,40,2024,33
S2_wet_CVI,0.020455597348195072,RF_rank_only,40,40,2024,34
L89_dry_MSI,0.020357769187005235,RF_rank_only,40,40,2024,35
L89_dry_NDMI,0.020276015580560827,RF_rank_only,40,40,2024,36
S2_dry_MSR,0.019512834782855655,RF_rank_only,40,40,2024,37
S2_dry_SR,0.01840446445841393,RF_rank_only,40,40,2024,38
S2_dry_MTCI,0.016588746300497496,RF_rank_only,40,40,2024,39
S2_wet_B11,0.015880094721670898,RF_rank_only,40,40,2024,40
S2_dry_CVI,0.04497857101044168,RF_rank_only,40,40,2025,1
DEM_elevation,0.03981710572960789,RF_rank_only,40,40,2025,2
S2_wet_NBR2,0.038781908100887615,RF_rank_only,40,40,2025,3
S2_dry_MNDWI,0.03806401922432208,RF_rank_only,40,40,2025,4
S1_VHasc_p50,0.03163900933666681,RF_rank_only,40,40,2025,5
S2_dry_B11,0.029825808311319986,RF_rank_only,40,40,2025,6
S1_VVasc_p50,0.028577376126345144,RF_rank_only,40,40,2025,7
S2_dry_NBR2,0.02798410785030327,RF_rank_only,40,40,2025,8
S2_wet_NDWI,0.027022940183389535,RF_rank_only,40,40,2025,9
S2_dry_B2,0.026913987832058797,RF_rank_only,40,40,2025,10
L89_wet_NBR2,0.02629051417111017,RF_rank_only,40,40,2025,11
S2_wet_GNDVI,0.026271090433023617,RF_rank_only,40,40,2025,12
L89_dry_Green,0.025404781110671033,RF_rank_only,40,40,2025,13
L89_dry_Red,0.025096873465494187,RF_rank_only,40,40,2025,14
S2_dry_B12,0.02483948916825889,RF_rank_only,40,40,2025,15
L89_dry_SWIR2,0.02450959513767445,RF_rank_only,40,40,2025,16
S2_dry_B6,0.024390107154861368,RF_rank_only,40,40,2025,17
S2_dry_B3,0.024061951803333186,RF_rank_only,40,40,2025,18
L89_dry_NBR2,0.02403798627229946,RF_rank_only,40,40,2025,19
S2_dry_B8,0.023813947796448326,RF_rank_only,40,40,2025,20
L89_dry_NDVI,0.02343615758200811,RF_rank_only,40,40,2025,21
L89_dry_SWIR1,0.023173158844097864,RF_rank_only,40,40,2025,22
S2_wet_NBR,0.023126476424276503,RF_rank_only,40,40,2025,23
L89_dry_BSI,0.022665916646053854,RF_rank_only,40,40,2025,24
L89_dry_Blue,0.022620877027389696,RF_rank_only,40,40,2025,25
L89_dry_NIR,0.022106797216613013,RF_rank_only,40,40,2025,26
L89_dry_NBR,0.021918192648729035,RF_rank_only,40,40,2025,27
S2_dry_B7,0.021748232964320713,RF_rank_only,40,40,2025,28
L89_dry_MSI,0.02164301565136969,RF_rank_only,40,40,2025,29
S2_dry_NDWI,0.021493645877555093,RF_rank_only,40,40,2025,30
L89_dry_SWIR2_p75,0.021449532410362657,RF_rank_only,40,40,2025,31
S2_wet_B12,0.021165003357143962,RF_rank_only,40,40,2025,32
L89_dry_NDMI,0.021032325055067358,RF_rank_only,40,40,2025,33
S2_dry_NDI,0.021031666948671434,RF_rank_only,40,40,2025,34
S2_dry_GNDVI,0.020070459332141972,RF_rank_only,40,40,2025,35
S2_wet_CVI,0.019787851384598352,RF_rank_only,40,40,2025,36
S2_dry_MSR,0.019123802796448337,RF_rank_only,40,40,2025,37
S2_dry_SR,0.017740126822286366,RF_rank_only,40,40,2025,38
S2_dry_MTCI,0.016471511721729032,RF_rank_only,40,40,2025,39
S2_wet_B11,0.0158740790706195,RF_rank_only,40,40,2025,40
S2_dry_CVI,0.04580656407392429,RF_rank_only,40,40,2026,1
S2_dry_MNDWI,0.04050163212072361,RF_rank_only,40,40,2026,2
DEM_elevation,0.04013897349488665,RF_rank_only,40,40,2026,3
S2_wet_NBR2,0.0395145733965918,RF_rank_only,40,40,2026,4
S1_VHasc_p50,0.032798298957669406,RF_rank_only,40,40,2026,5
S2_dry_B11,0.02900790719158925,RF_rank_only,40,40,2026,6
S1_VVasc_p50,0.02850313160503857,RF_rank_only,40,40,2026,7
S2_dry_NBR2,0.028482368292537266,RF_rank_only,40,40,2026,8
S2_dry_B2,0.02679863755890424,RF_rank_only,40,40,2026,9
S2_wet_GNDVI,0.025945786923727465,RF_rank_only,40,40,2026,10
L89_wet_NBR2,0.02583367352936161,RF_rank_only,40,40,2026,11
S2_dry_B12,0.025330089517095866,RF_rank_only,40,40,2026,12
L89_dry_Green,0.025255152767326504,RF_rank_only,40,40,2026,13
S2_wet_NDWI,0.02492521484665144,RF_rank_only,40,40,2026,14
L89_dry_Red,0.02437106040096896,RF_rank_only,40,40,2026,15
S2_dry_B6,0.024220085784300332,RF_rank_only,40,40,2026,16
L89_dry_SWIR2,0.02348714747280606,RF_rank_only,40,40,2026,17
S2_wet_NBR,0.023454640304177637,RF_rank_only,40,40,2026,18
L89_dry_SWIR1,0.02337546063485788,RF_rank_only,40,40,2026,19
L89_dry_NBR2,0.023368254670924803,RF_rank_only,40,40,2026,20
S2_dry_B8,0.02316024182521863,RF_rank_only,40,40,2026,21
L89_dry_NDVI,0.023090958132124542,RF_rank_only,40,40,2026,22
L89_dry_NBR,0.023015848516829255,RF_rank_only,40,40,2026,23
L89_dry_NIR,0.022531577900975312,RF_rank_only,40,40,2026,24
S2_dry_B3,0.02238898269587202,RF_rank_only,40,40,2026,25
L89_dry_Blue,0.02236806533861028,RF_rank_only,40,40,2026,26
S2_wet_B12,0.022203547582142054,RF_rank_only,40,40,2026,27
L89_dry_SWIR2_p75,0.02219004284576289,RF_rank_only,40,40,2026,28
L89_dry_BSI,0.021852135358817117,RF_rank_only,40,40,2026,29
S2_dry_GNDVI,0.02183290769162506,RF_rank_only,40,40,2026,30
S2_dry_B7,0.02160256820556258,RF_rank_only,40,40,2026,31
S2_dry_NDI,0.021536710277107168,RF_rank_only,40,40,2026,32
L89_dry_MSI,0.02106842055479318,RF_rank_only,40,40,2026,33
L89_dry_NDMI,0.020661412249138002,RF_rank_only,40,40,2026,34
S2_wet_CVI,0.02055498986567126,RF_rank_only,40,40,2026,35
S2_dry_NDWI,0.01996451547111957,RF_rank_only,40,40,2026,36
S2_dry_SR,0.019195077038420907,RF_rank_only,40,40,2026,37
S2_dry_MSR,0.018839230966333644,RF_rank_only,40,40,2026,38
S2_dry_MTCI,0.015434312686315631,RF_rank_only,40,40,2026,39
S2_wet_B11,0.015389801253497357,RF_rank_only,40,40,2026,40
S2_dry_CVI,0.044809551764420086,RF_rank_only,40,40,2027,1
DEM_elevation,0.040158331537714864,RF_rank_only,40,40,2027,2
S2_dry_MNDWI,0.03943845021032354,RF_rank_only,40,40,2027,3
S2_wet_NBR2,0.03642042561565856,RF_rank_only,40,40,2027,4
S1_VHasc_p50,0.031294149149726044,RF_rank_only,40,40,2027,5
S1_VVasc_p50,0.029336605223073093,RF_rank_only,40,40,2027,6
S2_dry_NBR2,0.02849809559409957,RF_rank_only,40,40,2027,7
S2_dry_B11,0.028217665213506535,RF_rank_only,40,40,2027,8
L89_wet_NBR2,0.026609077725953025,RF_rank_only,40,40,2027,9
L89_dry_Green,0.026476554459437078,RF_rank_only,40,40,2027,10
S2_wet_NDWI,0.02638247627528082,RF_rank_only,40,40,2027,11
S2_wet_GNDVI,0.026330552072325937,RF_rank_only,40,40,2027,12
S2_dry_B2,0.026133939675872547,RF_rank_only,40,40,2027,13
S2_dry_B12,0.025783207286422194,RF_rank_only,40,40,2027,14
S2_dry_B6,0.024576434275557547,RF_rank_only,40,40,2027,15
L89_dry_SWIR2,0.024558711787149197,RF_rank_only,40,40,2027,16
L89_dry_Red,0.024035642844579617,RF_rank_only,40,40,2027,17
S2_dry_B3,0.023280295758791265,RF_rank_only,40,40,2027,18
S2_dry_B8,0.023170825622094483,RF_rank_only,40,40,2027,19
L89_dry_SWIR1,0.023157852079043435,RF_rank_only,40,40,2027,20
L89_dry_SWIR2_p75,0.023072377784432177,RF_rank_only,40,40,2027,21
L89_dry_NBR2,0.022901331192028637,RF_rank_only,40,40,2027,22
L89_dry_BSI,0.022746272194105962,RF_rank_only,40,40,2027,23
L89_dry_Blue,0.022488548699865368,RF_rank_only,40,40,2027,24
S2_wet_B12,0.022465203544614596,RF_rank_only,40,40,2027,25
S2_dry_B7,0.02235499280434391,RF_rank_only,40,40,2027,26
S2_wet_NBR,0.022331114143045346,RF_rank_only,40,40,2027,27
S2_dry_GNDVI,0.022303849654496142,RF_rank_only,40,40,2027,28
L89_dry_NDVI,0.022109410855250804,RF_rank_only,40,40,2027,29
S2_dry_NDWI,0.02204195701534233,RF_rank_only,40,40,2027,30
L89_dry_NBR,0.021812755503831174,RF_rank_only,40,40,2027,31
S2_dry_NDI,0.02181252682401098,RF_rank_only,40,40,2027,32
L89_dry_NIR,0.021595372317605534,RF_rank_only,40,40,2027,33
L89_dry_MSI,0.021499910582677216,RF_rank_only,40,40,2027,34
L89_dry_NDMI,0.020919967816971228,RF_rank_only,40,40,2027,35
S2_wet_CVI,0.020132477490894266,RF_rank_only,40,40,2027,36
S2_dry_SR,0.019335374386865726,RF_rank_only,40,40,2027,37
S2_dry_MSR,0.01867698989548214,RF_rank_only,40,40,2027,38
S2_dry_MTCI,0.015994369768600955,RF_rank_only,40,40,2027,39
S2_wet_B11,0.01473635335450619,RF_rank_only,40,40,2027,40
S2_dry_CVI,0.04656552353876883,RF_rank_only,40,40,2028,1
DEM_elevation,0.039278956935740975,RF_rank_only,40,40,2028,2
S2_dry_MNDWI,0.03813987733043337,RF_rank_only,40,40,2028,3
S2_wet_NBR2,0.037443608606736865,RF_rank_only,40,40,2028,4
S1_VHasc_p50,0.0320689699165838,RF_rank_only,40,40,2028,5
S2_dry_B11,0.028795862946962507,RF_rank_only,40,40,2028,6
S2_dry_NBR2,0.028558095555304926,RF_rank_only,40,40,2028,7
S1_VVasc_p50,0.028257264156747976,RF_rank_only,40,40,2028,8
L89_wet_NBR2,0.027054644945411137,RF_rank_only,40,40,2028,9
S2_dry_B2,0.026772400965392715,RF_rank_only,40,40,2028,10
S2_wet_GNDVI,0.026298927554559946,RF_rank_only,40,40,2028,11
S2_wet_NDWI,0.026275513238470063,RF_rank_only,40,40,2028,12
L89_dry_Green,0.025168956109526307,RF_rank_only,40,40,2028,13
S2_dry_B12,0.024851816875091713,RF_rank_only,40,40,2028,14
L89_dry_Red,0.02458344832198695,RF_rank_only,40,40,2028,15
S2_dry_B8,0.024537817989322242,RF_rank_only,40,40,2028,16
S2_dry_B6,0.02436651106449469,RF_rank_only,40,40,2028,17
S2_dry_B3,0.024106041418641255,RF_rank_only,40,40,2028,18
L89_dry_SWIR2,0.024001088938069272,RF_rank_only,40,40,2028,19
S2_wet_NBR,0.023866720645180802,RF_rank_only,40,40,2028,20
L89_dry_NBR2,0.0236530453022803,RF_rank_only,40,40,2028,21
L89_dry_NDVI,0.02351030966056719,RF_rank_only,40,40,2028,22
L89_dry_BSI,0.02295663125274341,RF_rank_only,40,40,2028,23
L89_dry_Blue,0.02258830567401828,RF_rank_only,40,40,2028,24
L89_dry_NIR,0.022378028338278233,RF_rank_only,40,40,2028,25
L89_dry_SWIR1,0.022367516693740683,RF_rank_only,40,40,2028,26
S2_dry_NDI,0.022280029402629836,RF_rank_only,40,40,2028,27
L89_dry_SWIR2_p75,0.021870984357665296,RF_rank_only,40,40,2028,28
S2_wet_B12,0.02179919440984546,RF_rank_only,40,40,2028,29
S2_dry_B7,0.021724662324076445,RF_rank_only,40,40,2028,30
L89_dry_NBR,0.021576983378547663,RF_rank_only,40,40,2028,31
L89_dry_MSI,0.02126713847484995,RF_rank_only,40,40,2028,32
S2_dry_GNDVI,0.020989897712512275,RF_rank_only,40,40,2028,33
S2_dry_NDWI,0.020935872586756263,RF_rank_only,40,40,2028,34
L89_dry_NDMI,0.020775943102779533,RF_rank_only,40,40,2028,35
S2_wet_CVI,0.01993145880556362,RF_rank_only,40,40,2028,36
S2_dry_SR,0.019662011069581254,RF_rank_only,40,40,2028,37
S2_dry_MSR,0.017923665252830675,RF_rank_only,40,40,2028,38
S2_wet_B11,0.015914824250926152,RF_rank_only,40,40,2028,39
S2_dry_MTCI,0.014901450896381232,RF_rank_only,40,40,2028,40
S2_dry_CVI,0.08134310635289116,RF_Pearson,20,20,2024,1
S2_wet_NBR2,0.07429118211763167,RF_Pearson,20,20,2024,2
DEM_elevation,0.07056156735928687,RF_Pearson,20,20,2024,3
S2_dry_MNDWI,0.06529433703591635,RF_Pearson,20,20,2024,4
S2_dry_B11,0.05272461848264532,RF_Pearson,20,20,2024,5
S1_VHasc_p50,0.05251664975106478,RF_Pearson,20,20,2024,6
S2_dry_B2,0.052197653236188885,RF_Pearson,20,20,2024,7
L89_dry_Red,0.04970523349460658,RF_Pearson,20,20,2024,8
S1_VVasc_p50,0.049124362390443,RF_Pearson,20,20,2024,9
S2_wet_GNDVI,0.049032280869864144,RF_Pearson,20,20,2024,10
L89_dry_NBR2,0.046744263798903854,RF_Pearson,20,20,2024,11
S2_dry_B8,0.0454908234649107,RF_Pearson,20,20,2024,12
L89_dry_SWIR2_p75,0.04495774914448092,RF_Pearson,20,20,2024,13
L89_dry_NDVI,0.04286463581527825,RF_Pearson,20,20,2024,14
L89_dry_BSI,0.04167934130092398,RF_Pearson,20,20,2024,15
L89_dry_MSI,0.03975737738187056,RF_Pearson,20,20,2024,16
S2_dry_NDI,0.03911929841123007,RF_Pearson,20,20,2024,17
S2_dry_NDWI,0.03830528489418035,RF_Pearson,20,20,2024,18
S2_dry_SR,0.036487216328198395,RF_Pearson,20,20,2024,19
S2_dry_MTCI,0.02780301836948428,RF_Pearson,20,20,2024,20
S2_dry_CVI,0.08107731646544467,RF_Pearson,20,20,2025,1
S2_wet_NBR2,0.07406858386036966,RF_Pearson,20,20,2025,2
DEM_elevation,0.06986533238841883,RF_Pearson,20,20,2025,3
S2_dry_MNDWI,0.06513843428433437,RF_Pearson,20,20,2025,4
S2_dry_B11,0.05438806475051588,RF_Pearson,20,20,2025,5
S1_VHasc_p50,0.053037617199575865,RF_Pearson,20,20,2025,6
S2_dry_B2,0.05174600932225353,RF_Pearson,20,20,2025,7
S1_VVasc_p50,0.05077251254296711,RF_Pearson,20,20,2025,8
S2_wet_GNDVI,0.05004168475019243,RF_Pearson,20,20,2025,9
L89_dry_Red,0.04894387312373306,RF_Pearson,20,20,2025,10
L89_dry_NBR2,0.04732426791830855,RF_Pearson,20,20,2025,11
L89_dry_NDVI,0.04557219187519744,RF_Pearson,20,20,2025,12
S2_dry_B8,0.04393694847718363,RF_Pearson,20,20,2025,13
L89_dry_SWIR2_p75,0.04326245447185102,RF_Pearson,20,20,2025,14
L89_dry_BSI,0.04134364505733257,RF_Pearson,20,20,2025,15
L89_dry_MSI,0.040414918806021514,RF_Pearson,20,20,2025,16
S2_dry_NDI,0.03852417542070517,RF_Pearson,20,20,2025,17
S2_dry_NDWI,0.03753837950398759,RF_Pearson,20,20,2025,18
S2_dry_SR,0.036259223469511034,RF_Pearson,20,20,2025,19
S2_dry_MTCI,0.026744366312096066,RF_Pearson,20,20,2025,20
S2_dry_CVI,0.08004740668538819,RF_Pearson,20,20,2026,1
S2_wet_NBR2,0.07302894798801064,RF_Pearson,20,20,2026,2
DEM_elevation,0.07009675731929367,RF_Pearson,20,20,2026,3
S2_dry_MNDWI,0.0648130372875574,RF_Pearson,20,20,2026,4
S2_dry_B2,0.05367373162454334,RF_Pearson,20,20,2026,5
S2_dry_B11,0.05324955433066224,RF_Pearson,20,20,2026,6
S1_VHasc_p50,0.053036220269260616,RF_Pearson,20,20,2026,7
S1_VVasc_p50,0.050542965651842804,RF_Pearson,20,20,2026,8
S2_wet_GNDVI,0.049524243881777126,RF_Pearson,20,20,2026,9
L89_dry_NBR2,0.047903868216288156,RF_Pearson,20,20,2026,10
L89_dry_Red,0.047901507768172674,RF_Pearson,20,20,2026,11
L89_dry_SWIR2_p75,0.0462348721527501,RF_Pearson,20,20,2026,12
L89_dry_NDVI,0.04537068088293645,RF_Pearson,20,20,2026,13
S2_dry_B8,0.04502176948360112,RF_Pearson,20,20,2026,14
L89_dry_BSI,0.04282436410917615,RF_Pearson,20,20,2026,15
L89_dry_MSI,0.039309981688198825,RF_Pearson,20,20,2026,16
S2_dry_NDI,0.03769900115497799,RF_Pearson,20,20,2026,17
S2_dry_NDWI,0.0365309216488176,RF_Pearson,20,20,2026,18
S2_dry_SR,0.03534026290795489,RF_Pearson,20,20,2026,19
S2_dry_MTCI,0.02784990494879,RF_Pearson,20,20,2026,20
S2_dry_CVI,0.08069909233907949,RF_Pearson,20,20,2027,1
S2_wet_NBR2,0.07370737403992421,RF_Pearson,20,20,2027,2
DEM_elevation,0.07030652199028639,RF_Pearson,20,20,2027,3
S2_dry_MNDWI,0.06542921790101972,RF_Pearson,20,20,2027,4
S2_dry_B11,0.05533933733849109,RF_Pearson,20,20,2027,5
S1_VHasc_p50,0.054253545249714034,RF_Pearson,20,20,2027,6
S2_dry_B2,0.0525514237540457,RF_Pearson,20,20,2027,7
S2_wet_GNDVI,0.04938677836534352,RF_Pearson,20,20,2027,8
S1_VVasc_p50,0.04872988007617681,RF_Pearson,20,20,2027,9
L89_dry_Red,0.048402476671002545,RF_Pearson,20,20,2027,10
L89_dry_NBR2,0.046141699259838326,RF_Pearson,20,20,2027,11
L89_dry_SWIR2_p75,0.04511215143610548,RF_Pearson,20,20,2027,12
S2_dry_B8,0.04508842802963158,RF_Pearson,20,20,2027,13
L89_dry_NDVI,0.04434909952888211,RF_Pearson,20,20,2027,14
L89_dry_BSI,0.04304145462596344,RF_Pearson,20,20,2027,15
S2_dry_NDWI,0.03924954261971259,RF_Pearson,20,20,2027,16
L89_dry_MSI,0.0389535469493707,RF_Pearson,20,20,2027,17
S2_dry_NDI,0.03798251316102891,RF_Pearson,20,20,2027,18
S2_dry_SR,0.035178993491293664,RF_Pearson,20,20,2027,19
S2_dry_MTCI,0.026096923173089825,RF_Pearson,20,20,2027,20
S2_dry_CVI,0.08185012825635435,RF_Pearson,20,20,2028,1
S2_wet_NBR2,0.07301886814998874,RF_Pearson,20,20,2028,2
DEM_elevation,0.06823846913814954,RF_Pearson,20,20,2028,3
S2_dry_MNDWI,0.06563463672043339,RF_Pearson,20,20,2028,4
S1_VHasc_p50,0.05291130919896244,RF_Pearson,20,20,2028,5
S2_dry_B11,0.05279232960968488,RF_Pearson,20,20,2028,6
S2_dry_B2,0.05182599541865066,RF_Pearson,20,20,2028,7
S1_VVasc_p50,0.05033422676407357,RF_Pearson,20,20,2028,8
L89_dry_Red,0.0498006868047602,RF_Pearson,20,20,2028,9
S2_wet_GNDVI,0.048698828268500756,RF_Pearson,20,20,2028,10
S2_dry_B8,0.046359725768081186,RF_Pearson,20,20,2028,11
L89_dry_NDVI,0.04629064177747563,RF_Pearson,20,20,2028,12
L89_dry_SWIR2_p75,0.04512715088395443,RF_Pearson,20,20,2028,13
L89_dry_NBR2,0.04498195439642223,RF_Pearson,20,20,2028,14
L89_dry_BSI,0.04327340967844198,RF_Pearson,20,20,2028,15
L89_dry_MSI,0.040359892610232914,RF_Pearson,20,20,2028,16
S2_dry_NDWI,0.03988187582013958,RF_Pearson,20,20,2028,17
S2_dry_NDI,0.039285783499357615,RF_Pearson,20,20,2028,18
S2_dry_SR,0.0325468102715757,RF_Pearson,20,20,2028,19
S2_dry_MTCI,0.026787276964760198,RF_Pearson,20,20,2028,20
S2_dry_CVI,0.06668336418867281,RF_Pearson,25,25,2024,1
S2_dry_MNDWI,0.05778161700852854,RF_Pearson,25,25,2024,2
S2_wet_NBR2,0.056595777011292564,RF_Pearson,25,25,2024,3
DEM_elevation,0.05618125959898148,RF_Pearson,25,25,2024,4
S1_VHasc_p50,0.04737195250641625,RF_Pearson,25,25,2024,5
S2_dry_B11,0.046018875699204674,RF_Pearson,25,25,2024,6
S1_VVasc_p50,0.041865412735688584,RF_Pearson,25,25,2024,7
L89_dry_Red,0.04160737759283593,RF_Pearson,25,25,2024,8
S2_dry_B2,0.04137659441692253,RF_Pearson,25,25,2024,9
S2_dry_B8,0.03960764125824375,RF_Pearson,25,25,2024,10
S2_wet_GNDVI,0.03938034441787306,RF_Pearson,25,25,2024,11
L89_wet_NBR2,0.03931267583799024,RF_Pearson,25,25,2024,12
L89_dry_BSI,0.037731155206886566,RF_Pearson,25,25,2024,13
L89_dry_NBR2,0.03760701778078034,RF_Pearson,25,25,2024,14
L89_dry_SWIR2_p75,0.03736123868550962,RF_Pearson,25,25,2024,15
L89_dry_NDVI,0.03719679937152583,RF_Pearson,25,25,2024,16
L89_dry_MSI,0.036164387797124005,RF_Pearson,25,25,2024,17
S2_dry_NDWI,0.0361320933878867,RF_Pearson,25,25,2024,18
S2_wet_B12,0.03507804878828494,RF_Pearson,25,25,2024,19
S2_dry_NDI,0.03300277778458434,RF_Pearson,25,25,2024,20
S2_dry_SR,0.03157916720902311,RF_Pearson,25,25,2024,21
S2_dry_B5,0.028468911947392574,RF_Pearson,25,25,2024,22
S2_wet_CVI,0.02837541928517347,RF_Pearson,25,25,2024,23
S2_wet_B11,0.023875764883540283,RF_Pearson,25,25,2024,24
S2_dry_MTCI,0.023644325599637736,RF_Pearson,25,25,2024,25
S2_dry_CVI,0.06631049127616585,RF_Pearson,25,25,2025,1
DEM_elevation,0.05754364929643317,RF_Pearson,25,25,2025,2
S2_dry_MNDWI,0.0561633741661153,RF_Pearson,25,25,2025,3
S2_wet_NBR2,0.056049871239536024,RF_Pearson,25,25,2025,4
S1_VHasc_p50,0.04690866695560038,RF_Pearson,25,25,2025,5
S2_dry_B11,0.04576951449750857,RF_Pearson,25,25,2025,6
S1_VVasc_p50,0.04335006331513756,RF_Pearson,25,25,2025,7
S2_dry_B2,0.04193498013020128,RF_Pearson,25,25,2025,8
L89_dry_Red,0.04084087533822783,RF_Pearson,25,25,2025,9
S2_wet_GNDVI,0.039091637341468186,RF_Pearson,25,25,2025,10
L89_wet_NBR2,0.038870300886006744,RF_Pearson,25,25,2025,11
S2_dry_B8,0.03844564105131128,RF_Pearson,25,25,2025,12
L89_dry_BSI,0.03803098185838081,RF_Pearson,25,25,2025,13
L89_dry_NDVI,0.03757849017106112,RF_Pearson,25,25,2025,14
L89_dry_NBR2,0.03689930721113008,RF_Pearson,25,25,2025,15
L89_dry_SWIR2_p75,0.036846270287757936,RF_Pearson,25,25,2025,16
L89_dry_MSI,0.036599680385323234,RF_Pearson,25,25,2025,17
S2_dry_NDWI,0.03615197692439327,RF_Pearson,25,25,2025,18
S2_wet_B12,0.03517787679551371,RF_Pearson,25,25,2025,19
S2_dry_NDI,0.03428954797770819,RF_Pearson,25,25,2025,20
S2_dry_SR,0.03098041067875526,RF_Pearson,25,25,2025,21
S2_wet_CVI,0.02859887892372631,RF_Pearson,25,25,2025,22
S2_dry_B5,0.028222708594817947,RF_Pearson,25,25,2025,23
S2_dry_MTCI,0.025452701879669345,RF_Pearson,25,25,2025,24
S2_wet_B11,0.02389210281805055,RF_Pearson,25,25,2025,25
S2_dry_CVI,0.06541940203313652,RF_Pearson,25,25,2026,1
DEM_elevation,0.058297747553512386,RF_Pearson,25,25,2026,2
S2_wet_NBR2,0.058280720578559916,RF_Pearson,25,25,2026,3
S2_dry_MNDWI,0.05625766853015108,RF_Pearson,25,25,2026,4
S2_dry_B11,0.04598307727054928,RF_Pearson,25,25,2026,5
S1_VHasc_p50,0.04486845959443014,RF_Pearson,25,25,2026,6
S1_VVasc_p50,0.04158502685986423,RF_Pearson,25,25,2026,7
L89_dry_Red,0.041553155623222475,RF_Pearson,25,25,2026,8
S2_dry_B2,0.04140483481041185,RF_Pearson,25,25,2026,9
S2_wet_GNDVI,0.040433962340826274,RF_Pearson,25,25,2026,10
L89_wet_NBR2,0.03886392560227083,RF_Pearson,25,25,2026,11
S2_dry_B8,0.038794378251926435,RF_Pearson,25,25,2026,12
L89_dry_BSI,0.037780136647439524,RF_Pearson,25,25,2026,13
L89_dry_NDVI,0.03750705145926739,RF_Pearson,25,25,2026,14
L89_dry_NBR2,0.037289667796998584,RF_Pearson,25,25,2026,15
L89_dry_SWIR2_p75,0.03705840581553293,RF_Pearson,25,25,2026,16
S2_wet_B12,0.0353133618520416,RF_Pearson,25,25,2026,17
S2_dry_NDWI,0.034843534937955986,RF_Pearson,25,25,2026,18
L89_dry_MSI,0.03440258691860865,RF_Pearson,25,25,2026,19
S2_dry_NDI,0.03418267063938842,RF_Pearson,25,25,2026,20
S2_dry_SR,0.034046052698588694,RF_Pearson,25,25,2026,21
S2_wet_CVI,0.02872642899794575,RF_Pearson,25,25,2026,22
S2_dry_B5,0.02755650240193376,RF_Pearson,25,25,2026,23
S2_dry_MTCI,0.02532412931768237,RF_Pearson,25,25,2026,24
S2_wet_B11,0.024227111467754914,RF_Pearson,25,25,2026,25
S2_dry_CVI,0.06781727004926565,RF_Pearson,25,25,2027,1
DEM_elevation,0.05779407165527522,RF_Pearson,25,25,2027,2
S2_wet_NBR2,0.05613079293370904,RF_Pearson,25,25,2027,3
S2_dry_MNDWI,0.055270110501905785,RF_Pearson,25,25,2027,4
S2_dry_B11,0.04704947626785883,RF_Pearson,25,25,2027,5
S1_VHasc_p50,0.04585120593735664,RF_Pearson,25,25,2027,6
S1_VVasc_p50,0.04414473527600332,RF_Pearson,25,25,2027,7
S2_dry_B2,0.04340985477579461,RF_Pearson,25,25,2027,8
L89_dry_Red,0.04278976050812969,RF_Pearson,25,25,2027,9
L89_dry_NDVI,0.03930399649034213,RF_Pearson,25,25,2027,10
L89_wet_NBR2,0.03894268709331392,RF_Pearson,25,25,2027,11
S2_wet_GNDVI,0.038862891582322714,RF_Pearson,25,25,2027,12
S2_dry_B8,0.03874153188536926,RF_Pearson,25,25,2027,13
L89_dry_SWIR2_p75,0.03715360565000225,RF_Pearson,25,25,2027,14
L89_dry_NBR2,0.036718686227690533,RF_Pearson,25,25,2027,15
L89_dry_BSI,0.03566046262412472,RF_Pearson,25,25,2027,16
L89_dry_MSI,0.035373545626818784,RF_Pearson,25,25,2027,17
S2_wet_B12,0.03483206639442935,RF_Pearson,25,25,2027,18
S2_dry_NDWI,0.033836013493687055,RF_Pearson,25,25,2027,19
S2_dry_NDI,0.0334949129890776,RF_Pearson,25,25,2027,20
S2_dry_SR,0.03203757493149509,RF_Pearson,25,25,2027,21
S2_wet_CVI,0.02858228390987527,RF_Pearson,25,25,2027,22
S2_dry_B5,0.028574629390801395,RF_Pearson,25,25,2027,23
S2_dry_MTCI,0.024470303386252452,RF_Pearson,25,25,2027,24
S2_wet_B11,0.023157530419098828,RF_Pearson,25,25,2027,25
S2_dry_CVI,0.06866101047599452,RF_Pearson,25,25,2028,1
DEM_elevation,0.05828230363589194,RF_Pearson,25,25,2028,2
S2_dry_MNDWI,0.05795273879346301,RF_Pearson,25,25,2028,3
S2_wet_NBR2,0.05709560568986851,RF_Pearson,25,25,2028,4
S1_VHasc_p50,0.04636863235208976,RF_Pearson,25,25,2028,5
S2_dry_B11,0.045528688524240954,RF_Pearson,25,25,2028,6
S1_VVasc_p50,0.042603377199570976,RF_Pearson,25,25,2028,7
S2_dry_B2,0.04256975643238925,RF_Pearson,25,25,2028,8
L89_dry_Red,0.041997320591741855,RF_Pearson,25,25,2028,9
L89_dry_NDVI,0.03949414403706375,RF_Pearson,25,25,2028,10
S2_dry_B8,0.03848696961872714,RF_Pearson,25,25,2028,11
L89_wet_NBR2,0.03791670173275455,RF_Pearson,25,25,2028,12
S2_wet_GNDVI,0.03780892534900822,RF_Pearson,25,25,2028,13
L89_dry_BSI,0.037477455742791044,RF_Pearson,25,25,2028,14
L89_dry_NBR2,0.037053234813412404,RF_Pearson,25,25,2028,15
L89_dry_SWIR2_p75,0.03642249143111572,RF_Pearson,25,25,2028,16
L89_dry_MSI,0.03578248688576175,RF_Pearson,25,25,2028,17
S2_dry_NDWI,0.03470185411275166,RF_Pearson,25,25,2028,18
S2_wet_B12,0.03431007857550043,RF_Pearson,25,25,2028,19
S2_dry_NDI,0.03355683939667585,RF_Pearson,25,25,2028,20
S2_dry_SR,0.030438266896601597,RF_Pearson,25,25,2028,21
S2_dry_B5,0.02899193233040026,RF_Pearson,25,25,2028,22
S2_wet_CVI,0.02749479470821021,RF_Pearson,25,25,2028,23
S2_dry_MTCI,0.024598859091688713,RF_Pearson,25,25,2028,24
S2_wet_B11,0.02440553158228598,RF_Pearson,25,25,2028,25
S2_dry_CVI,0.05899828346265464,RF_Pearson,30,30,2024,1
DEM_elevation,0.05093734634965958,RF_Pearson,30,30,2024,2
S2_dry_MNDWI,0.0495316129825488,RF_Pearson,30,30,2024,3
S2_wet_NBR2,0.04825382553136365,RF_Pearson,30,30,2024,4
S1_VHasc_p50,0.04023511313202943,RF_Pearson,30,30,2024,5
S2_dry_B11,0.03987977672082378,RF_Pearson,30,30,2024,6
L89_dry_Red,0.03966394173887169,RF_Pearson,30,30,2024,7
S1_VVasc_p50,0.037128898747299965,RF_Pearson,30,30,2024,8
S2_dry_B8,0.03705542439622153,RF_Pearson,30,30,2024,9
S2_dry_B2,0.03697279347397343,RF_Pearson,30,30,2024,10
S2_wet_GNDVI,0.03485967461461693,RF_Pearson,30,30,2024,11
L89_dry_BSI,0.03430902238400941,RF_Pearson,30,30,2024,12
L89_dry_NBR2,0.03400590461040806,RF_Pearson,30,30,2024,13
L89_dry_SWIR2_p75,0.03344197197170257,RF_Pearson,30,30,2024,14
L89_wet_NBR2,0.03332595718951896,RF_Pearson,30,30,2024,15
L89_dry_NDVI,0.03299920495051322,RF_Pearson,30,30,2024,16
L89_dry_MSI,0.0326566201333391,RF_Pearson,30,30,2024,17
S2_dry_NDWI,0.030889941475039793,RF_Pearson,30,30,2024,18
S2_dry_NDI,0.030595426525015946,RF_Pearson,30,30,2024,19
S2_wet_B12,0.030271715980020875,RF_Pearson,30,30,2024,20
S2_dry_SR,0.02872028570667426,RF_Pearson,30,30,2024,21
S2_wet_CVI,0.02619504781438266,RF_Pearson,30,30,2024,22
S2_dry_B5,0.02599880468746209,RF_Pearson,30,30,2024,23
S2_wet_CI_RE,0.025729434733522186,RF_Pearson,30,30,2024,24
S2_wet_B6,0.02233408693199402,RF_Pearson,30,30,2024,25
S2_dry_NDMI,0.02165212948290692,RF_Pearson,30,30,2024,26
S2_wet_B11,0.0215206754784844,RF_Pearson,30,30,2024,27
L89_wet_SWIR2,0.021170084904854367,RF_Pearson,30,30,2024,28
S2_dry_MTCI,0.02107504525024148,RF_Pearson,30,30,2024,29
S2_wet_MTCI,0.019591948639846247,RF_Pearson,30,30,2024,30
S2_dry_CVI,0.05904033787131308,RF_Pearson,30,30,2025,1
DEM_elevation,0.05094242940294436,RF_Pearson,30,30,2025,2
S2_dry_MNDWI,0.05013969982631152,RF_Pearson,30,30,2025,3
S2_wet_NBR2,0.046746355382477026,RF_Pearson,30,30,2025,4
S1_VHasc_p50,0.041379969590646305,RF_Pearson,30,30,2025,5
S2_dry_B11,0.03916297887659201,RF_Pearson,30,30,2025,6
S1_VVasc_p50,0.03795923052545904,RF_Pearson,30,30,2025,7
S2_dry_B2,0.037877314450806734,RF_Pearson,30,30,2025,8
L89_dry_Red,0.037116622389911876,RF_Pearson,30,30,2025,9
S2_dry_B8,0.03437243354946787,RF_Pearson,30,30,2025,10
S2_wet_GNDVI,0.0339797186059886,RF_Pearson,30,30,2025,11
L89_dry_SWIR2_p75,0.033694427353229,RF_Pearson,30,30,2025,12
L89_dry_NBR2,0.03325268858235406,RF_Pearson,30,30,2025,13
L89_dry_NDVI,0.03314521411419751,RF_Pearson,30,30,2025,14
L89_wet_NBR2,0.03309368430289363,RF_Pearson,30,30,2025,15
L89_dry_BSI,0.03308824444988034,RF_Pearson,30,30,2025,16
L89_dry_MSI,0.0325750441649474,RF_Pearson,30,30,2025,17
S2_dry_NDWI,0.031894811225472504,RF_Pearson,30,30,2025,18
S2_dry_NDI,0.03129099937021464,RF_Pearson,30,30,2025,19
S2_wet_B12,0.030878663073839116,RF_Pearson,30,30,2025,20
S2_dry_SR,0.02964444811923304,RF_Pearson,30,30,2025,21
S2_wet_CI_RE,0.02747735826961139,RF_Pearson,30,30,2025,22
S2_wet_CVI,0.025757710719731965,RF_Pearson,30,30,2025,23
S2_dry_B5,0.025295103900361153,RF_Pearson,30,30,2025,24
S2_dry_NDMI,0.02243946483596395,RF_Pearson,30,30,2025,25
S2_dry_MTCI,0.02210999144235849,RF_Pearson,30,30,2025,26
S2_wet_B6,0.022064679914654543,RF_Pearson,30,30,2025,27
S2_wet_B11,0.022028410313673075,RF_Pearson,30,30,2025,28
L89_wet_SWIR2,0.02084885693608104,RF_Pearson,30,30,2025,29
S2_wet_MTCI,0.020703108439384835,RF_Pearson,30,30,2025,30
S2_dry_CVI,0.057737136969760475,RF_Pearson,30,30,2026,1
S2_dry_MNDWI,0.05060480542601371,RF_Pearson,30,30,2026,2
DEM_elevation,0.04936076026271027,RF_Pearson,30,30,2026,3
S2_wet_NBR2,0.048664908039824796,RF_Pearson,30,30,2026,4
S1_VHasc_p50,0.039990728092064914,RF_Pearson,30,30,2026,5
S2_dry_B11,0.039764603533746945,RF_Pearson,30,30,2026,6
S2_dry_B2,0.038274152964411404,RF_Pearson,30,30,2026,7
L89_dry_Red,0.03787746077234899,RF_Pearson,30,30,2026,8
S1_VVasc_p50,0.03783639946251617,RF_Pearson,30,30,2026,9
S2_dry_B8,0.036975609225663175,RF_Pearson,30,30,2026,10
L89_dry_NDVI,0.03450509618445232,RF_Pearson,30,30,2026,11
S2_wet_GNDVI,0.0342270096406106,RF_Pearson,30,30,2026,12
L89_wet_NBR2,0.03397890966353519,RF_Pearson,30,30,2026,13
L89_dry_SWIR2_p75,0.03354207465304609,RF_Pearson,30,30,2026,14
L89_dry_NBR2,0.033459717940720154,RF_Pearson,30,30,2026,15
L89_dry_BSI,0.032879143315277186,RF_Pearson,30,30,2026,16
S2_dry_NDWI,0.03207827566620262,RF_Pearson,30,30,2026,17
L89_dry_MSI,0.03203100206555245,RF_Pearson,30,30,2026,18
S2_wet_B12,0.031040621980693028,RF_Pearson,30,30,2026,19
S2_dry_NDI,0.030633529788278033,RF_Pearson,30,30,2026,20
S2_dry_SR,0.028674606250046315,RF_Pearson,30,30,2026,21
S2_wet_CI_RE,0.026512614981762217,RF_Pearson,30,30,2026,22
S2_wet_CVI,0.02599133817692526,RF_Pearson,30,30,2026,23
S2_dry_B5,0.025879254019548693,RF_Pearson,30,30,2026,24
S2_wet_B6,0.02200859984114433,RF_Pearson,30,30,2026,25
S2_dry_NDMI,0.021918342667341818,RF_Pearson,30,30,2026,26
L89_wet_SWIR2,0.02121099441060016,RF_Pearson,30,30,2026,27
S2_wet_MTCI,0.021167107192022343,RF_Pearson,30,30,2026,28
S2_dry_MTCI,0.020860479225184612,RF_Pearson,30,30,2026,29
S2_wet_B11,0.02031471758799579,RF_Pearson,30,30,2026,30
S2_dry_CVI,0.057269175671863085,RF_Pearson,30,30,2027,1
DEM_elevation,0.050992352645280736,RF_Pearson,30,30,2027,2
S2_wet_NBR2,0.04857735438716008,RF_Pearson,30,30,2027,3
S2_dry_MNDWI,0.048059575384351,RF_Pearson,30,30,2027,4
S1_VHasc_p50,0.04151258790876471,RF_Pearson,30,30,2027,5
S2_dry_B11,0.04081232717463223,RF_Pearson,30,30,2027,6
S2_dry_B2,0.03987929909037981,RF_Pearson,30,30,2027,7
L89_dry_Red,0.03823186095731804,RF_Pearson,30,30,2027,8
S1_VVasc_p50,0.03727538129418435,RF_Pearson,30,30,2027,9
S2_dry_B8,0.03633159297862754,RF_Pearson,30,30,2027,10
L89_dry_SWIR2_p75,0.034176800877248815,RF_Pearson,30,30,2027,11
L89_dry_NDVI,0.03402316068773489,RF_Pearson,30,30,2027,12
S2_wet_GNDVI,0.033729245478440764,RF_Pearson,30,30,2027,13
L89_dry_NBR2,0.03343893786588998,RF_Pearson,30,30,2027,14
L89_wet_NBR2,0.033289733244017496,RF_Pearson,30,30,2027,15
L89_dry_BSI,0.03325447853127917,RF_Pearson,30,30,2027,16
L89_dry_MSI,0.03153696564289224,RF_Pearson,30,30,2027,17
S2_wet_B12,0.03070857274057941,RF_Pearson,30,30,2027,18
S2_dry_SR,0.03027447746435856,RF_Pearson,30,30,2027,19
S2_dry_NDWI,0.029942798148483062,RF_Pearson,30,30,2027,20
S2_dry_NDI,0.029828607311457287,RF_Pearson,30,30,2027,21
S2_wet_CI_RE,0.027331969539744226,RF_Pearson,30,30,2027,22
S2_wet_CVI,0.026113553348142093,RF_Pearson,30,30,2027,23
S2_dry_B5,0.025302363270507684,RF_Pearson,30,30,2027,24
S2_dry_MTCI,0.02235349361191236,RF_Pearson,30,30,2027,25
S2_wet_B6,0.021454157587947185,RF_Pearson,30,30,2027,26
S2_dry_NDMI,0.021317974225738247,RF_Pearson,30,30,2027,27
S2_wet_MTCI,0.02120818660908278,RF_Pearson,30,30,2027,28
S2_wet_B11,0.02110817346536786,RF_Pearson,30,30,2027,29
L89_wet_SWIR2,0.020664842856614258,RF_Pearson,30,30,2027,30
S2_dry_CVI,0.05748707640240685,RF_Pearson,30,30,2028,1
DEM_elevation,0.05202199519857911,RF_Pearson,30,30,2028,2
S2_dry_MNDWI,0.049954293784140145,RF_Pearson,30,30,2028,3
S2_wet_NBR2,0.04825567875311103,RF_Pearson,30,30,2028,4
S2_dry_B11,0.041274753720928106,RF_Pearson,30,30,2028,5
S1_VHasc_p50,0.04080216666321644,RF_Pearson,30,30,2028,6
S2_dry_B2,0.039079215145799165,RF_Pearson,30,30,2028,7
L89_dry_Red,0.03778861630968733,RF_Pearson,30,30,2028,8
S1_VVasc_p50,0.03753205644453146,RF_Pearson,30,30,2028,9
S2_dry_B8,0.0355758516119248,RF_Pearson,30,30,2028,10
L89_dry_NDVI,0.03416104326569314,RF_Pearson,30,30,2028,11
L89_dry_BSI,0.034009175442062035,RF_Pearson,30,30,2028,12
L89_wet_NBR2,0.03373308553596589,RF_Pearson,30,30,2028,13
L89_dry_SWIR2_p75,0.03368949324318266,RF_Pearson,30,30,2028,14
S2_wet_GNDVI,0.03286119950463755,RF_Pearson,30,30,2028,15
L89_dry_NBR2,0.0321371489686075,RF_Pearson,30,30,2028,16
L89_dry_MSI,0.032104064071865744,RF_Pearson,30,30,2028,17
S2_dry_NDWI,0.03181625763623441,RF_Pearson,30,30,2028,18
S2_wet_B12,0.03156098680377515,RF_Pearson,30,30,2028,19
S2_dry_NDI,0.029603856877702315,RF_Pearson,30,30,2028,20
S2_dry_SR,0.029399574447383506,RF_Pearson,30,30,2028,21
S2_wet_CI_RE,0.026434515016977946,RF_Pearson,30,30,2028,22
S2_wet_CVI,0.025680980800381854,RF_Pearson,30,30,2028,23
S2_dry_B5,0.02523053440780813,RF_Pearson,30,30,2028,24
S2_wet_B6,0.022386713829257936,RF_Pearson,30,30,2028,25
S2_dry_MTCI,0.022304322623418384,RF_Pearson,30,30,2028,26
S2_wet_B11,0.021225554180819634,RF_Pearson,30,30,2028,27
L89_wet_SWIR2,0.020878476709736783,RF_Pearson,30,30,2028,28
S2_dry_NDMI,0.0207111109326113,RF_Pearson,30,30,2028,29
S2_wet_MTCI,0.020300201667553867,RF_Pearson,30,30,2028,30
S2_dry_CVI,0.052707774781645386,RF_Pearson,35,35,2024,1
S2_dry_MNDWI,0.04677632250711999,RF_Pearson,35,35,2024,2
DEM_elevation,0.0449007837645804,RF_Pearson,35,35,2024,3
S2_wet_NBR2,0.0414913776719739,RF_Pearson,35,35,2024,4
S2_dry_B11,0.0397634555045972,RF_Pearson,35,35,2024,5
S1_VHasc_p50,0.03694028033784248,RF_Pearson,35,35,2024,6
S1_VVasc_p50,0.03564980011172882,RF_Pearson,35,35,2024,7
S2_dry_B2,0.035042392347068026,RF_Pearson,35,35,2024,8
L89_dry_Red,0.033452620426624356,RF_Pearson,35,35,2024,9
S2_dry_B8,0.0326417084317885,RF_Pearson,35,35,2024,10
L89_dry_SWIR2_p75,0.031074241546759744,RF_Pearson,35,35,2024,11
L89_dry_BSI,0.030944740400060244,RF_Pearson,35,35,2024,12
L89_dry_MSI,0.030636518333304177,RF_Pearson,35,35,2024,13
S2_wet_GNDVI,0.030225939639597018,RF_Pearson,35,35,2024,14
S2_dry_NDWI,0.029949977705733488,RF_Pearson,35,35,2024,15
L89_dry_NBR2,0.029711727772467465,RF_Pearson,35,35,2024,16
L89_dry_NDVI,0.02918468463712425,RF_Pearson,35,35,2024,17
L89_wet_NBR2,0.0290787941105707,RF_Pearson,35,35,2024,18
S2_dry_NDI,0.02891727150666664,RF_Pearson,35,35,2024,19
S2_wet_B12,0.02740962241840822,RF_Pearson,35,35,2024,20
S2_dry_SR,0.026421429865757393,RF_Pearson,35,35,2024,21
S2_dry_B5,0.024314862952781218,RF_Pearson,35,35,2024,22
S2_wet_CVI,0.023851904341104846,RF_Pearson,35,35,2024,23
S2_wet_CI_RE,0.023046116515157915,RF_Pearson,35,35,2024,24
S2_dry_PSRI,0.021576471769626637,RF_Pearson,35,35,2024,25
S2_dry_NDMI,0.02084833996492818,RF_Pearson,35,35,2024,26
S2_dry_MTCI,0.02070622416541826,RF_Pearson,35,35,2024,27
S2_wet_B11,0.020058132399642964,RF_Pearson,35,35,2024,28
S2_wet_B6,0.019240082482539892,RF_Pearson,35,35,2024,29
S2_wet_MTCI,0.018668148350030545,RF_Pearson,35,35,2024,30
L89_wet_SWIR2,0.018627030402362087,RF_Pearson,35,35,2024,31
L89_wet_NDVI,0.018089603711048823,RF_Pearson,35,35,2024,32
S2_wet_NDI,0.016748421328314923,RF_Pearson,35,35,2024,33
DEM_slope,0.016348883334079866,RF_Pearson,35,35,2024,34
S2_wet_NDMI,0.01495431446154549,RF_Pearson,35,35,2024,35
S2_dry_CVI,0.05332474381130288,RF_Pearson,35,35,2025,1
DEM_elevation,0.045779151000752215,RF_Pearson,35,35,2025,2
S2_dry_MNDWI,0.045741900569256734,RF_Pearson,35,35,2025,3
S2_wet_NBR2,0.04188122277180106,RF_Pearson,35,35,2025,4
S2_dry_B11,0.03799983108754366,RF_Pearson,35,35,2025,5
S1_VHasc_p50,0.03721903668642252,RF_Pearson,35,35,2025,6
L89_dry_Red,0.03596624015446484,RF_Pearson,35,35,2025,7
S2_dry_B2,0.03570241184467567,RF_Pearson,35,35,2025,8
S1_VVasc_p50,0.03466026689093835,RF_Pearson,35,35,2025,9
S2_dry_B8,0.0322533114100257,RF_Pearson,35,35,2025,10
L89_dry_SWIR2_p75,0.03118629203518168,RF_Pearson,35,35,2025,11
L89_dry_NBR2,0.03086320026407815,RF_Pearson,35,35,2025,12
L89_dry_MSI,0.03064314903323149,RF_Pearson,35,35,2025,13
L89_dry_BSI,0.03013772227677511,RF_Pearson,35,35,2025,14
S2_wet_GNDVI,0.029886000055486087,RF_Pearson,35,35,2025,15
L89_dry_NDVI,0.02942637493102099,RF_Pearson,35,35,2025,16
S2_dry_NDWI,0.029151814121389744,RF_Pearson,35,35,2025,17
L89_wet_NBR2,0.02902755266601466,RF_Pearson,35,35,2025,18
S2_dry_NDI,0.02730241844780787,RF_Pearson,35,35,2025,19
S2_wet_B12,0.02728161233011225,RF_Pearson,35,35,2025,20
S2_dry_SR,0.025647378170909462,RF_Pearson,35,35,2025,21
S2_wet_CVI,0.025206214156545413,RF_Pearson,35,35,2025,22
S2_dry_B5,0.0246267143536393,RF_Pearson,35,35,2025,23
S2_wet_CI_RE,0.023822298732914107,RF_Pearson,35,35,2025,24
S2_dry_PSRI,0.021110526300980696,RF_Pearson,35,35,2025,25
S2_dry_NDMI,0.02084038799842031,RF_Pearson,35,35,2025,26
S2_wet_B11,0.020830986963157,RF_Pearson,35,35,2025,27
S2_dry_MTCI,0.020612352806574388,RF_Pearson,35,35,2025,28
S2_wet_B6,0.019460628670184204,RF_Pearson,35,35,2025,29
L89_wet_NDVI,0.019114488933207635,RF_Pearson,35,35,2025,30
L89_wet_SWIR2,0.01891890957186499,RF_Pearson,35,35,2025,31
DEM_slope,0.01697861958597301,RF_Pearson,35,35,2025,32
S2_wet_MTCI,0.016868766486699844,RF_Pearson,35,35,2025,33
S2_wet_NDI,0.01593891999980309,RF_Pearson,35,35,2025,34
S2_wet_NDMI,0.014588554880844894,RF_Pearson,35,35,2025,35
S2_dry_CVI,0.053600944058541586,RF_Pearson,35,35,2026,1
DEM_elevation,0.04566399968981606,RF_Pearson,35,35,2026,2
S2_dry_MNDWI,0.04564477893054076,RF_Pearson,35,35,2026,3
S2_wet_NBR2,0.040380711980499875,RF_Pearson,35,35,2026,4
S2_dry_B11,0.03795998273454493,RF_Pearson,35,35,2026,5
S1_VHasc_p50,0.03670189792032587,RF_Pearson,35,35,2026,6
S1_VVasc_p50,0.035727606605522495,RF_Pearson,35,35,2026,7
L89_dry_Red,0.035556049002255855,RF_Pearson,35,35,2026,8
S2_dry_B2,0.03479553700576095,RF_Pearson,35,35,2026,9
S2_dry_B8,0.032514397027738014,RF_Pearson,35,35,2026,10
S2_dry_NDWI,0.03136240230117441,RF_Pearson,35,35,2026,11
L89_dry_BSI,0.030959173323797672,RF_Pearson,35,35,2026,12
L89_dry_SWIR2_p75,0.030647572268457022,RF_Pearson,35,35,2026,13
S2_wet_GNDVI,0.03044520893850624,RF_Pearson,35,35,2026,14
L89_dry_NDVI,0.02942948145038116,RF_Pearson,35,35,2026,15
L89_dry_MSI,0.029284126379990626,RF_Pearson,35,35,2026,16
L89_wet_NBR2,0.02874988359490342,RF_Pearson,35,35,2026,17
L89_dry_NBR2,0.028639561769077875,RF_Pearson,35,35,2026,18
S2_wet_B12,0.028211253609624825,RF_Pearson,35,35,2026,19
S2_dry_NDI,0.027963137498912393,RF_Pearson,35,35,2026,20
S2_dry_SR,0.02559338827498916,RF_Pearson,35,35,2026,21
S2_wet_CVI,0.025311602529638762,RF_Pearson,35,35,2026,22
S2_wet_CI_RE,0.024721184688021487,RF_Pearson,35,35,2026,23
S2_dry_B5,0.02433177625765873,RF_Pearson,35,35,2026,24
S2_dry_PSRI,0.022118387603355685,RF_Pearson,35,35,2026,25
S2_dry_NDMI,0.020976250857700104,RF_Pearson,35,35,2026,26
S2_dry_MTCI,0.02032016123142694,RF_Pearson,35,35,2026,27
S2_wet_B11,0.01959207216710855,RF_Pearson,35,35,2026,28
S2_wet_B6,0.019133178656833987,RF_Pearson,35,35,2026,29
L89_wet_SWIR2,0.019110780886644946,RF_Pearson,35,35,2026,30
L89_wet_NDVI,0.018642193705531256,RF_Pearson,35,35,2026,31
DEM_slope,0.01747432585133951,RF_Pearson,35,35,2026,32
S2_wet_MTCI,0.01725384601702008,RF_Pearson,35,35,2026,33
S2_wet_NDI,0.015774040001530192,RF_Pearson,35,35,2026,34
S2_wet_NDMI,0.015409105180828688,RF_Pearson,35,35,2026,35
S2_dry_CVI,0.051696719083568356,RF_Pearson,35,35,2027,1
S2_dry_MNDWI,0.0475311944376088,RF_Pearson,35,35,2027,2
DEM_elevation,0.04547214219446596,RF_Pearson,35,35,2027,3
S2_wet_NBR2,0.04074447019417535,RF_Pearson,35,35,2027,4
S1_VHasc_p50,0.03778339440974454,RF_Pearson,35,35,2027,5
S2_dry_B11,0.037329750400471706,RF_Pearson,35,35,2027,6
S2_dry_B2,0.035470966462628255,RF_Pearson,35,35,2027,7
L89_dry_Red,0.03505286217506563,RF_Pearson,35,35,2027,8
S1_VVasc_p50,0.034657452117178134,RF_Pearson,35,35,2027,9
S2_dry_B8,0.03371872123434628,RF_Pearson,35,35,2027,10
L89_dry_SWIR2_p75,0.031023230238310107,RF_Pearson,35,35,2027,11
L89_dry_BSI,0.030529438866519373,RF_Pearson,35,35,2027,12
L89_dry_NDVI,0.030410485096787572,RF_Pearson,35,35,2027,13
S2_dry_NDWI,0.029918272670437788,RF_Pearson,35,35,2027,14
S2_wet_GNDVI,0.029699005946602793,RF_Pearson,35,35,2027,15
L89_dry_NBR2,0.029288828551033808,RF_Pearson,35,35,2027,16
L89_wet_NBR2,0.029168563378435142,RF_Pearson,35,35,2027,17
L89_dry_MSI,0.029048321943993975,RF_Pearson,35,35,2027,18
S2_dry_NDI,0.027893915610787582,RF_Pearson,35,35,2027,19
S2_wet_B12,0.02737981454945451,RF_Pearson,35,35,2027,20
S2_dry_SR,0.026007786455591937,RF_Pearson,35,35,2027,21
S2_wet_CVI,0.025428813501381178,RF_Pearson,35,35,2027,22
S2_dry_B5,0.023787487756855893,RF_Pearson,35,35,2027,23
S2_wet_CI_RE,0.02363612080543787,RF_Pearson,35,35,2027,24
S2_dry_PSRI,0.021522787284741617,RF_Pearson,35,35,2027,25
S2_dry_MTCI,0.0206241130286593,RF_Pearson,35,35,2027,26
S2_dry_NDMI,0.02048834346014341,RF_Pearson,35,35,2027,27
S2_wet_B6,0.02045881926108383,RF_Pearson,35,35,2027,28
S2_wet_B11,0.02015653031096219,RF_Pearson,35,35,2027,29
L89_wet_SWIR2,0.01913632635744164,RF_Pearson,35,35,2027,30
L89_wet_NDVI,0.0189491415163467,RF_Pearson,35,35,2027,31
S2_wet_MTCI,0.018580926691468845,RF_Pearson,35,35,2027,32
DEM_slope,0.016883622374145004,RF_Pearson,35,35,2027,33
S2_wet_NDI,0.015687447630833108,RF_Pearson,35,35,2027,34
S2_wet_NDMI,0.014834184003291749,RF_Pearson,35,35,2027,35
S2_dry_CVI,0.05127641797109661,RF_Pearson,35,35,2028,1
S2_dry_MNDWI,0.04538433108812191,RF_Pearson,35,35,2028,2
DEM_elevation,0.0448280697722461,RF_Pearson,35,35,2028,3
S2_wet_NBR2,0.04104263296065193,RF_Pearson,35,35,2028,4
S2_dry_B11,0.03862187587393911,RF_Pearson,35,35,2028,5
S1_VHasc_p50,0.03756173901171609,RF_Pearson,35,35,2028,6
S2_dry_B2,0.03529208918570678,RF_Pearson,35,35,2028,7
L89_dry_Red,0.03528089573822275,RF_Pearson,35,35,2028,8
S1_VVasc_p50,0.03516618340723573,RF_Pearson,35,35,2028,9
S2_dry_B8,0.032993661712958575,RF_Pearson,35,35,2028,10
L89_dry_SWIR2_p75,0.032312612790926,RF_Pearson,35,35,2028,11
L89_dry_BSI,0.031198192802466405,RF_Pearson,35,35,2028,12
S2_wet_GNDVI,0.03073297713786068,RF_Pearson,35,35,2028,13
S2_dry_NDWI,0.030507347121882727,RF_Pearson,35,35,2028,14
L89_dry_NDVI,0.030379426380552497,RF_Pearson,35,35,2028,15
L89_dry_NBR2,0.029552277098260017,RF_Pearson,35,35,2028,16
L89_wet_NBR2,0.029494991396733842,RF_Pearson,35,35,2028,17
L89_dry_MSI,0.02893797316864313,RF_Pearson,35,35,2028,18
S2_dry_NDI,0.02803678965792176,RF_Pearson,35,35,2028,19
S2_wet_B12,0.027233566830772268,RF_Pearson,35,35,2028,20
S2_dry_SR,0.02592784608923657,RF_Pearson,35,35,2028,21
S2_wet_CVI,0.02499134394901566,RF_Pearson,35,35,2028,22
S2_dry_B5,0.024215230453521985,RF_Pearson,35,35,2028,23
S2_wet_CI_RE,0.02413057614681287,RF_Pearson,35,35,2028,24
S2_dry_PSRI,0.02229116791620279,RF_Pearson,35,35,2028,25
S2_dry_MTCI,0.020797313480372163,RF_Pearson,35,35,2028,26
S2_dry_NDMI,0.020652836276630983,RF_Pearson,35,35,2028,27
S2_wet_B6,0.020066578556816612,RF_Pearson,35,35,2028,28
S2_wet_B11,0.01940059659479375,RF_Pearson,35,35,2028,29
L89_wet_SWIR2,0.018478284437292204,RF_Pearson,35,35,2028,30
L89_wet_NDVI,0.018306838627178794,RF_Pearson,35,35,2028,31
S2_wet_MTCI,0.018009282180615392,RF_Pearson,35,35,2028,32
DEM_slope,0.016105603752949605,RF_Pearson,35,35,2028,33
S2_wet_NDI,0.015445699613259764,RF_Pearson,35,35,2028,34
S2_wet_NDMI,0.015346750817385997,RF_Pearson,35,35,2028,35
S2_dry_CVI,0.04911393064872356,RF_Pearson,40,40,2024,1
DEM_elevation,0.04236472091602008,RF_Pearson,40,40,2024,2
S2_dry_MNDWI,0.04138362850468151,RF_Pearson,40,40,2024,3
S2_wet_NBR2,0.036556244988118686,RF_Pearson,40,40,2024,4
S1_VHasc_p50,0.03551329392476679,RF_Pearson,40,40,2024,5
S2_dry_B11,0.035139728696007275,RF_Pearson,40,40,2024,6
L89_dry_Red,0.03318881849330341,RF_Pearson,40,40,2024,7
S2_dry_B2,0.03211637931861979,RF_Pearson,40,40,2024,8
S1_VVasc_p50,0.0314636201402385,RF_Pearson,40,40,2024,9
S2_dry_B8,0.030498351367386354,RF_Pearson,40,40,2024,10
L89_dry_BSI,0.030171242930649104,RF_Pearson,40,40,2024,11
L89_dry_SWIR2_p75,0.029635127187432192,RF_Pearson,40,40,2024,12
L89_dry_NBR2,0.02887069852839818,RF_Pearson,40,40,2024,13
L89_dry_NDVI,0.028185024648046918,RF_Pearson,40,40,2024,14
S2_wet_GNDVI,0.028002319925373186,RF_Pearson,40,40,2024,15
L89_dry_MSI,0.027605847064561206,RF_Pearson,40,40,2024,16
S2_dry_NDWI,0.0268846484561397,RF_Pearson,40,40,2024,17
S2_dry_NDI,0.026137044535857617,RF_Pearson,40,40,2024,18
L89_wet_NBR2,0.02602419928684058,RF_Pearson,40,40,2024,19
S2_wet_B12,0.025986482604927367,RF_Pearson,40,40,2024,20
S2_dry_SR,0.0246804341364104,RF_Pearson,40,40,2024,21
S2_wet_CVI,0.023054144636979024,RF_Pearson,40,40,2024,22
S2_dry_B5,0.022445159163621446,RF_Pearson,40,40,2024,23
S2_dry_PSRI,0.021185946369598363,RF_Pearson,40,40,2024,24
S2_wet_CI_RE,0.021179162949645232,RF_Pearson,40,40,2024,25
S2_dry_NDMI,0.02019698629746005,RF_Pearson,40,40,2024,26
S2_wet_B11,0.020085522814793758,RF_Pearson,40,40,2024,27
S2_dry_MTCI,0.019147818795931394,RF_Pearson,40,40,2024,28
S2_wet_B6,0.018638860080100832,RF_Pearson,40,40,2024,29
L89_wet_SWIR2,0.01705795082559611,RF_Pearson,40,40,2024,30
S2_wet_MTCI,0.016998679661578742,RF_Pearson,40,40,2024,31
L89_wet_NDVI,0.016814957880941953,RF_Pearson,40,40,2024,32
S2_wet_B2,0.01562623715098825,RF_Pearson,40,40,2024,33
DEM_slope,0.015344806463014418,RF_Pearson,40,40,2024,34
S2_wet_B4,0.015150986549397479,RF_Pearson,40,40,2024,35
S2_wet_NDI,0.014121894138104716,RF_Pearson,40,40,2024,36
L89_wet_BSI,0.01408860324784025,RF_Pearson,40,40,2024,37
S2_wet_NDMI,0.01352969324002531,RF_Pearson,40,40,2024,38
S2_wet_B5,0.01301336988080956,RF_Pearson,40,40,2024,39
S1_VHdesc_p50,0.012797433551070776,RF_Pearson,40,40,2024,40
S2_dry_CVI,0.0475971354791762,RF_Pearson,40,40,2025,1
DEM_elevation,0.0420777409988013,RF_Pearson,40,40,2025,2
S2_dry_MNDWI,0.041220209895396376,RF_Pearson,40,40,2025,3
S2_wet_NBR2,0.03868298979051269,RF_Pearson,40,40,2025,4
S2_dry_B11,0.03575734188738767,RF_Pearson,40,40,2025,5
S1_VHasc_p50,0.034806560046152006,RF_Pearson,40,40,2025,6
L89_dry_Red,0.03289255153909209,RF_Pearson,40,40,2025,7
S2_dry_B2,0.032256450843351235,RF_Pearson,40,40,2025,8
S1_VVasc_p50,0.03182098546325667,RF_Pearson,40,40,2025,9
S2_dry_B8,0.030675725405013163,RF_Pearson,40,40,2025,10
L89_dry_NDVI,0.028950671877701922,RF_Pearson,40,40,2025,11
L89_dry_BSI,0.028871817896082435,RF_Pearson,40,40,2025,12
S2_dry_NDWI,0.028805685848248434,RF_Pearson,40,40,2025,13
L89_dry_MSI,0.028743051018090715,RF_Pearson,40,40,2025,14
L89_dry_SWIR2_p75,0.028411515956525146,RF_Pearson,40,40,2025,15
L89_dry_NBR2,0.027919825731116833,RF_Pearson,40,40,2025,16
S2_dry_NDI,0.027010576913438604,RF_Pearson,40,40,2025,17
S2_wet_GNDVI,0.02697585508699248,RF_Pearson,40,40,2025,18
L89_wet_NBR2,0.026350162475128523,RF_Pearson,40,40,2025,19
S2_wet_B12,0.025077124683363285,RF_Pearson,40,40,2025,20
S2_dry_SR,0.02470584025894574,RF_Pearson,40,40,2025,21
S2_wet_CVI,0.02247234967195562,RF_Pearson,40,40,2025,22
S2_dry_B5,0.022403893666004027,RF_Pearson,40,40,2025,23
S2_wet_CI_RE,0.021601615640881526,RF_Pearson,40,40,2025,24
S2_dry_PSRI,0.02109531501540737,RF_Pearson,40,40,2025,25
S2_wet_B11,0.020044329744809804,RF_Pearson,40,40,2025,26
S2_dry_MTCI,0.01965090137121945,RF_Pearson,40,40,2025,27
S2_dry_NDMI,0.019599421569376874,RF_Pearson,40,40,2025,28
L89_wet_SWIR2,0.0180719048022619,RF_Pearson,40,40,2025,29
S2_wet_B6,0.017796909416457653,RF_Pearson,40,40,2025,30
S2_wet_MTCI,0.017013180196663483,RF_Pearson,40,40,2025,31
L89_wet_NDVI,0.016371868674839866,RF_Pearson,40,40,2025,32
S2_wet_B2,0.01545931198593616,RF_Pearson,40,40,2025,33
DEM_slope,0.01506737327578077,RF_Pearson,40,40,2025,34
S2_wet_B4,0.01496722968113918,RF_Pearson,40,40,2025,35
S2_wet_NDI,0.014509760546906449,RF_Pearson,40,40,2025,36
S2_wet_NDMI,0.013801919465171343,RF_Pearson,40,40,2025,37
L89_wet_BSI,0.01378919439858989,RF_Pearson,40,40,2025,38
S1_VHdesc_p50,0.01366126671516145,RF_Pearson,40,40,2025,39
S2_wet_B5,0.013012435067663763,RF_Pearson,40,40,2025,40
S2_dry_CVI,0.0489407410351699,RF_Pearson,40,40,2026,1
S2_dry_MNDWI,0.0417617955572583,RF_Pearson,40,40,2026,2
DEM_elevation,0.04061904947254469,RF_Pearson,40,40,2026,3
S2_wet_NBR2,0.038808184035407034,RF_Pearson,40,40,2026,4
S2_dry_B11,0.03520375660921623,RF_Pearson,40,40,2026,5
S1_VHasc_p50,0.034689122504365344,RF_Pearson,40,40,2026,6
L89_dry_Red,0.03340969654601966,RF_Pearson,40,40,2026,7
S1_VVasc_p50,0.032167041166077534,RF_Pearson,40,40,2026,8
S2_dry_B2,0.03159833506192046,RF_Pearson,40,40,2026,9
S2_dry_B8,0.031061190794465437,RF_Pearson,40,40,2026,10
L89_dry_SWIR2_p75,0.03000700435993836,RF_Pearson,40,40,2026,11
L89_dry_NDVI,0.0289583941122623,RF_Pearson,40,40,2026,12
L89_dry_MSI,0.028600984395652312,RF_Pearson,40,40,2026,13
L89_dry_BSI,0.027958221784173093,RF_Pearson,40,40,2026,14
S2_wet_GNDVI,0.027693578682917358,RF_Pearson,40,40,2026,15
L89_wet_NBR2,0.027557699346304296,RF_Pearson,40,40,2026,16
S2_dry_NDWI,0.026996885242717983,RF_Pearson,40,40,2026,17
L89_dry_NBR2,0.026473985618493623,RF_Pearson,40,40,2026,18
S2_dry_NDI,0.026185327574601902,RF_Pearson,40,40,2026,19
S2_wet_B12,0.025339728613418554,RF_Pearson,40,40,2026,20
S2_dry_SR,0.02388376537375363,RF_Pearson,40,40,2026,21
S2_wet_CVI,0.023329336740863484,RF_Pearson,40,40,2026,22
S2_dry_B5,0.022923620933571823,RF_Pearson,40,40,2026,23
S2_wet_CI_RE,0.02216935856574206,RF_Pearson,40,40,2026,24
S2_dry_PSRI,0.020975430128374946,RF_Pearson,40,40,2026,25
S2_dry_NDMI,0.020551499686001493,RF_Pearson,40,40,2026,26
S2_dry_MTCI,0.01938021533279347,RF_Pearson,40,40,2026,27
S2_wet_B11,0.019273543504681367,RF_Pearson,40,40,2026,28
S2_wet_B6,0.018379191535220402,RF_Pearson,40,40,2026,29
L89_wet_SWIR2,0.017359276068071673,RF_Pearson,40,40,2026,30
S2_wet_MTCI,0.016854607344701806,RF_Pearson,40,40,2026,31
L89_wet_NDVI,0.01677317850713023,RF_Pearson,40,40,2026,32
S2_wet_B2,0.015219601274744043,RF_Pearson,40,40,2026,33
S2_wet_B4,0.015128198178884557,RF_Pearson,40,40,2026,34
DEM_slope,0.014562178772227102,RF_Pearson,40,40,2026,35
L89_wet_BSI,0.0144438556041545,RF_Pearson,40,40,2026,36
S1_VHdesc_p50,0.014078072113303055,RF_Pearson,40,40,2026,37
S2_wet_NDMI,0.013903365417906184,RF_Pearson,40,40,2026,38
S2_wet_NDI,0.013684654552483235,RF_Pearson,40,40,2026,39
S2_wet_B5,0.013096327852466592,RF_Pearson,40,40,2026,40
S2_dry_CVI,0.047873964932225635,RF_Pearson,40,40,2027,1
S2_dry_MNDWI,0.04210865717227036,RF_Pearson,40,40,2027,2
DEM_elevation,0.04203272913208302,RF_Pearson,40,40,2027,3
S2_wet_NBR2,0.036813812726376155,RF_Pearson,40,40,2027,4
S2_dry_B11,0.03579659872693865,RF_Pearson,40,40,2027,5
S1_VHasc_p50,0.03540309303379458,RF_Pearson,40,40,2027,6
S2_dry_B2,0.03239637587161845,RF_Pearson,40,40,2027,7
S1_VVasc_p50,0.03215432722870414,RF_Pearson,40,40,2027,8
L89_dry_Red,0.0312521222772643,RF_Pearson,40,40,2027,9
S2_dry_B8,0.03023959097619709,RF_Pearson,40,40,2027,10
L89_dry_BSI,0.0302201266362443,RF_Pearson,40,40,2027,11
L89_dry_SWIR2_p75,0.028947589460246052,RF_Pearson,40,40,2027,12
L89_dry_NDVI,0.028753797182243555,RF_Pearson,40,40,2027,13
S2_dry_NDI,0.027782509148967568,RF_Pearson,40,40,2027,14
L89_dry_MSI,0.02764581894698811,RF_Pearson,40,40,2027,15
S2_wet_GNDVI,0.02707440497634184,RF_Pearson,40,40,2027,16
S2_dry_NDWI,0.02686244795286473,RF_Pearson,40,40,2027,17
L89_dry_NBR2,0.026227154122664915,RF_Pearson,40,40,2027,18
L89_wet_NBR2,0.02620896156708844,RF_Pearson,40,40,2027,19
S2_dry_SR,0.02538817262293559,RF_Pearson,40,40,2027,20
S2_wet_B12,0.02535035243509263,RF_Pearson,40,40,2027,21
S2_wet_CVI,0.023912036581587092,RF_Pearson,40,40,2027,22
S2_dry_B5,0.021965027805271296,RF_Pearson,40,40,2027,23
S2_wet_CI_RE,0.02140848434863953,RF_Pearson,40,40,2027,24
S2_dry_PSRI,0.020901544077054583,RF_Pearson,40,40,2027,25
S2_dry_MTCI,0.019888464134834742,RF_Pearson,40,40,2027,26
S2_dry_NDMI,0.01974895060198566,RF_Pearson,40,40,2027,27
S2_wet_B11,0.019307508151934966,RF_Pearson,40,40,2027,28
S2_wet_B6,0.018238189349631766,RF_Pearson,40,40,2027,29
L89_wet_SWIR2,0.018029455168440737,RF_Pearson,40,40,2027,30
S2_wet_MTCI,0.01757292574001343,RF_Pearson,40,40,2027,31
L89_wet_NDVI,0.016447394616100675,RF_Pearson,40,40,2027,32
S2_wet_B4,0.016257084293808833,RF_Pearson,40,40,2027,33
DEM_slope,0.015774159134429852,RF_Pearson,40,40,2027,34
S2_wet_B2,0.015585552851449313,RF_Pearson,40,40,2027,35
S2_wet_NDI,0.014537955736215009,RF_Pearson,40,40,2027,36
S2_wet_NDMI,0.014146730957359535,RF_Pearson,40,40,2027,37
L89_wet_BSI,0.013838504477683916,RF_Pearson,40,40,2027,38
S1_VHdesc_p50,0.013331995131905677,RF_Pearson,40,40,2027,39
S2_wet_B5,0.012575429712503246,RF_Pearson,40,40,2027,40
S2_dry_CVI,0.04797868899202399,RF_Pearson,40,40,2028,1
S2_dry_MNDWI,0.04183710872214871,RF_Pearson,40,40,2028,2
DEM_elevation,0.04045154225362463,RF_Pearson,40,40,2028,3
S2_wet_NBR2,0.037129721841630776,RF_Pearson,40,40,2028,4
S1_VHasc_p50,0.036054670281329464,RF_Pearson,40,40,2028,5
S2_dry_B11,0.035150910007011656,RF_Pearson,40,40,2028,6
S2_dry_B2,0.03267554816292201,RF_Pearson,40,40,2028,7
S1_VVasc_p50,0.03243541866220727,RF_Pearson,40,40,2028,8
L89_dry_Red,0.03169632776289408,RF_Pearson,40,40,2028,9
S2_dry_B8,0.030117384731899108,RF_Pearson,40,40,2028,10
L89_dry_NDVI,0.029660031812316766,RF_Pearson,40,40,2028,11
L89_dry_SWIR2_p75,0.02921231353168916,RF_Pearson,40,40,2028,12
S2_dry_NDWI,0.028990690638992504,RF_Pearson,40,40,2028,13
L89_dry_BSI,0.028901528015072054,RF_Pearson,40,40,2028,14
L89_dry_MSI,0.02844431451076278,RF_Pearson,40,40,2028,15
S2_wet_GNDVI,0.027271232463273024,RF_Pearson,40,40,2028,16
L89_dry_NBR2,0.027046567814896925,RF_Pearson,40,40,2028,17
L89_wet_NBR2,0.026284019967293536,RF_Pearson,40,40,2028,18
S2_dry_NDI,0.026041479132075263,RF_Pearson,40,40,2028,19
S2_dry_SR,0.02525262514407964,RF_Pearson,40,40,2028,20
S2_wet_B12,0.024863813938311698,RF_Pearson,40,40,2028,21
S2_wet_CVI,0.024257233993989723,RF_Pearson,40,40,2028,22
S2_dry_B5,0.022079665498590258,RF_Pearson,40,40,2028,23
S2_dry_PSRI,0.021735202150623037,RF_Pearson,40,40,2028,24
S2_wet_CI_RE,0.021712540921360556,RF_Pearson,40,40,2028,25
S2_dry_MTCI,0.01983348090326493,RF_Pearson,40,40,2028,26
S2_dry_NDMI,0.019302445496237546,RF_Pearson,40,40,2028,27
S2_wet_B11,0.01873400414318483,RF_Pearson,40,40,2028,28
S2_wet_B6,0.017936736054781684,RF_Pearson,40,40,2028,29
L89_wet_SWIR2,0.017911514448894866,RF_Pearson,40,40,2028,30
L89_wet_NDVI,0.017192202269101772,RF_Pearson,40,40,2028,31
S2_wet_MTCI,0.01713761932942912,RF_Pearson,40,40,2028,32
S2_wet_B2,0.015720446958611328,RF_Pearson,40,40,2028,33
S2_wet_B4,0.015561612907665839,RF_Pearson,40,40,2028,34
DEM_slope,0.01503058641995463,RF_Pearson,40,40,2028,35
S2_wet_NDI,0.014805297064255755,RF_Pearson,40,40,2028,36
L89_wet_BSI,0.014346644532844755,RF_Pearson,40,40,2028,37
S2_wet_NDMI,0.01326881327688005,RF_Pearson,40,40,2028,38
S1_VHdesc_p50,0.013196712211240535,RF_Pearson,40,40,2028,39
S2_wet_B5,0.01274130303263386,RF_Pearson,40,40,2028,40
S2_dry_CVI,0.10637699421367304,RF_VIF10,20,15,2024,1
DEM_elevation,0.08816288093319677,RF_VIF10,20,15,2024,2
S2_dry_MNDWI,0.08531541048200365,RF_VIF10,20,15,2024,3
L89_dry_Red,0.0828646907715165,RF_VIF10,20,15,2024,4
S2_wet_NBR2,0.0796531854377805,RF_VIF10,20,15,2024,5
S2_dry_B11,0.07688765312920254,RF_VIF10,20,15,2024,6
L89_dry_NBR2,0.07032447061344067,RF_VIF10,20,15,2024,7
S1_VHasc_p50,0.06971880701936144,RF_VIF10,20,15,2024,8
S2_dry_B6,0.06383481194166295,RF_VIF10,20,15,2024,9
S1_VVasc_p50,0.0629791469053002,RF_VIF10,20,15,2024,10
S2_dry_SR,0.05827004727446143,RF_VIF10,20,15,2024,11
L89_wet_NBR,0.04453007216864252,RF_VIF10,20,15,2024,12
S2_wet_SR,0.040221116623418166,RF_VIF10,20,15,2024,13
S2_dry_MTCI,0.03670291988842236,RF_VIF10,20,15,2024,14
S2_wet_B4,0.03415779259791714,RF_VIF10,20,15,2024,15
S2_dry_CVI,0.1077328255860569,RF_VIF10,20,15,2025,1
DEM_elevation,0.0871190908520898,RF_VIF10,20,15,2025,2
S2_dry_MNDWI,0.08430330395666491,RF_VIF10,20,15,2025,3
L89_dry_Red,0.08097910495814918,RF_VIF10,20,15,2025,4
S2_wet_NBR2,0.08089821882652373,RF_VIF10,20,15,2025,5
S2_dry_B11,0.07584319689390248,RF_VIF10,20,15,2025,6
S1_VHasc_p50,0.06964811402249642,RF_VIF10,20,15,2025,7
L89_dry_NBR2,0.06942270785730412,RF_VIF10,20,15,2025,8
S1_VVasc_p50,0.06400637440648083,RF_VIF10,20,15,2025,9
S2_dry_B6,0.0639089350426892,RF_VIF10,20,15,2025,10
S2_dry_SR,0.06011097399433118,RF_VIF10,20,15,2025,11
L89_wet_NBR,0.04460707893775904,RF_VIF10,20,15,2025,12
S2_wet_SR,0.04013037825217907,RF_VIF10,20,15,2025,13
S2_dry_MTCI,0.0374564551585094,RF_VIF10,20,15,2025,14
S2_wet_B4,0.033833241254863804,RF_VIF10,20,15,2025,15
S2_dry_CVI,0.10537377606089057,RF_VIF10,20,15,2026,1
DEM_elevation,0.08883580959861605,RF_VIF10,20,15,2026,2
S2_dry_MNDWI,0.08593400549332632,RF_VIF10,20,15,2026,3
L89_dry_Red,0.08190740601429689,RF_VIF10,20,15,2026,4
S2_wet_NBR2,0.08046007855140737,RF_VIF10,20,15,2026,5
S2_dry_B11,0.0757791524763102,RF_VIF10,20,15,2026,6
L89_dry_NBR2,0.06995247868444406,RF_VIF10,20,15,2026,7
S1_VHasc_p50,0.06834644142986611,RF_VIF10,20,15,2026,8
S1_VVasc_p50,0.06360517412162983,RF_VIF10,20,15,2026,9
S2_dry_B6,0.06345311486975953,RF_VIF10,20,15,2026,10
S2_dry_SR,0.05726112842486297,RF_VIF10,20,15,2026,11
L89_wet_NBR,0.044449951637746336,RF_VIF10,20,15,2026,12
S2_wet_SR,0.040456708305499724,RF_VIF10,20,15,2026,13
S2_dry_MTCI,0.03906321042027522,RF_VIF10,20,15,2026,14
S2_wet_B4,0.03512156391106889,RF_VIF10,20,15,2026,15
S2_dry_CVI,0.10702123597533013,RF_VIF10,20,15,2027,1
DEM_elevation,0.08838773074542142,RF_VIF10,20,15,2027,2
S2_dry_MNDWI,0.08443568996654459,RF_VIF10,20,15,2027,3
S2_wet_NBR2,0.0822336697750807,RF_VIF10,20,15,2027,4
L89_dry_Red,0.0820438999873558,RF_VIF10,20,15,2027,5
S2_dry_B11,0.07539576198425992,RF_VIF10,20,15,2027,6
L89_dry_NBR2,0.06964910418815362,RF_VIF10,20,15,2027,7
S1_VHasc_p50,0.06886715667867785,RF_VIF10,20,15,2027,8
S1_VVasc_p50,0.0641050949492902,RF_VIF10,20,15,2027,9
S2_dry_B6,0.06213722768844358,RF_VIF10,20,15,2027,10
S2_dry_SR,0.0581215132787544,RF_VIF10,20,15,2027,11
L89_wet_NBR,0.044452031707645806,RF_VIF10,20,15,2027,12
S2_wet_SR,0.041788695545569084,RF_VIF10,20,15,2027,13
S2_dry_MTCI,0.03808494879001753,RF_VIF10,20,15,2027,14
S2_wet_B4,0.03327623873945561,RF_VIF10,20,15,2027,15
S2_dry_CVI,0.10676503476746302,RF_VIF10,20,15,2028,1
DEM_elevation,0.08761643670072775,RF_VIF10,20,15,2028,2
S2_dry_MNDWI,0.0843943013025755,RF_VIF10,20,15,2028,3
S2_wet_NBR2,0.08164844448375663,RF_VIF10,20,15,2028,4
L89_dry_Red,0.08122904521955278,RF_VIF10,20,15,2028,5
S2_dry_B11,0.0746527679292341,RF_VIF10,20,15,2028,6
S1_VHasc_p50,0.070101761489859,RF_VIF10,20,15,2028,7
L89_dry_NBR2,0.07002511896684671,RF_VIF10,20,15,2028,8
S1_VVasc_p50,0.06473873068375652,RF_VIF10,20,15,2028,9
S2_dry_B6,0.06254740102640878,RF_VIF10,20,15,2028,10
S2_dry_SR,0.05851164816030787,RF_VIF10,20,15,2028,11
L89_wet_NBR,0.04442506190249413,RF_VIF10,20,15,2028,12
S2_wet_SR,0.04051768269021428,RF_VIF10,20,15,2028,13
S2_dry_MTCI,0.03888259200485268,RF_VIF10,20,15,2028,14
S2_wet_B4,0.03394397267195025,RF_VIF10,20,15,2028,15
S2_dry_CVI,0.10637699421367304,RF_VIF10,25,15,2024,1
DEM_elevation,0.08816288093319677,RF_VIF10,25,15,2024,2
S2_dry_MNDWI,0.08531541048200365,RF_VIF10,25,15,2024,3
L89_dry_Red,0.0828646907715165,RF_VIF10,25,15,2024,4
S2_wet_NBR2,0.0796531854377805,RF_VIF10,25,15,2024,5
S2_dry_B11,0.07688765312920254,RF_VIF10,25,15,2024,6
L89_dry_NBR2,0.07032447061344067,RF_VIF10,25,15,2024,7
S1_VHasc_p50,0.06971880701936144,RF_VIF10,25,15,2024,8
S2_dry_B6,0.06383481194166295,RF_VIF10,25,15,2024,9
S1_VVasc_p50,0.0629791469053002,RF_VIF10,25,15,2024,10
S2_dry_SR,0.05827004727446143,RF_VIF10,25,15,2024,11
L89_wet_NBR,0.04453007216864252,RF_VIF10,25,15,2024,12
S2_wet_SR,0.040221116623418166,RF_VIF10,25,15,2024,13
S2_dry_MTCI,0.03670291988842236,RF_VIF10,25,15,2024,14
S2_wet_B4,0.03415779259791714,RF_VIF10,25,15,2024,15
S2_dry_CVI,0.1077328255860569,RF_VIF10,25,15,2025,1
DEM_elevation,0.0871190908520898,RF_VIF10,25,15,2025,2
S2_dry_MNDWI,0.08430330395666491,RF_VIF10,25,15,2025,3
L89_dry_Red,0.08097910495814918,RF_VIF10,25,15,2025,4
S2_wet_NBR2,0.08089821882652373,RF_VIF10,25,15,2025,5
S2_dry_B11,0.07584319689390248,RF_VIF10,25,15,2025,6
S1_VHasc_p50,0.06964811402249642,RF_VIF10,25,15,2025,7
L89_dry_NBR2,0.06942270785730412,RF_VIF10,25,15,2025,8
S1_VVasc_p50,0.06400637440648083,RF_VIF10,25,15,2025,9
S2_dry_B6,0.0639089350426892,RF_VIF10,25,15,2025,10
S2_dry_SR,0.06011097399433118,RF_VIF10,25,15,2025,11
L89_wet_NBR,0.04460707893775904,RF_VIF10,25,15,2025,12
S2_wet_SR,0.04013037825217907,RF_VIF10,25,15,2025,13
S2_dry_MTCI,0.0374564551585094,RF_VIF10,25,15,2025,14
S2_wet_B4,0.033833241254863804,RF_VIF10,25,15,2025,15
S2_dry_CVI,0.10537377606089057,RF_VIF10,25,15,2026,1
DEM_elevation,0.08883580959861605,RF_VIF10,25,15,2026,2
S2_dry_MNDWI,0.08593400549332632,RF_VIF10,25,15,2026,3
L89_dry_Red,0.08190740601429689,RF_VIF10,25,15,2026,4
S2_wet_NBR2,0.08046007855140737,RF_VIF10,25,15,2026,5
S2_dry_B11,0.0757791524763102,RF_VIF10,25,15,2026,6
L89_dry_NBR2,0.06995247868444406,RF_VIF10,25,15,2026,7
S1_VHasc_p50,0.06834644142986611,RF_VIF10,25,15,2026,8
S1_VVasc_p50,0.06360517412162983,RF_VIF10,25,15,2026,9
S2_dry_B6,0.06345311486975953,RF_VIF10,25,15,2026,10
S2_dry_SR,0.05726112842486297,RF_VIF10,25,15,2026,11
L89_wet_NBR,0.044449951637746336,RF_VIF10,25,15,2026,12
S2_wet_SR,0.040456708305499724,RF_VIF10,25,15,2026,13
S2_dry_MTCI,0.03906321042027522,RF_VIF10,25,15,2026,14
S2_wet_B4,0.03512156391106889,RF_VIF10,25,15,2026,15
S2_dry_CVI,0.10702123597533013,RF_VIF10,25,15,2027,1
DEM_elevation,0.08838773074542142,RF_VIF10,25,15,2027,2
S2_dry_MNDWI,0.08443568996654459,RF_VIF10,25,15,2027,3
S2_wet_NBR2,0.0822336697750807,RF_VIF10,25,15,2027,4
L89_dry_Red,0.0820438999873558,RF_VIF10,25,15,2027,5
S2_dry_B11,0.07539576198425992,RF_VIF10,25,15,2027,6
L89_dry_NBR2,0.06964910418815362,RF_VIF10,25,15,2027,7
S1_VHasc_p50,0.06886715667867785,RF_VIF10,25,15,2027,8
S1_VVasc_p50,0.0641050949492902,RF_VIF10,25,15,2027,9
S2_dry_B6,0.06213722768844358,RF_VIF10,25,15,2027,10
S2_dry_SR,0.0581215132787544,RF_VIF10,25,15,2027,11
L89_wet_NBR,0.044452031707645806,RF_VIF10,25,15,2027,12
S2_wet_SR,0.041788695545569084,RF_VIF10,25,15,2027,13
S2_dry_MTCI,0.03808494879001753,RF_VIF10,25,15,2027,14
S2_wet_B4,0.03327623873945561,RF_VIF10,25,15,2027,15
S2_dry_CVI,0.10676503476746302,RF_VIF10,25,15,2028,1
DEM_elevation,0.08761643670072775,RF_VIF10,25,15,2028,2
S2_dry_MNDWI,0.0843943013025755,RF_VIF10,25,15,2028,3
S2_wet_NBR2,0.08164844448375663,RF_VIF10,25,15,2028,4
L89_dry_Red,0.08122904521955278,RF_VIF10,25,15,2028,5
S2_dry_B11,0.0746527679292341,RF_VIF10,25,15,2028,6
S1_VHasc_p50,0.070101761489859,RF_VIF10,25,15,2028,7
L89_dry_NBR2,0.07002511896684671,RF_VIF10,25,15,2028,8
S1_VVasc_p50,0.06473873068375652,RF_VIF10,25,15,2028,9
S2_dry_B6,0.06254740102640878,RF_VIF10,25,15,2028,10
S2_dry_SR,0.05851164816030787,RF_VIF10,25,15,2028,11
L89_wet_NBR,0.04442506190249413,RF_VIF10,25,15,2028,12
S2_wet_SR,0.04051768269021428,RF_VIF10,25,15,2028,13
S2_dry_MTCI,0.03888259200485268,RF_VIF10,25,15,2028,14
S2_wet_B4,0.03394397267195025,RF_VIF10,25,15,2028,15
S2_dry_CVI,0.10637699421367304,RF_VIF10,30,15,2024,1
DEM_elevation,0.08816288093319677,RF_VIF10,30,15,2024,2
S2_dry_MNDWI,0.08531541048200365,RF_VIF10,30,15,2024,3
L89_dry_Red,0.0828646907715165,RF_VIF10,30,15,2024,4
S2_wet_NBR2,0.0796531854377805,RF_VIF10,30,15,2024,5
S2_dry_B11,0.07688765312920254,RF_VIF10,30,15,2024,6
L89_dry_NBR2,0.07032447061344067,RF_VIF10,30,15,2024,7
S1_VHasc_p50,0.06971880701936144,RF_VIF10,30,15,2024,8
S2_dry_B6,0.06383481194166295,RF_VIF10,30,15,2024,9
S1_VVasc_p50,0.0629791469053002,RF_VIF10,30,15,2024,10
S2_dry_SR,0.05827004727446143,RF_VIF10,30,15,2024,11
L89_wet_NBR,0.04453007216864252,RF_VIF10,30,15,2024,12
S2_wet_SR,0.040221116623418166,RF_VIF10,30,15,2024,13
S2_dry_MTCI,0.03670291988842236,RF_VIF10,30,15,2024,14
S2_wet_B4,0.03415779259791714,RF_VIF10,30,15,2024,15
S2_dry_CVI,0.1077328255860569,RF_VIF10,30,15,2025,1
DEM_elevation,0.0871190908520898,RF_VIF10,30,15,2025,2
S2_dry_MNDWI,0.08430330395666491,RF_VIF10,30,15,2025,3
L89_dry_Red,0.08097910495814918,RF_VIF10,30,15,2025,4
S2_wet_NBR2,0.08089821882652373,RF_VIF10,30,15,2025,5
S2_dry_B11,0.07584319689390248,RF_VIF10,30,15,2025,6
S1_VHasc_p50,0.06964811402249642,RF_VIF10,30,15,2025,7
L89_dry_NBR2,0.06942270785730412,RF_VIF10,30,15,2025,8
S1_VVasc_p50,0.06400637440648083,RF_VIF10,30,15,2025,9
S2_dry_B6,0.0639089350426892,RF_VIF10,30,15,2025,10
S2_dry_SR,0.06011097399433118,RF_VIF10,30,15,2025,11
L89_wet_NBR,0.04460707893775904,RF_VIF10,30,15,2025,12
S2_wet_SR,0.04013037825217907,RF_VIF10,30,15,2025,13
S2_dry_MTCI,0.0374564551585094,RF_VIF10,30,15,2025,14
S2_wet_B4,0.033833241254863804,RF_VIF10,30,15,2025,15
S2_dry_CVI,0.10537377606089057,RF_VIF10,30,15,2026,1
DEM_elevation,0.08883580959861605,RF_VIF10,30,15,2026,2
S2_dry_MNDWI,0.08593400549332632,RF_VIF10,30,15,2026,3
L89_dry_Red,0.08190740601429689,RF_VIF10,30,15,2026,4
S2_wet_NBR2,0.08046007855140737,RF_VIF10,30,15,2026,5
S2_dry_B11,0.0757791524763102,RF_VIF10,30,15,2026,6
L89_dry_NBR2,0.06995247868444406,RF_VIF10,30,15,2026,7
S1_VHasc_p50,0.06834644142986611,RF_VIF10,30,15,2026,8
S1_VVasc_p50,0.06360517412162983,RF_VIF10,30,15,2026,9
S2_dry_B6,0.06345311486975953,RF_VIF10,30,15,2026,10
S2_dry_SR,0.05726112842486297,RF_VIF10,30,15,2026,11
L89_wet_NBR,0.044449951637746336,RF_VIF10,30,15,2026,12
S2_wet_SR,0.040456708305499724,RF_VIF10,30,15,2026,13
S2_dry_MTCI,0.03906321042027522,RF_VIF10,30,15,2026,14
S2_wet_B4,0.03512156391106889,RF_VIF10,30,15,2026,15
S2_dry_CVI,0.10702123597533013,RF_VIF10,30,15,2027,1
DEM_elevation,0.08838773074542142,RF_VIF10,30,15,2027,2
S2_dry_MNDWI,0.08443568996654459,RF_VIF10,30,15,2027,3
S2_wet_NBR2,0.0822336697750807,RF_VIF10,30,15,2027,4
L89_dry_Red,0.0820438999873558,RF_VIF10,30,15,2027,5
S2_dry_B11,0.07539576198425992,RF_VIF10,30,15,2027,6
L89_dry_NBR2,0.06964910418815362,RF_VIF10,30,15,2027,7
S1_VHasc_p50,0.06886715667867785,RF_VIF10,30,15,2027,8
S1_VVasc_p50,0.0641050949492902,RF_VIF10,30,15,2027,9
S2_dry_B6,0.06213722768844358,RF_VIF10,30,15,2027,10
S2_dry_SR,0.0581215132787544,RF_VIF10,30,15,2027,11
L89_wet_NBR,0.044452031707645806,RF_VIF10,30,15,2027,12
S2_wet_SR,0.041788695545569084,RF_VIF10,30,15,2027,13
S2_dry_MTCI,0.03808494879001753,RF_VIF10,30,15,2027,14
S2_wet_B4,0.03327623873945561,RF_VIF10,30,15,2027,15
S2_dry_CVI,0.10676503476746302,RF_VIF10,30,15,2028,1
DEM_elevation,0.08761643670072775,RF_VIF10,30,15,2028,2
S2_dry_MNDWI,0.0843943013025755,RF_VIF10,30,15,2028,3
S2_wet_NBR2,0.08164844448375663,RF_VIF10,30,15,2028,4
L89_dry_Red,0.08122904521955278,RF_VIF10,30,15,2028,5
S2_dry_B11,0.0746527679292341,RF_VIF10,30,15,2028,6
S1_VHasc_p50,0.070101761489859,RF_VIF10,30,15,2028,7
L89_dry_NBR2,0.07002511896684671,RF_VIF10,30,15,2028,8
S1_VVasc_p50,0.06473873068375652,RF_VIF10,30,15,2028,9
S2_dry_B6,0.06254740102640878,RF_VIF10,30,15,2028,10
S2_dry_SR,0.05851164816030787,RF_VIF10,30,15,2028,11
L89_wet_NBR,0.04442506190249413,RF_VIF10,30,15,2028,12
S2_wet_SR,0.04051768269021428,RF_VIF10,30,15,2028,13
S2_dry_MTCI,0.03888259200485268,RF_VIF10,30,15,2028,14
S2_wet_B4,0.03394397267195025,RF_VIF10,30,15,2028,15
S2_dry_CVI,0.10637699421367304,RF_VIF10,35,15,2024,1
DEM_elevation,0.08816288093319677,RF_VIF10,35,15,2024,2
S2_dry_MNDWI,0.08531541048200365,RF_VIF10,35,15,2024,3
L89_dry_Red,0.0828646907715165,RF_VIF10,35,15,2024,4
S2_wet_NBR2,0.0796531854377805,RF_VIF10,35,15,2024,5
S2_dry_B11,0.07688765312920254,RF_VIF10,35,15,2024,6
L89_dry_NBR2,0.07032447061344067,RF_VIF10,35,15,2024,7
S1_VHasc_p50,0.06971880701936144,RF_VIF10,35,15,2024,8
S2_dry_B6,0.06383481194166295,RF_VIF10,35,15,2024,9
S1_VVasc_p50,0.0629791469053002,RF_VIF10,35,15,2024,10
S2_dry_SR,0.05827004727446143,RF_VIF10,35,15,2024,11
L89_wet_NBR,0.04453007216864252,RF_VIF10,35,15,2024,12
S2_wet_SR,0.040221116623418166,RF_VIF10,35,15,2024,13
S2_dry_MTCI,0.03670291988842236,RF_VIF10,35,15,2024,14
S2_wet_B4,0.03415779259791714,RF_VIF10,35,15,2024,15
S2_dry_CVI,0.1077328255860569,RF_VIF10,35,15,2025,1
DEM_elevation,0.0871190908520898,RF_VIF10,35,15,2025,2
S2_dry_MNDWI,0.08430330395666491,RF_VIF10,35,15,2025,3
L89_dry_Red,0.08097910495814918,RF_VIF10,35,15,2025,4
S2_wet_NBR2,0.08089821882652373,RF_VIF10,35,15,2025,5
S2_dry_B11,0.07584319689390248,RF_VIF10,35,15,2025,6
S1_VHasc_p50,0.06964811402249642,RF_VIF10,35,15,2025,7
L89_dry_NBR2,0.06942270785730412,RF_VIF10,35,15,2025,8
S1_VVasc_p50,0.06400637440648083,RF_VIF10,35,15,2025,9
S2_dry_B6,0.0639089350426892,RF_VIF10,35,15,2025,10
S2_dry_SR,0.06011097399433118,RF_VIF10,35,15,2025,11
L89_wet_NBR,0.04460707893775904,RF_VIF10,35,15,2025,12
S2_wet_SR,0.04013037825217907,RF_VIF10,35,15,2025,13
S2_dry_MTCI,0.0374564551585094,RF_VIF10,35,15,2025,14
S2_wet_B4,0.033833241254863804,RF_VIF10,35,15,2025,15
S2_dry_CVI,0.10537377606089057,RF_VIF10,35,15,2026,1
DEM_elevation,0.08883580959861605,RF_VIF10,35,15,2026,2
S2_dry_MNDWI,0.08593400549332632,RF_VIF10,35,15,2026,3
L89_dry_Red,0.08190740601429689,RF_VIF10,35,15,2026,4
S2_wet_NBR2,0.08046007855140737,RF_VIF10,35,15,2026,5
S2_dry_B11,0.0757791524763102,RF_VIF10,35,15,2026,6
L89_dry_NBR2,0.06995247868444406,RF_VIF10,35,15,2026,7
S1_VHasc_p50,0.06834644142986611,RF_VIF10,35,15,2026,8
S1_VVasc_p50,0.06360517412162983,RF_VIF10,35,15,2026,9
S2_dry_B6,0.06345311486975953,RF_VIF10,35,15,2026,10
S2_dry_SR,0.05726112842486297,RF_VIF10,35,15,2026,11
L89_wet_NBR,0.044449951637746336,RF_VIF10,35,15,2026,12
S2_wet_SR,0.040456708305499724,RF_VIF10,35,15,2026,13
S2_dry_MTCI,0.03906321042027522,RF_VIF10,35,15,2026,14
S2_wet_B4,0.03512156391106889,RF_VIF10,35,15,2026,15
S2_dry_CVI,0.10702123597533013,RF_VIF10,35,15,2027,1
DEM_elevation,0.08838773074542142,RF_VIF10,35,15,2027,2
S2_dry_MNDWI,0.08443568996654459,RF_VIF10,35,15,2027,3
S2_wet_NBR2,0.0822336697750807,RF_VIF10,35,15,2027,4
L89_dry_Red,0.0820438999873558,RF_VIF10,35,15,2027,5
S2_dry_B11,0.07539576198425992,RF_VIF10,35,15,2027,6
L89_dry_NBR2,0.06964910418815362,RF_VIF10,35,15,2027,7
S1_VHasc_p50,0.06886715667867785,RF_VIF10,35,15,2027,8
S1_VVasc_p50,0.0641050949492902,RF_VIF10,35,15,2027,9
S2_dry_B6,0.06213722768844358,RF_VIF10,35,15,2027,10
S2_dry_SR,0.0581215132787544,RF_VIF10,35,15,2027,11
L89_wet_NBR,0.044452031707645806,RF_VIF10,35,15,2027,12
S2_wet_SR,0.041788695545569084,RF_VIF10,35,15,2027,13
S2_dry_MTCI,0.03808494879001753,RF_VIF10,35,15,2027,14
S2_wet_B4,0.03327623873945561,RF_VIF10,35,15,2027,15
S2_dry_CVI,0.10676503476746302,RF_VIF10,35,15,2028,1
DEM_elevation,0.08761643670072775,RF_VIF10,35,15,2028,2
S2_dry_MNDWI,0.0843943013025755,RF_VIF10,35,15,2028,3
S2_wet_NBR2,0.08164844448375663,RF_VIF10,35,15,2028,4
L89_dry_Red,0.08122904521955278,RF_VIF10,35,15,2028,5
S2_dry_B11,0.0746527679292341,RF_VIF10,35,15,2028,6
S1_VHasc_p50,0.070101761489859,RF_VIF10,35,15,2028,7
L89_dry_NBR2,0.07002511896684671,RF_VIF10,35,15,2028,8
S1_VVasc_p50,0.06473873068375652,RF_VIF10,35,15,2028,9
S2_dry_B6,0.06254740102640878,RF_VIF10,35,15,2028,10
S2_dry_SR,0.05851164816030787,RF_VIF10,35,15,2028,11
L89_wet_NBR,0.04442506190249413,RF_VIF10,35,15,2028,12
S2_wet_SR,0.04051768269021428,RF_VIF10,35,15,2028,13
S2_dry_MTCI,0.03888259200485268,RF_VIF10,35,15,2028,14
S2_wet_B4,0.03394397267195025,RF_VIF10,35,15,2028,15
S2_dry_CVI,0.10637699421367304,RF_VIF10,40,15,2024,1
DEM_elevation,0.08816288093319677,RF_VIF10,40,15,2024,2
S2_dry_MNDWI,0.08531541048200365,RF_VIF10,40,15,2024,3
L89_dry_Red,0.0828646907715165,RF_VIF10,40,15,2024,4
S2_wet_NBR2,0.0796531854377805,RF_VIF10,40,15,2024,5
S2_dry_B11,0.07688765312920254,RF_VIF10,40,15,2024,6
L89_dry_NBR2,0.07032447061344067,RF_VIF10,40,15,2024,7
S1_VHasc_p50,0.06971880701936144,RF_VIF10,40,15,2024,8
S2_dry_B6,0.06383481194166295,RF_VIF10,40,15,2024,9
S1_VVasc_p50,0.0629791469053002,RF_VIF10,40,15,2024,10
S2_dry_SR,0.05827004727446143,RF_VIF10,40,15,2024,11
L89_wet_NBR,0.04453007216864252,RF_VIF10,40,15,2024,12
S2_wet_SR,0.040221116623418166,RF_VIF10,40,15,2024,13
S2_dry_MTCI,0.03670291988842236,RF_VIF10,40,15,2024,14
S2_wet_B4,0.03415779259791714,RF_VIF10,40,15,2024,15
S2_dry_CVI,0.1077328255860569,RF_VIF10,40,15,2025,1
DEM_elevation,0.0871190908520898,RF_VIF10,40,15,2025,2
S2_dry_MNDWI,0.08430330395666491,RF_VIF10,40,15,2025,3
L89_dry_Red,0.08097910495814918,RF_VIF10,40,15,2025,4
S2_wet_NBR2,0.08089821882652373,RF_VIF10,40,15,2025,5
S2_dry_B11,0.07584319689390248,RF_VIF10,40,15,2025,6
S1_VHasc_p50,0.06964811402249642,RF_VIF10,40,15,2025,7
L89_dry_NBR2,0.06942270785730412,RF_VIF10,40,15,2025,8
S1_VVasc_p50,0.06400637440648083,RF_VIF10,40,15,2025,9
S2_dry_B6,0.0639089350426892,RF_VIF10,40,15,2025,10
S2_dry_SR,0.06011097399433118,RF_VIF10,40,15,2025,11
L89_wet_NBR,0.04460707893775904,RF_VIF10,40,15,2025,12
S2_wet_SR,0.04013037825217907,RF_VIF10,40,15,2025,13
S2_dry_MTCI,0.0374564551585094,RF_VIF10,40,15,2025,14
S2_wet_B4,0.033833241254863804,RF_VIF10,40,15,2025,15
S2_dry_CVI,0.10537377606089057,RF_VIF10,40,15,2026,1
DEM_elevation,0.08883580959861605,RF_VIF10,40,15,2026,2
S2_dry_MNDWI,0.08593400549332632,RF_VIF10,40,15,2026,3
L89_dry_Red,0.08190740601429689,RF_VIF10,40,15,2026,4
S2_wet_NBR2,0.08046007855140737,RF_VIF10,40,15,2026,5
S2_dry_B11,0.0757791524763102,RF_VIF10,40,15,2026,6
L89_dry_NBR2,0.06995247868444406,RF_VIF10,40,15,2026,7
S1_VHasc_p50,0.06834644142986611,RF_VIF10,40,15,2026,8
S1_VVasc_p50,0.06360517412162983,RF_VIF10,40,15,2026,9
S2_dry_B6,0.06345311486975953,RF_VIF10,40,15,2026,10
S2_dry_SR,0.05726112842486297,RF_VIF10,40,15,2026,11
L89_wet_NBR,0.044449951637746336,RF_VIF10,40,15,2026,12
S2_wet_SR,0.040456708305499724,RF_VIF10,40,15,2026,13
S2_dry_MTCI,0.03906321042027522,RF_VIF10,40,15,2026,14
S2_wet_B4,0.03512156391106889,RF_VIF10,40,15,2026,15
S2_dry_CVI,0.10702123597533013,RF_VIF10,40,15,2027,1
DEM_elevation,0.08838773074542142,RF_VIF10,40,15,2027,2
S2_dry_MNDWI,0.08443568996654459,RF_VIF10,40,15,2027,3
S2_wet_NBR2,0.0822336697750807,RF_VIF10,40,15,2027,4
L89_dry_Red,0.0820438999873558,RF_VIF10,40,15,2027,5
S2_dry_B11,0.07539576198425992,RF_VIF10,40,15,2027,6
L89_dry_NBR2,0.06964910418815362,RF_VIF10,40,15,2027,7
S1_VHasc_p50,0.06886715667867785,RF_VIF10,40,15,2027,8
S1_VVasc_p50,0.0641050949492902,RF_VIF10,40,15,2027,9
S2_dry_B6,0.06213722768844358,RF_VIF10,40,15,2027,10
S2_dry_SR,0.0581215132787544,RF_VIF10,40,15,2027,11
L89_wet_NBR,0.044452031707645806,RF_VIF10,40,15,2027,12
S2_wet_SR,0.041788695545569084,RF_VIF10,40,15,2027,13
S2_dry_MTCI,0.03808494879001753,RF_VIF10,40,15,2027,14
S2_wet_B4,0.03327623873945561,RF_VIF10,40,15,2027,15
S2_dry_CVI,0.10676503476746302,RF_VIF10,40,15,2028,1
DEM_elevation,0.08761643670072775,RF_VIF10,40,15,2028,2
S2_dry_MNDWI,0.0843943013025755,RF_VIF10,40,15,2028,3
S2_wet_NBR2,0.08164844448375663,RF_VIF10,40,15,2028,4
L89_dry_Red,0.08122904521955278,RF_VIF10,40,15,2028,5
S2_dry_B11,0.0746527679292341,RF_VIF10,40,15,2028,6
S1_VHasc_p50,0.070101761489859,RF_VIF10,40,15,2028,7
L89_dry_NBR2,0.07002511896684671,RF_VIF10,40,15,2028,8
S1_VVasc_p50,0.06473873068375652,RF_VIF10,40,15,2028,9
S2_dry_B6,0.06254740102640878,RF_VIF10,40,15,2028,10
S2_dry_SR,0.05851164816030787,RF_VIF10,40,15,2028,11
L89_wet_NBR,0.04442506190249413,RF_VIF10,40,15,2028,12
S2_wet_SR,0.04051768269021428,RF_VIF10,40,15,2028,13
S2_dry_MTCI,0.03888259200485268,RF_VIF10,40,15,2028,14
S2_wet_B4,0.03394397267195025,RF_VIF10,40,15,2028,15
S2_dry_CVI,0.06174340448605972,VIF10_only,34,34,2024,1
DEM_elevation,0.05852111094468194,VIF10_only,34,34,2024,2
L89_dry_NIR,0.051116996366147575,VIF10_only,34,34,2024,3
S2_dry_B2,0.04826778583316829,VIF10_only,34,34,2024,4
L89_dry_Blue,0.04804504647018824,VIF10_only,34,34,2024,5
S2_dry_SR,0.04791225557006888,VIF10_only,34,34,2024,6
S1_VVasc_p50,0.04614619500064619,VIF10_only,34,34,2024,7
S2_dry_PSRI,0.04468024781578084,VIF10_only,34,34,2024,8
S2_wet_SR,0.0425295263295069,VIF10_only,34,34,2024,9
S2_dry_NDMI,0.041136488438059164,VIF10_only,34,34,2024,10
S2_wet_CVI,0.03615213672271872,VIF10_only,34,34,2024,11
S2_dry_MTCI,0.036028798510621206,VIF10_only,34,34,2024,12
S2_wet_MTCI,0.030596460865080215,VIF10_only,34,34,2024,13
S2_wet_B6,0.03001657200784326,VIF10_only,34,34,2024,14
L89_wet_NIR,0.026342921688728375,VIF10_only,34,34,2024,15
S2_wet_NDMI,0.026026013325912027,VIF10_only,34,34,2024,16
L89_wet_SWIR2_p75,0.025836637213869227,VIF10_only,34,34,2024,17
S2_wet_B2,0.025147721745417195,VIF10_only,34,34,2024,18
L89_wet_NDMI,0.0243085470921333,VIF10_only,34,34,2024,19
L89_wet_MSI,0.023784456273101776,VIF10_only,34,34,2024,20
DEM_slope,0.0226466740496083,VIF10_only,34,34,2024,21
S2_wet_B5,0.022465545199364063,VIF10_only,34,34,2024,22
L89_wet_Blue,0.022029065231600573,VIF10_only,34,34,2024,23
S1_VHdesc_p50,0.02190856586729163,VIF10_only,34,34,2024,24
S1_VH_glcm_contrast_5x5,0.021470416157800223,VIF10_only,34,34,2024,25
S1_VVdesc_p50,0.019426581455367638,VIF10_only,34,34,2024,26
S1_VVminusVH_asc_p50,0.019324372821778648,VIF10_only,34,34,2024,27
S2_wet_PSRI,0.016136172873163174,VIF10_only,34,34,2024,28
S1_VHdesc_p75,0.013957017681422858,VIF10_only,34,34,2024,29
S1_VH_glcm_asm_5x5,0.013048062685613848,VIF10_only,34,34,2024,30
S1_VHdesc_std,0.009728055491931462,VIF10_only,34,34,2024,31
DEM_hillshade,0.009336193915321202,VIF10_only,34,34,2024,32
S1_VVdesc_std,0.007441155196811071,VIF10_only,34,34,2024,33
DEM_aspect,0.00674279867319236,VIF10_only,34,34,2024,34
S2_dry_CVI,0.06202699341055506,VIF10_only,34,34,2025,1
DEM_elevation,0.057251299688189226,VIF10_only,34,34,2025,2
L89_dry_NIR,0.05115581404856461,VIF10_only,34,34,2025,3
S1_VVasc_p50,0.04750702299160473,VIF10_only,34,34,2025,4
S2_dry_SR,0.04734062553873122,VIF10_only,34,34,2025,5
S2_dry_B2,0.046833384531594205,VIF10_only,34,34,2025,6
L89_dry_Blue,0.045996392337209334,VIF10_only,34,34,2025,7
S2_dry_PSRI,0.044650723707898604,VIF10_only,34,34,2025,8
S2_dry_NDMI,0.0410107167161482,VIF10_only,34,34,2025,9
S2_wet_SR,0.03986502282138253,VIF10_only,34,34,2025,10
S2_dry_MTCI,0.036398379384278326,VIF10_only,34,34,2025,11
S2_wet_CVI,0.03591236976787362,VIF10_only,34,34,2025,12
S2_wet_MTCI,0.03131571860057579,VIF10_only,34,34,2025,13
S2_wet_B6,0.029688650858766062,VIF10_only,34,34,2025,14
L89_wet_SWIR2_p75,0.026846465007733234,VIF10_only,34,34,2025,15
L89_wet_NIR,0.026451587085378862,VIF10_only,34,34,2025,16
S2_wet_B2,0.0263434943639096,VIF10_only,34,34,2025,17
S2_wet_NDMI,0.025605977519967144,VIF10_only,34,34,2025,18
L89_wet_NDMI,0.024327130745299866,VIF10_only,34,34,2025,19
L89_wet_MSI,0.02405921032525732,VIF10_only,34,34,2025,20
DEM_slope,0.0239753185468252,VIF10_only,34,34,2025,21
S2_wet_B5,0.023084275483753202,VIF10_only,34,34,2025,22
L89_wet_Blue,0.023016020049287624,VIF10_only,34,34,2025,23
S1_VHdesc_p50,0.022258848097869894,VIF10_only,34,34,2025,24
S1_VH_glcm_contrast_5x5,0.021759420295611204,VIF10_only,34,34,2025,25
S1_VVminusVH_asc_p50,0.019501099206812738,VIF10_only,34,34,2025,26
S1_VVdesc_p50,0.01878883100091931,VIF10_only,34,34,2025,27
S2_wet_PSRI,0.01665606579414652,VIF10_only,34,34,2025,28
S1_VHdesc_p75,0.014499079302423421,VIF10_only,34,34,2025,29
S1_VH_glcm_asm_5x5,0.012836519040713546,VIF10_only,34,34,2025,30
S1_VHdesc_std,0.009721408558742237,VIF10_only,34,34,2025,31
DEM_hillshade,0.009126466639680971,VIF10_only,34,34,2025,32
S1_VVdesc_std,0.007484325005176071,VIF10_only,34,34,2025,33
DEM_aspect,0.006705343527120617,VIF10_only,34,34,2025,34
S2_dry_CVI,0.061456091407548624,VIF10_only,34,34,2026,1
DEM_elevation,0.06064779182257441,VIF10_only,34,34,2026,2
L89_dry_NIR,0.050377677391200096,VIF10_only,34,34,2026,3
S1_VVasc_p50,0.04775862625030431,VIF10_only,34,34,2026,4
S2_dry_SR,0.04753295464628303,VIF10_only,34,34,2026,5
S2_dry_B2,0.04726330612305261,VIF10_only,34,34,2026,6
L89_dry_Blue,0.04699579230700606,VIF10_only,34,34,2026,7
S2_dry_PSRI,0.04512855360416456,VIF10_only,34,34,2026,8
S2_dry_NDMI,0.0413792144157651,VIF10_only,34,34,2026,9
S2_wet_SR,0.04012236049901242,VIF10_only,34,34,2026,10
S2_dry_MTCI,0.03581505120063657,VIF10_only,34,34,2026,11
S2_wet_CVI,0.035700405332567554,VIF10_only,34,34,2026,12
S2_wet_MTCI,0.03152767242687271,VIF10_only,34,34,2026,13
S2_wet_B6,0.02904727719243628,VIF10_only,34,34,2026,14
L89_wet_SWIR2_p75,0.026392249064886485,VIF10_only,34,34,2026,15
L89_wet_NIR,0.02624130532344888,VIF10_only,34,34,2026,16
S2_wet_B2,0.026098044114574302,VIF10_only,34,34,2026,17
S2_wet_NDMI,0.0260354893875201,VIF10_only,34,34,2026,18
L89_wet_MSI,0.023612198018085236,VIF10_only,34,34,2026,19
L89_wet_NDMI,0.02353704482897129,VIF10_only,34,34,2026,20
DEM_slope,0.023024739820830434,VIF10_only,34,34,2026,21
L89_wet_Blue,0.022771700634917447,VIF10_only,34,34,2026,22
S2_wet_B5,0.022697594861353688,VIF10_only,34,34,2026,23
S1_VH_glcm_contrast_5x5,0.022111740452519048,VIF10_only,34,34,2026,24
S1_VHdesc_p50,0.02164932148885289,VIF10_only,34,34,2026,25
S1_VVminusVH_asc_p50,0.019616614274393818,VIF10_only,34,34,2026,26
S1_VVdesc_p50,0.018405578701900207,VIF10_only,34,34,2026,27
S2_wet_PSRI,0.01625081472208002,VIF10_only,34,34,2026,28
S1_VHdesc_p75,0.014511774510287897,VIF10_only,34,34,2026,29
S1_VH_glcm_asm_5x5,0.013140840474345609,VIF10_only,34,34,2026,30
S1_VHdesc_std,0.009663654709684189,VIF10_only,34,34,2026,31
DEM_hillshade,0.009130201677727994,VIF10_only,34,34,2026,32
S1_VVdesc_std,0.007499712752964611,VIF10_only,34,34,2026,33
DEM_aspect,0.00685660556123157,VIF10_only,34,34,2026,34
S2_dry_CVI,0.06263928159108996,VIF10_only,34,34,2027,1
DEM_elevation,0.059046279546761775,VIF10_only,34,34,2027,2
L89_dry_NIR,0.050378774137997864,VIF10_only,34,34,2027,3
S2_dry_B2,0.04790535220351028,VIF10_only,34,34,2027,4
S1_VVasc_p50,0.047783492922580974,VIF10_only,34,34,2027,5
L89_dry_Blue,0.04663890402012392,VIF10_only,34,34,2027,6
S2_dry_SR,0.04606803497612036,VIF10_only,34,34,2027,7
S2_dry_PSRI,0.04456733692511582,VIF10_only,34,34,2027,8
S2_wet_SR,0.04188604306660387,VIF10_only,34,34,2027,9
S2_dry_NDMI,0.04108334007424285,VIF10_only,34,34,2027,10
S2_dry_MTCI,0.035455750031506035,VIF10_only,34,34,2027,11
S2_wet_CVI,0.03456523014007491,VIF10_only,34,34,2027,12
S2_wet_MTCI,0.031010313446769494,VIF10_only,34,34,2027,13
S2_wet_B6,0.030182258024678076,VIF10_only,34,34,2027,14
L89_wet_NIR,0.027129994007521894,VIF10_only,34,34,2027,15
L89_wet_SWIR2_p75,0.026560198548119925,VIF10_only,34,34,2027,16
S2_wet_NDMI,0.025882735493885225,VIF10_only,34,34,2027,17
S2_wet_B2,0.025218123117415732,VIF10_only,34,34,2027,18
L89_wet_NDMI,0.02503452296263064,VIF10_only,34,34,2027,19
L89_wet_MSI,0.023660420224560753,VIF10_only,34,34,2027,20
DEM_slope,0.023005954995696024,VIF10_only,34,34,2027,21
S2_wet_B5,0.022528822704147994,VIF10_only,34,34,2027,22
L89_wet_Blue,0.022442598638563176,VIF10_only,34,34,2027,23
S1_VHdesc_p50,0.022345505969759986,VIF10_only,34,34,2027,24
S1_VH_glcm_contrast_5x5,0.021420775962393758,VIF10_only,34,34,2027,25
S1_VVminusVH_asc_p50,0.019504701405593936,VIF10_only,34,34,2027,26
S1_VVdesc_p50,0.018767316452199128,VIF10_only,34,34,2027,27
S2_wet_PSRI,0.016274715790449187,VIF10_only,34,34,2027,28
S1_VHdesc_p75,0.01464952953410304,VIF10_only,34,34,2027,29
S1_VH_glcm_asm_5x5,0.012864742947557283,VIF10_only,34,34,2027,30
S1_VHdesc_std,0.0098388223221885,VIF10_only,34,34,2027,31
DEM_hillshade,0.009349587202314696,VIF10_only,34,34,2027,32
S1_VVdesc_std,0.007463545329803,VIF10_only,34,34,2027,33
DEM_aspect,0.006846995283920038,VIF10_only,34,34,2027,34
S2_dry_CVI,0.062856865168578,VIF10_only,34,34,2028,1
DEM_elevation,0.05952564920965021,VIF10_only,34,34,2028,2
L89_dry_NIR,0.049436506261450665,VIF10_only,34,34,2028,3
S2_dry_B2,0.048950950327508264,VIF10_only,34,34,2028,4
S1_VVasc_p50,0.04756109180997512,VIF10_only,34,34,2028,5
L89_dry_Blue,0.04681523819469567,VIF10_only,34,34,2028,6
S2_dry_SR,0.04587805581391571,VIF10_only,34,34,2028,7
S2_dry_PSRI,0.0450117870472767,VIF10_only,34,34,2028,8
S2_wet_SR,0.04215591983485952,VIF10_only,34,34,2028,9
S2_dry_NDMI,0.04071161121307204,VIF10_only,34,34,2028,10
S2_dry_MTCI,0.03603137106720216,VIF10_only,34,34,2028,11
S2_wet_CVI,0.035498004285431276,VIF10_only,34,34,2028,12
S2_wet_B6,0.030323282463564125,VIF10_only,34,34,2028,13
S2_wet_MTCI,0.029977184283822164,VIF10_only,34,34,2028,14
L89_wet_NIR,0.026801618253135845,VIF10_only,34,34,2028,15
S2_wet_B2,0.02585974536824226,VIF10_only,34,34,2028,16
L89_wet_SWIR2_p75,0.025613830078353092,VIF10_only,34,34,2028,17
S2_wet_NDMI,0.02546288273648205,VIF10_only,34,34,2028,18
L89_wet_NDMI,0.02438680122077422,VIF10_only,34,34,2028,19
L89_wet_MSI,0.023738257507418366,VIF10_only,34,34,2028,20
DEM_slope,0.02357915905088034,VIF10_only,34,34,2028,21
S2_wet_B5,0.022753912465067312,VIF10_only,34,34,2028,22
L89_wet_Blue,0.02254377180996115,VIF10_only,34,34,2028,23
S1_VHdesc_p50,0.02190876273590981,VIF10_only,34,34,2028,24
S1_VH_glcm_contrast_5x5,0.021850111060357797,VIF10_only,34,34,2028,25
S1_VVdesc_p50,0.019831049128709123,VIF10_only,34,34,2028,26
S1_VVminusVH_asc_p50,0.01918531941990332,VIF10_only,34,34,2028,27
S2_wet_PSRI,0.016127498208349494,VIF10_only,34,34,2028,28
S1_VHdesc_p75,0.013984299500839521,VIF10_only,34,34,2028,29
S1_VH_glcm_asm_5x5,0.012724266450729,VIF10_only,34,34,2028,30
S1_VHdesc_std,0.009440586732923344,VIF10_only,34,34,2028,31
DEM_hillshade,0.00932475042228496,VIF10_only,34,34,2028,32
S1_VVdesc_std,0.0073634905201507275,VIF10_only,34,34,2028,33
DEM_aspect,0.006786370348526571,VIF10_only,34,34,2028,34
