sample_uid_1,sample_uid_2,class_id_1,class_id_2,distance_m,label_conflict
Table_TrainSamples_FullFeatureSpace_2024_7,Table_TrainSamples_FullFeatureSpace_2024_662,1,1,9.765570846218225,False
Table_TrainSamples_FullFeatureSpace_2024_14,Table_TrainSamples_FullFeatureSpace_2024_708,1,1,9.76549634170145,False
Table_TrainSamples_FullFeatureSpace_2024_20,Table_TrainSamples_FullFeatureSpace_2024_760,1,1,9.945868818033206,False
Table_TrainSamples_FullFeatureSpace_2024_27,Table_TrainSamples_FullFeatureSpace_2024_754,1,1,9.7655776698062,False
Table_TrainSamples_FullFeatureSpace_2024_28,Table_TrainSamples_FullFeatureSpace_2024_681,1,1,9.945943281990065,False
Table_TrainSamples_FullFeatureSpace_2024_35,Table_TrainSamples_FullFeatureSpace_2024_689,1,1,9.756054028916633,False
Table_TrainSamples_FullFeatureSpace_2024_39,Table_TrainSamples_FullFeatureSpace_2024_711,1,1,9.94659817159636,False
Table_TrainSamples_FullFeatureSpace_2024_44,Table_TrainSamples_FullFeatureSpace_2024_659,1,1,9.946621536257464,False
Table_TrainSamples_FullFeatureSpace_2024_46,Table_TrainSamples_FullFeatureSpace_2024_692,1,1,9.755825093527772,False
Table_TrainSamples_FullFeatureSpace_2024_49,Table_TrainSamples_FullFeatureSpace_2024_755,1,1,9.946156692584944,False
Table_TrainSamples_FullFeatureSpace_2024_52,Table_TrainSamples_FullFeatureSpace_2024_701,1,1,9.946151841998967,False
Table_TrainSamples_FullFeatureSpace_2024_56,Table_TrainSamples_FullFeatureSpace_2024_729,1,1,9.94630114672149,False
Table_TrainSamples_FullFeatureSpace_2024_59,Table_TrainSamples_FullFeatureSpace_2024_680,1,1,9.757100040240104,False
Table_TrainSamples_FullFeatureSpace_2024_62,Table_TrainSamples_FullFeatureSpace_2024_739,1,1,9.75702273463997,False
Table_TrainSamples_FullFeatureSpace_2024_62,Table_TrainSamples_FullFeatureSpace_2024_657,1,1,9.945979876237482,False
Table_TrainSamples_FullFeatureSpace_2024_63,Table_TrainSamples_FullFeatureSpace_2024_690,1,1,0.0,False
Table_TrainSamples_FullFeatureSpace_2024_64,Table_TrainSamples_FullFeatureSpace_2024_663,1,1,9.756993770065868,False
Table_TrainSamples_FullFeatureSpace_2024_72,Table_TrainSamples_FullFeatureSpace_2024_667,1,1,9.756776147663935,False
Table_TrainSamples_FullFeatureSpace_2024_80,Table_TrainSamples_FullFeatureSpace_2024_748,1,1,9.945848994460892,False
Table_TrainSamples_FullFeatureSpace_2024_81,Table_TrainSamples_FullFeatureSpace_2024_685,1,1,9.757483064022265,False
Table_TrainSamples_FullFeatureSpace_2024_84,Table_TrainSamples_FullFeatureSpace_2024_741,1,1,9.945865525984013,False
Table_TrainSamples_FullFeatureSpace_2024_87,Table_TrainSamples_FullFeatureSpace_2024_745,1,1,9.945892270761064,False
Table_TrainSamples_FullFeatureSpace_2024_88,Table_TrainSamples_FullFeatureSpace_2024_710,1,1,9.7574133402716,False
Table_TrainSamples_FullFeatureSpace_2024_89,Table_TrainSamples_FullFeatureSpace_2024_660,1,1,9.94581984525727,False
Table_TrainSamples_FullFeatureSpace_2024_93,Table_TrainSamples_FullFeatureSpace_2024_668,1,1,9.945764707163367,False
Table_TrainSamples_FullFeatureSpace_2024_96,Table_TrainSamples_FullFeatureSpace_2024_665,1,1,9.945027406374711,False
Table_TrainSamples_FullFeatureSpace_2024_99,Table_TrainSamples_FullFeatureSpace_2024_688,1,1,9.944994455715522,False
Table_TrainSamples_FullFeatureSpace_2024_100,Table_TrainSamples_FullFeatureSpace_2024_867,2,2,9.945871407164987,False
Table_TrainSamples_FullFeatureSpace_2024_101,Table_TrainSamples_FullFeatureSpace_2024_905,2,2,9.7655691601185,False
Table_TrainSamples_FullFeatureSpace_2024_102,Table_TrainSamples_FullFeatureSpace_2024_849,2,2,9.765642725725222,False
Table_TrainSamples_FullFeatureSpace_2024_104,Table_TrainSamples_FullFeatureSpace_2024_786,2,2,9.946457322302631,False
Table_TrainSamples_FullFeatureSpace_2024_105,Table_TrainSamples_FullFeatureSpace_2024_774,2,2,9.946117496992517,False
Table_TrainSamples_FullFeatureSpace_2024_105,Table_TrainSamples_FullFeatureSpace_2024_873,2,2,9.946117496992517,False
Table_TrainSamples_FullFeatureSpace_2024_105,Table_TrainSamples_FullFeatureSpace_2024_962,2,2,9.946117496992517,False
Table_TrainSamples_FullFeatureSpace_2024_105,Table_TrainSamples_FullFeatureSpace_2024_899,2,2,9.756547064251597,False
Table_TrainSamples_FullFeatureSpace_2024_106,Table_TrainSamples_FullFeatureSpace_2024_885,2,2,9.75685287808322,False
Table_TrainSamples_FullFeatureSpace_2024_109,Table_TrainSamples_FullFeatureSpace_2024_1392,5,5,9.756606069655989,False
Table_TrainSamples_FullFeatureSpace_2024_111,Table_TrainSamples_FullFeatureSpace_2024_1494,5,5,9.75663741563015,False
Table_TrainSamples_FullFeatureSpace_2024_112,Table_TrainSamples_FullFeatureSpace_2024_1505,5,5,9.946253078447533,False
Table_TrainSamples_FullFeatureSpace_2024_115,Table_TrainSamples_FullFeatureSpace_2024_1468,5,5,9.756746477468507,False
Table_TrainSamples_FullFeatureSpace_2024_119,Table_TrainSamples_FullFeatureSpace_2024_1513,5,5,9.756752246186677,False
Table_TrainSamples_FullFeatureSpace_2024_120,Table_TrainSamples_FullFeatureSpace_2024_1416,5,5,9.756738881465933,False
Table_TrainSamples_FullFeatureSpace_2024_120,Table_TrainSamples_FullFeatureSpace_2024_1466,5,5,0.0,False
Table_TrainSamples_FullFeatureSpace_2024_125,Table_TrainSamples_FullFeatureSpace_2024_1471,5,5,9.757964738425956,False
Table_TrainSamples_FullFeatureSpace_2024_129,Table_TrainSamples_FullFeatureSpace_2024_1501,5,5,9.946683704246555,False
Table_TrainSamples_FullFeatureSpace_2024_131,Table_TrainSamples_FullFeatureSpace_2024_1492,5,5,9.757306374109673,False
Table_TrainSamples_FullFeatureSpace_2024_139,Table_TrainSamples_FullFeatureSpace_2024_1488,5,5,9.757283742162638,False
Table_TrainSamples_FullFeatureSpace_2024_144,Table_TrainSamples_FullFeatureSpace_2024_1490,5,5,9.946413053195867,False
Table_TrainSamples_FullFeatureSpace_2024_145,Table_TrainSamples_FullFeatureSpace_2024_1413,5,5,9.75724969627499,False
Table_TrainSamples_FullFeatureSpace_2024_151,Table_TrainSamples_FullFeatureSpace_2024_1474,5,5,9.946381047512707,False
Table_TrainSamples_FullFeatureSpace_2024_153,Table_TrainSamples_FullFeatureSpace_2024_1495,5,5,9.757099392707731,False
Table_TrainSamples_FullFeatureSpace_2024_155,Table_TrainSamples_FullFeatureSpace_2024_1498,5,5,9.945807508740657,False
Table_TrainSamples_FullFeatureSpace_2024_162,Table_TrainSamples_FullFeatureSpace_2024_1484,5,5,9.765675011446953,False
Table_TrainSamples_FullFeatureSpace_2024_164,Table_TrainSamples_FullFeatureSpace_2024_1496,5,5,9.765646831558499,False
Table_TrainSamples_FullFeatureSpace_2024_168,Table_TrainSamples_FullFeatureSpace_2024_1477,5,5,9.765622096427117,False
Table_TrainSamples_FullFeatureSpace_2024_172,Table_TrainSamples_FullFeatureSpace_2024_1449,5,5,9.9458632898557,False
Table_TrainSamples_FullFeatureSpace_2024_184,Table_TrainSamples_FullFeatureSpace_2024_1427,5,5,9.946182411338237,False
Table_TrainSamples_FullFeatureSpace_2024_184,Table_TrainSamples_FullFeatureSpace_2024_1400,5,5,9.756780439415763,False
Table_TrainSamples_FullFeatureSpace_2024_184,Table_TrainSamples_FullFeatureSpace_2024_1476,5,5,9.756780439415763,False
Table_TrainSamples_FullFeatureSpace_2024_184,Table_TrainSamples_FullFeatureSpace_2024_1388,5,5,9.946182411338237,False
Table_TrainSamples_FullFeatureSpace_2024_187,Table_TrainSamples_FullFeatureSpace_2024_1387,5,5,9.94619191009313,False
Table_TrainSamples_FullFeatureSpace_2024_188,Table_TrainSamples_FullFeatureSpace_2024_1403,5,5,9.946191869770452,False
Table_TrainSamples_FullFeatureSpace_2024_188,Table_TrainSamples_FullFeatureSpace_2024_1398,5,5,9.75676559948967,False
Table_TrainSamples_FullFeatureSpace_2024_190,Table_TrainSamples_FullFeatureSpace_2024_1526,6,6,9.947423233764878,False
Table_TrainSamples_FullFeatureSpace_2024_194,Table_TrainSamples_FullFeatureSpace_2024_1516,6,6,9.763239227267375,False
Table_TrainSamples_FullFeatureSpace_2024_199,Table_TrainSamples_FullFeatureSpace_2024_1613,6,6,9.76303902187212,False
Table_TrainSamples_FullFeatureSpace_2024_200,Table_TrainSamples_FullFeatureSpace_2024_1597,6,6,9.947343833843775,False
Table_TrainSamples_FullFeatureSpace_2024_203,Table_TrainSamples_FullFeatureSpace_2024_1608,6,6,9.947333901262702,False
Table_TrainSamples_FullFeatureSpace_2024_204,Table_TrainSamples_FullFeatureSpace_2024_1564,6,6,9.94731785582706,False
Table_TrainSamples_FullFeatureSpace_2024_206,Table_TrainSamples_FullFeatureSpace_2024_1572,6,6,9.76305417793672,False
Table_TrainSamples_FullFeatureSpace_2024_207,Table_TrainSamples_FullFeatureSpace_2024_1535,6,6,9.947337825076398,False
Table_TrainSamples_FullFeatureSpace_2024_208,Table_TrainSamples_FullFeatureSpace_2024_1540,6,6,9.762953976971747,False
Table_TrainSamples_FullFeatureSpace_2024_212,Table_TrainSamples_FullFeatureSpace_2024_1561,6,6,9.762934700640143,False
Table_TrainSamples_FullFeatureSpace_2024_213,Table_TrainSamples_FullFeatureSpace_2024_1518,6,6,9.9473052818596,False
Table_TrainSamples_FullFeatureSpace_2024_214,Table_TrainSamples_FullFeatureSpace_2024_1519,6,6,9.947318055525741,False
Table_TrainSamples_FullFeatureSpace_2024_214,Table_TrainSamples_FullFeatureSpace_2024_1549,6,6,9.762938230469807,False
Table_TrainSamples_FullFeatureSpace_2024_221,Table_TrainSamples_FullFeatureSpace_2024_1558,6,6,9.762787865770186,False
Table_TrainSamples_FullFeatureSpace_2024_224,Table_TrainSamples_FullFeatureSpace_2024_1598,6,6,9.762733533289222,False
Table_TrainSamples_FullFeatureSpace_2024_225,Table_TrainSamples_FullFeatureSpace_2024_1615,6,6,9.947330475274251,False
Table_TrainSamples_FullFeatureSpace_2024_227,Table_TrainSamples_FullFeatureSpace_2024_1527,6,6,9.94729956660807,False
Table_TrainSamples_FullFeatureSpace_2024_227,Table_TrainSamples_FullFeatureSpace_2024_1531,6,6,9.762701913153563,False
Table_TrainSamples_FullFeatureSpace_2024_246,Table_TrainSamples_FullFeatureSpace_2024_1606,6,6,9.94481679234706,False
Table_TrainSamples_FullFeatureSpace_2024_257,Table_TrainSamples_FullFeatureSpace_2024_1596,6,6,9.757589658670188,False
Table_TrainSamples_FullFeatureSpace_2024_260,Table_TrainSamples_FullFeatureSpace_2024_1517,6,6,9.757499689733494,False
Table_TrainSamples_FullFeatureSpace_2024_263,Table_TrainSamples_FullFeatureSpace_2024_1570,6,6,9.946696191066353,False
Table_TrainSamples_FullFeatureSpace_2024_264,Table_TrainSamples_FullFeatureSpace_2024_1582,6,6,9.75740580983026,False
Table_TrainSamples_FullFeatureSpace_2024_269,Table_TrainSamples_FullFeatureSpace_2024_1550,6,6,9.946635012946684,False
Table_TrainSamples_FullFeatureSpace_2024_272,Table_TrainSamples_FullFeatureSpace_2024_1586,6,6,9.94659236291632,False
Table_TrainSamples_FullFeatureSpace_2024_278,Table_TrainSamples_FullFeatureSpace_2024_1590,6,6,9.944019440023222,False
Table_TrainSamples_FullFeatureSpace_2024_280,Table_TrainSamples_FullFeatureSpace_2024_1602,6,6,9.944028058857857,False
Table_TrainSamples_FullFeatureSpace_2024_283,Table_TrainSamples_FullFeatureSpace_2024_1529,6,6,9.764451292288179,False
Table_TrainSamples_FullFeatureSpace_2024_284,Table_TrainSamples_FullFeatureSpace_2024_1560,6,6,9.943998343951623,False
Table_TrainSamples_FullFeatureSpace_2024_290,Table_TrainSamples_FullFeatureSpace_2024_1563,6,6,9.761228534256935,False
Table_TrainSamples_FullFeatureSpace_2024_304,Table_TrainSamples_FullFeatureSpace_2024_1739,7,7,9.748466080602501,False
Table_TrainSamples_FullFeatureSpace_2024_306,Table_TrainSamples_FullFeatureSpace_2024_1791,7,7,9.747213262697402,False
Table_TrainSamples_FullFeatureSpace_2024_309,Table_TrainSamples_FullFeatureSpace_2024_1748,7,7,9.949715004311553,False
Table_TrainSamples_FullFeatureSpace_2024_310,Table_TrainSamples_FullFeatureSpace_2024_1689,7,7,9.742647175421958,False
Table_TrainSamples_FullFeatureSpace_2024_313,Table_TrainSamples_FullFeatureSpace_2024_1675,7,7,0.0,False
Table_TrainSamples_FullFeatureSpace_2024_314,Table_TrainSamples_FullFeatureSpace_2024_1711,7,7,9.742321487207292,False
Table_TrainSamples_FullFeatureSpace_2024_316,Table_TrainSamples_FullFeatureSpace_2024_1764,7,7,9.758225384583008,False
Table_TrainSamples_FullFeatureSpace_2024_321,Table_TrainSamples_FullFeatureSpace_2024_1624,7,7,9.946251411087523,False
Table_TrainSamples_FullFeatureSpace_2024_322,Table_TrainSamples_FullFeatureSpace_2024_1785,7,7,9.946249689577128,False
Table_TrainSamples_FullFeatureSpace_2024_324,Table_TrainSamples_FullFeatureSpace_2024_1706,7,7,9.94637348852486,False
Table_TrainSamples_FullFeatureSpace_2024_325,Table_TrainSamples_FullFeatureSpace_2024_1773,7,7,9.757197636269987,False
Table_TrainSamples_FullFeatureSpace_2024_325,Table_TrainSamples_FullFeatureSpace_2024_1692,7,7,9.757198382807088,False
Table_TrainSamples_FullFeatureSpace_2024_325,Table_TrainSamples_FullFeatureSpace_2024_1645,7,7,9.946375993251811,False
Table_TrainSamples_FullFeatureSpace_2024_326,Table_TrainSamples_FullFeatureSpace_2024_1854,8,8,9.757395307465366,False
Table_TrainSamples_FullFeatureSpace_2024_327,Table_TrainSamples_FullFeatureSpace_2024_1845,8,8,0.0,False
Table_TrainSamples_FullFeatureSpace_2024_332,Table_TrainSamples_FullFeatureSpace_2024_1846,8,8,9.951468542281637,False
Table_TrainSamples_FullFeatureSpace_2024_335,Table_TrainSamples_FullFeatureSpace_2024_1886,8,8,9.758527765609271,False
Table_TrainSamples_FullFeatureSpace_2024_340,Table_TrainSamples_FullFeatureSpace_2024_1878,8,8,9.944702377807698,False
Table_TrainSamples_FullFeatureSpace_2024_356,Table_TrainSamples_FullFeatureSpace_2024_1862,8,8,9.775970035131238,False
Table_TrainSamples_FullFeatureSpace_2024_359,Table_TrainSamples_FullFeatureSpace_2024_1869,8,8,9.941950775974346,False
Table_TrainSamples_FullFeatureSpace_2024_365,Table_TrainSamples_FullFeatureSpace_2024_1888,8,8,9.773358405642504,False
Table_TrainSamples_FullFeatureSpace_2024_366,Table_TrainSamples_FullFeatureSpace_2024_1844,8,8,9.773663960817045,False
Table_TrainSamples_FullFeatureSpace_2024_373,Table_TrainSamples_FullFeatureSpace_2024_1804,8,8,9.942077067160728,False
Table_TrainSamples_FullFeatureSpace_2024_376,Table_TrainSamples_FullFeatureSpace_2024_1898,8,8,9.942043299810406,False
Table_TrainSamples_FullFeatureSpace_2024_381,Table_TrainSamples_FullFeatureSpace_2024_1884,8,8,9.946395812641333,False
Table_TrainSamples_FullFeatureSpace_2024_383,Table_TrainSamples_FullFeatureSpace_2024_1811,8,8,9.778813297844442,False
Table_TrainSamples_FullFeatureSpace_2024_384,Table_TrainSamples_FullFeatureSpace_2024_1868,8,8,9.946275696972991,False
Table_TrainSamples_FullFeatureSpace_2024_385,Table_TrainSamples_FullFeatureSpace_2024_1870,8,8,9.77955999934662,False
Table_TrainSamples_FullFeatureSpace_2024_385,Table_TrainSamples_FullFeatureSpace_2024_1828,8,8,9.94625172529772,False
Table_TrainSamples_FullFeatureSpace_2024_391,Table_TrainSamples_FullFeatureSpace_2024_1880,8,8,9.949873094131243,False
Table_TrainSamples_FullFeatureSpace_2024_398,Table_TrainSamples_FullFeatureSpace_2024_1807,8,8,9.946396551022865,False
Table_TrainSamples_FullFeatureSpace_2024_398,Table_TrainSamples_FullFeatureSpace_2024_1848,8,8,9.946396612062314,False
Table_TrainSamples_FullFeatureSpace_2024_399,Table_TrainSamples_FullFeatureSpace_2024_1852,8,8,0.0,False
Table_TrainSamples_FullFeatureSpace_2024_399,Table_TrainSamples_FullFeatureSpace_2024_1809,8,8,9.943188485535378,False
Table_TrainSamples_FullFeatureSpace_2024_401,Table_TrainSamples_FullFeatureSpace_2024_1821,8,8,9.943115159637905,False
Table_TrainSamples_FullFeatureSpace_2024_407,Table_TrainSamples_FullFeatureSpace_2024_1851,8,8,9.942980286352693,False
Table_TrainSamples_FullFeatureSpace_2024_408,Table_TrainSamples_FullFeatureSpace_2024_1834,8,8,0.0,False
Table_TrainSamples_FullFeatureSpace_2024_412,Table_TrainSamples_FullFeatureSpace_2024_1861,8,8,9.942047785186148,False
Table_TrainSamples_FullFeatureSpace_2024_413,Table_TrainSamples_FullFeatureSpace_2024_1805,8,8,9.758120068530651,False
Table_TrainSamples_FullFeatureSpace_2024_418,Table_TrainSamples_FullFeatureSpace_2024_1853,8,8,9.941649620267462,False
Table_TrainSamples_FullFeatureSpace_2024_418,Table_TrainSamples_FullFeatureSpace_2024_1865,8,8,9.762689973880663,False
Table_TrainSamples_FullFeatureSpace_2024_420,Table_TrainSamples_FullFeatureSpace_2024_1881,8,8,9.944801985492381,False
Table_TrainSamples_FullFeatureSpace_2024_424,Table_TrainSamples_FullFeatureSpace_2024_1812,8,8,9.7651173323704,False
Table_TrainSamples_FullFeatureSpace_2024_432,Table_TrainSamples_FullFeatureSpace_2024_1892,8,8,9.94890426656516,False
Table_TrainSamples_FullFeatureSpace_2024_439,Table_TrainSamples_FullFeatureSpace_2024_1965,9,9,9.945496083282874,False
Table_TrainSamples_FullFeatureSpace_2024_455,Table_TrainSamples_FullFeatureSpace_2024_1990,9,9,9.945359164884456,False
Table_TrainSamples_FullFeatureSpace_2024_457,Table_TrainSamples_FullFeatureSpace_2024_1922,9,9,9.773295787901635,False
Table_TrainSamples_FullFeatureSpace_2024_459,Table_TrainSamples_FullFeatureSpace_2024_1960,9,9,9.773118914076832,False
Table_TrainSamples_FullFeatureSpace_2024_462,Table_TrainSamples_FullFeatureSpace_2024_1963,9,9,9.772804970930329,False
Table_TrainSamples_FullFeatureSpace_2024_463,Table_TrainSamples_FullFeatureSpace_2024_1908,9,9,9.94530785652547,False
Table_TrainSamples_FullFeatureSpace_2024_465,Table_TrainSamples_FullFeatureSpace_2024_1976,9,9,9.945298135597081,False
Table_TrainSamples_FullFeatureSpace_2024_467,Table_TrainSamples_FullFeatureSpace_2024_1907,9,9,9.945290560666047,False
Table_TrainSamples_FullFeatureSpace_2024_473,Table_TrainSamples_FullFeatureSpace_2024_1942,9,9,9.751224401524084,False
Table_TrainSamples_FullFeatureSpace_2024_477,Table_TrainSamples_FullFeatureSpace_2024_1981,9,9,9.951033325070128,False
Table_TrainSamples_FullFeatureSpace_2024_481,Table_TrainSamples_FullFeatureSpace_2024_1940,9,9,9.751457966483358,False
Table_TrainSamples_FullFeatureSpace_2024_487,Table_TrainSamples_FullFeatureSpace_2024_1980,9,9,9.951028608490535,False
Table_TrainSamples_FullFeatureSpace_2024_489,Table_TrainSamples_FullFeatureSpace_2024_1947,9,9,9.95102100975528,False
Table_TrainSamples_FullFeatureSpace_2024_490,Table_TrainSamples_FullFeatureSpace_2024_1989,9,9,9.951014296881027,False
Table_TrainSamples_FullFeatureSpace_2024_496,Table_TrainSamples_FullFeatureSpace_2024_1931,9,9,9.950615431084843,False
Table_TrainSamples_FullFeatureSpace_2024_497,Table_TrainSamples_FullFeatureSpace_2024_1932,9,9,0.0,False
Table_TrainSamples_FullFeatureSpace_2024_497,Table_TrainSamples_FullFeatureSpace_2024_1951,9,9,0.0,False
Table_TrainSamples_FullFeatureSpace_2024_497,Table_TrainSamples_FullFeatureSpace_2024_1997,9,9,9.751589912785272,False
Table_TrainSamples_FullFeatureSpace_2024_500,Table_TrainSamples_FullFeatureSpace_2024_1911,9,9,9.752783289261393,False
Table_TrainSamples_FullFeatureSpace_2024_501,Table_TrainSamples_FullFeatureSpace_2024_1935,9,9,0.0,False
Table_TrainSamples_FullFeatureSpace_2024_507,Table_TrainSamples_FullFeatureSpace_2024_1919,9,9,0.0,False
Table_TrainSamples_FullFeatureSpace_2024_509,Table_TrainSamples_FullFeatureSpace_2024_1979,9,9,9.752875624181254,False
Table_TrainSamples_FullFeatureSpace_2024_510,Table_TrainSamples_FullFeatureSpace_2024_1967,9,9,9.753059363525301,False
Table_TrainSamples_FullFeatureSpace_2024_515,Table_TrainSamples_FullFeatureSpace_2024_1953,9,9,9.947921317608007,False
Table_TrainSamples_FullFeatureSpace_2024_519,Table_TrainSamples_FullFeatureSpace_2024_1954,9,9,9.759856190778365,False
Table_TrainSamples_FullFeatureSpace_2024_524,Table_TrainSamples_FullFeatureSpace_2024_1937,9,9,9.950093139318888,False
Table_TrainSamples_FullFeatureSpace_2024_524,Table_TrainSamples_FullFeatureSpace_2024_1913,9,9,9.950093195977544,False
Table_TrainSamples_FullFeatureSpace_2024_528,Table_TrainSamples_FullFeatureSpace_2024_1934,9,9,9.951541879162644,False
Table_TrainSamples_FullFeatureSpace_2024_533,Table_TrainSamples_FullFeatureSpace_2024_1925,9,9,9.750936956570694,False
Table_TrainSamples_FullFeatureSpace_2024_540,Table_TrainSamples_FullFeatureSpace_2024_1927,9,9,9.945882039551414,False
Table_TrainSamples_FullFeatureSpace_2024_543,Table_TrainSamples_FullFeatureSpace_2024_1945,9,9,0.0,False
Table_TrainSamples_FullFeatureSpace_2024_543,Table_TrainSamples_FullFeatureSpace_2024_1904,9,9,9.75296650090408,False
Table_TrainSamples_FullFeatureSpace_2024_544,Table_TrainSamples_FullFeatureSpace_2024_1939,9,9,9.942084649373317,False
Table_TrainSamples_FullFeatureSpace_2024_545,Table_TrainSamples_FullFeatureSpace_2024_1992,9,9,9.76584559091364,False
Table_TrainSamples_FullFeatureSpace_2024_557,Table_TrainSamples_FullFeatureSpace_2024_2079,10,10,9.94670889276645,False
Table_TrainSamples_FullFeatureSpace_2024_559,Table_TrainSamples_FullFeatureSpace_2024_2076,10,10,9.946713426444926,False
Table_TrainSamples_FullFeatureSpace_2024_570,Table_TrainSamples_FullFeatureSpace_2024_2051,10,10,9.946894394956903,False
Table_TrainSamples_FullFeatureSpace_2024_572,Table_TrainSamples_FullFeatureSpace_2024_2097,10,10,0.0,False
Table_TrainSamples_FullFeatureSpace_2024_576,Table_TrainSamples_FullFeatureSpace_2024_2008,10,10,0.0,False
Table_TrainSamples_FullFeatureSpace_2024_585,Table_TrainSamples_FullFeatureSpace_2024_2078,10,10,9.756368902468505,False
Table_TrainSamples_FullFeatureSpace_2024_585,Table_TrainSamples_FullFeatureSpace_2024_2020,10,10,9.944923717818275,False
Table_TrainSamples_FullFeatureSpace_2024_587,Table_TrainSamples_FullFeatureSpace_2024_2043,10,10,9.944932808369174,False
Table_TrainSamples_FullFeatureSpace_2024_592,Table_TrainSamples_FullFeatureSpace_2024_2037,10,10,9.75793451893218,False
Table_TrainSamples_FullFeatureSpace_2024_595,Table_TrainSamples_FullFeatureSpace_2024_2054,10,10,9.944920809686206,False
Table_TrainSamples_FullFeatureSpace_2024_605,Table_TrainSamples_FullFeatureSpace_2024_2063,10,10,0.0,False
Table_TrainSamples_FullFeatureSpace_2024_618,Table_TrainSamples_FullFeatureSpace_2024_2034,10,10,9.944754281563245,False
Table_TrainSamples_FullFeatureSpace_2024_620,Table_TrainSamples_FullFeatureSpace_2024_2073,10,10,9.94475537645912,False
Table_TrainSamples_FullFeatureSpace_2024_620,Table_TrainSamples_FullFeatureSpace_2024_2045,10,10,9.94475537645912,False
Table_TrainSamples_FullFeatureSpace_2024_624,Table_TrainSamples_FullFeatureSpace_2024_2087,10,10,9.760183263280547,False
Table_TrainSamples_FullFeatureSpace_2024_635,Table_TrainSamples_FullFeatureSpace_2024_2086,10,10,9.760436523570784,False
Table_TrainSamples_FullFeatureSpace_2024_637,Table_TrainSamples_FullFeatureSpace_2024_2000,10,10,9.760727585612395,False
Table_TrainSamples_FullFeatureSpace_2024_638,Table_TrainSamples_FullFeatureSpace_2024_2057,10,10,9.943569016378989,False
Table_TrainSamples_FullFeatureSpace_2024_644,Table_TrainSamples_FullFeatureSpace_2024_2007,10,10,9.762874235110573,False
Table_TrainSamples_FullFeatureSpace_2024_648,Table_TrainSamples_FullFeatureSpace_2024_2094,10,10,9.944588838228862,False
Table_TrainSamples_FullFeatureSpace_2024_649,Table_TrainSamples_FullFeatureSpace_2024_2014,10,10,9.762405221600888,False
Table_TrainSamples_FullFeatureSpace_2024_649,Table_TrainSamples_FullFeatureSpace_2024_2099,10,10,0.0,False
Table_TrainSamples_FullFeatureSpace_2024_651,Table_TrainSamples_FullFeatureSpace_2024_2022,10,10,9.762737137588953,False
Table_TrainSamples_FullFeatureSpace_2024_651,Table_TrainSamples_FullFeatureSpace_2024_2036,10,10,9.762737137588953,False
Table_TrainSamples_FullFeatureSpace_2024_654,Table_TrainSamples_FullFeatureSpace_2024_2055,10,10,9.763235269618459,False
Table_TrainSamples_FullFeatureSpace_2024_654,Table_TrainSamples_FullFeatureSpace_2024_2092,10,10,9.763235269618459,False
Table_TrainSamples_FullFeatureSpace_2024_657,Table_TrainSamples_FullFeatureSpace_2024_724,1,1,9.757025492754325,False
Table_TrainSamples_FullFeatureSpace_2024_666,Table_TrainSamples_FullFeatureSpace_2024_686,1,1,9.756903074490326,False
Table_TrainSamples_FullFeatureSpace_2024_670,Table_ValSamples_FullFeatureSpace_2024_62,1,1,9.756744406391288,False
Table_TrainSamples_FullFeatureSpace_2024_676,Table_TrainSamples_FullFeatureSpace_2024_691,1,1,9.946619080150853,False
Table_TrainSamples_FullFeatureSpace_2024_679,Table_TrainSamples_FullFeatureSpace_2024_764,1,1,0.0,False
Table_TrainSamples_FullFeatureSpace_2024_679,Table_TrainSamples_FullFeatureSpace_2024_721,1,1,0.0,False
Table_TrainSamples_FullFeatureSpace_2024_684,Table_TrainSamples_FullFeatureSpace_2024_751,1,1,0.0,False
Table_TrainSamples_FullFeatureSpace_2024_691,Table_TrainSamples_FullFeatureSpace_2024_756,1,1,9.755714999267056,False
Table_TrainSamples_FullFeatureSpace_2024_691,Table_ValSamples_FullFeatureSpace_2024_44,1,1,9.755715751811204,False
Table_TrainSamples_FullFeatureSpace_2024_697,Table_ValSamples_FullFeatureSpace_2024_38,1,1,9.755937003167295,False
Table_TrainSamples_FullFeatureSpace_2024_697,Table_TrainSamples_FullFeatureSpace_2024_731,1,1,9.946515072641871,False
Table_TrainSamples_FullFeatureSpace_2024_700,Table_ValSamples_FullFeatureSpace_2024_75,1,1,9.945035597252586,False
Table_TrainSamples_FullFeatureSpace_2024_702,Table_ValSamples_FullFeatureSpace_2024_35,1,1,9.945965209451005,False
Table_TrainSamples_FullFeatureSpace_2024_703,Table_ValSamples_FullFeatureSpace_2024_43,1,1,9.946609178870348,False
Table_TrainSamples_FullFeatureSpace_2024_719,Table_ValSamples_FullFeatureSpace_2024_28,1,1,9.945867716874169,False
Table_TrainSamples_FullFeatureSpace_2024_721,Table_TrainSamples_FullFeatureSpace_2024_764,1,1,0.0,False
Table_TrainSamples_FullFeatureSpace_2024_727,Table_ValSamples_FullFeatureSpace_2024_63,1,1,9.94593983297888,False
Table_TrainSamples_FullFeatureSpace_2024_732,Table_ValSamples_FullFeatureSpace_2024_32,1,1,9.765672630413416,False
Table_TrainSamples_FullFeatureSpace_2024_733,Table_TrainSamples_FullFeatureSpace_2024_748,1,1,9.757056745013843,False
Table_TrainSamples_FullFeatureSpace_2024_737,Table_ValSamples_FullFeatureSpace_2024_73,1,1,9.94579727471881,False
Table_TrainSamples_FullFeatureSpace_2024_738,Table_TrainSamples_FullFeatureSpace_2024_755,1,1,9.75662385298239,False
Table_TrainSamples_FullFeatureSpace_2024_750,Table_ValSamples_FullFeatureSpace_2024_52,1,1,0.0,False
Table_TrainSamples_FullFeatureSpace_2024_765,Table_ValSamples_FullFeatureSpace_2024_27,1,1,9.76550001874395,False
Table_TrainSamples_FullFeatureSpace_2024_768,Table_ValSamples_FullFeatureSpace_2024_103,2,2,9.762923294220828,False
Table_TrainSamples_FullFeatureSpace_2024_771,Table_ValSamples_FullFeatureSpace_2024_148,2,2,9.946312625563301,False
Table_TrainSamples_FullFeatureSpace_2024_771,Table_TrainSamples_FullFeatureSpace_2024_780,2,2,0.0,False
Table_TrainSamples_FullFeatureSpace_2024_771,Table_TrainSamples_FullFeatureSpace_2024_904,2,2,9.946312684390543,False
Table_TrainSamples_FullFeatureSpace_2024_771,Table_TrainSamples_FullFeatureSpace_2024_927,2,2,9.756933092731613,False
Table_TrainSamples_FullFeatureSpace_2024_771,Table_TrainSamples_FullFeatureSpace_2024_956,2,2,9.756933092731613,False
Table_TrainSamples_FullFeatureSpace_2024_772,Table_ValSamples_FullFeatureSpace_2024_106,2,2,9.762929746065852,False
Table_TrainSamples_FullFeatureSpace_2024_772,Table_TrainSamples_FullFeatureSpace_2024_817,2,2,0.0,False
Table_TrainSamples_FullFeatureSpace_2024_774,Table_TrainSamples_FullFeatureSpace_2024_873,2,2,0.0,False
Table_TrainSamples_FullFeatureSpace_2024_774,Table_TrainSamples_FullFeatureSpace_2024_962,2,2,0.0,False
Table_TrainSamples_FullFeatureSpace_2024_775,Table_ValSamples_FullFeatureSpace_2024_141,2,2,9.946311853825533,False
Table_TrainSamples_FullFeatureSpace_2024_778,Table_TrainSamples_FullFeatureSpace_2024_840,2,2,9.757247104850013,False
Table_TrainSamples_FullFeatureSpace_2024_778,Table_ValSamples_FullFeatureSpace_2024_82,2,2,9.946430040745257,False
Table_TrainSamples_FullFeatureSpace_2024_779,Table_ValSamples_FullFeatureSpace_2024_128,2,2,0.0,False
Table_TrainSamples_FullFeatureSpace_2024_780,Table_ValSamples_FullFeatureSpace_2024_148,2,2,9.946312625563301,False
Table_TrainSamples_FullFeatureSpace_2024_780,Table_TrainSamples_FullFeatureSpace_2024_904,2,2,9.946312684390543,False
Table_TrainSamples_FullFeatureSpace_2024_780,Table_TrainSamples_FullFeatureSpace_2024_927,2,2,9.756933092731613,False
Table_TrainSamples_FullFeatureSpace_2024_780,Table_TrainSamples_FullFeatureSpace_2024_956,2,2,9.756933092731613,False
Table_TrainSamples_FullFeatureSpace_2024_781,Table_TrainSamples_FullFeatureSpace_2024_926,2,2,9.762889513059232,False
Table_TrainSamples_FullFeatureSpace_2024_782,Table_TrainSamples_FullFeatureSpace_2024_820,2,2,9.946406227088852,False
Table_TrainSamples_FullFeatureSpace_2024_782,Table_TrainSamples_FullFeatureSpace_2024_783,2,2,9.757195285700316,False
Table_TrainSamples_FullFeatureSpace_2024_782,Table_ValSamples_FullFeatureSpace_2024_87,2,2,9.946406167497797,False
Table_TrainSamples_FullFeatureSpace_2024_784,Table_ValSamples_FullFeatureSpace_2024_97,2,2,9.765677134253094,False
Table_TrainSamples_FullFeatureSpace_2024_784,Table_TrainSamples_FullFeatureSpace_2024_795,2,2,9.945929086903492,False
Table_TrainSamples_FullFeatureSpace_2024_785,Table_TrainSamples_FullFeatureSpace_2024_828,2,2,0.0,False
Table_TrainSamples_FullFeatureSpace_2024_785,Table_ValSamples_FullFeatureSpace_2024_110,2,2,9.946408258805423,False
Table_TrainSamples_FullFeatureSpace_2024_786,Table_TrainSamples_FullFeatureSpace_2024_952,2,2,9.755232135866851,False
Table_TrainSamples_FullFeatureSpace_2024_786,Table_TrainSamples_FullFeatureSpace_2024_845,2,2,9.755232881961154,False
Table_TrainSamples_FullFeatureSpace_2024_786,Table_TrainSamples_FullFeatureSpace_2024_879,2,2,9.755232881961154,False
Table_TrainSamples_FullFeatureSpace_2024_787,Table_TrainSamples_FullFeatureSpace_2024_857,2,2,9.75650830562798,False
Table_TrainSamples_FullFeatureSpace_2024_788,Table_ValSamples_FullFeatureSpace_2024_102,2,2,9.9463726493514,False
Table_TrainSamples_FullFeatureSpace_2024_789,Table_TrainSamples_FullFeatureSpace_2024_865,2,2,0.0,False
Table_TrainSamples_FullFeatureSpace_2024_790,Table_TrainSamples_FullFeatureSpace_2024_837,2,2,0.0,False
Table_TrainSamples_FullFeatureSpace_2024_791,Table_TrainSamples_FullFeatureSpace_2024_849,2,2,9.765643462699554,False
Table_TrainSamples_FullFeatureSpace_2024_792,Table_ValSamples_FullFeatureSpace_2024_144,2,2,9.756837670209972,False
Table_TrainSamples_FullFeatureSpace_2024_793,Table_TrainSamples_FullFeatureSpace_2024_890,2,2,0.0,False
Table_TrainSamples_FullFeatureSpace_2024_795,Table_TrainSamples_FullFeatureSpace_2024_824,2,2,9.765673703438614,False
Table_TrainSamples_FullFeatureSpace_2024_796,Table_TrainSamples_FullFeatureSpace_2024_911,2,2,0.0,False
Table_TrainSamples_FullFeatureSpace_2024_797,Table_TrainSamples_FullFeatureSpace_2024_860,2,2,9.756561894538594,False
Table_TrainSamples_FullFeatureSpace_2024_799,Table_ValSamples_FullFeatureSpace_2024_137,2,2,9.946285356906223,False
Table_TrainSamples_FullFeatureSpace_2024_801,Table_TrainSamples_FullFeatureSpace_2024_954,2,2,0.0,False
Table_TrainSamples_FullFeatureSpace_2024_802,Table_TrainSamples_FullFeatureSpace_2024_843,2,2,9.756540812821207,False
Table_TrainSamples_FullFeatureSpace_2024_804,Table_ValSamples_FullFeatureSpace_2024_101,2,2,9.765614460988191,False
Table_TrainSamples_FullFeatureSpace_2024_806,Table_TrainSamples_FullFeatureSpace_2024_854,2,2,9.946339226998498,False
Table_TrainSamples_FullFeatureSpace_2024_810,Table_ValSamples_FullFeatureSpace_2024_144,2,2,9.756838414203463,False
Table_TrainSamples_FullFeatureSpace_2024_811,Table_ValSamples_FullFeatureSpace_2024_115,2,2,9.75650131323351,False
Table_TrainSamples_FullFeatureSpace_2024_812,Table_TrainSamples_FullFeatureSpace_2024_835,2,2,9.946401084291615,False
Table_TrainSamples_FullFeatureSpace_2024_812,Table_ValSamples_FullFeatureSpace_2024_109,2,2,9.762979860432136,False
Table_TrainSamples_FullFeatureSpace_2024_813,Table_ValSamples_FullFeatureSpace_2024_132,2,2,9.756844723011824,False
Table_TrainSamples_FullFeatureSpace_2024_815,Table_ValSamples_FullFeatureSpace_2024_146,2,2,9.756866141843533,False
Table_TrainSamples_FullFeatureSpace_2024_816,Table_TrainSamples_FullFeatureSpace_2024_905,2,2,9.945876715312197,False
Table_TrainSamples_FullFeatureSpace_2024_817,Table_ValSamples_FullFeatureSpace_2024_106,2,2,9.762929746065852,False
Table_TrainSamples_FullFeatureSpace_2024_819,Table_TrainSamples_FullFeatureSpace_2024_943,2,2,9.765601762709146,False
Table_TrainSamples_FullFeatureSpace_2024_819,Table_TrainSamples_FullFeatureSpace_2024_941,2,2,0.0,False
Table_TrainSamples_FullFeatureSpace_2024_821,Table_TrainSamples_FullFeatureSpace_2024_835,2,2,9.762976407653584,False
Table_TrainSamples_FullFeatureSpace_2024_821,Table_ValSamples_FullFeatureSpace_2024_109,2,2,9.946400319705981,False
Table_TrainSamples_FullFeatureSpace_2024_821,Table_TrainSamples_FullFeatureSpace_2024_827,2,2,9.762975658795098,False
Table_TrainSamples_FullFeatureSpace_2024_824,Table_ValSamples_FullFeatureSpace_2024_97,2,2,9.945929838700486,False
Table_TrainSamples_FullFeatureSpace_2024_825,Table_TrainSamples_FullFeatureSpace_2024_871,2,2,9.946276396886224,False
Table_TrainSamples_FullFeatureSpace_2024_825,Table_TrainSamples_FullFeatureSpace_2024_903,2,2,9.946276396886224,False
Table_TrainSamples_FullFeatureSpace_2024_826,Table_TrainSamples_FullFeatureSpace_2024_907,2,2,9.756519837053098,False
Table_TrainSamples_FullFeatureSpace_2024_827,Table_TrainSamples_FullFeatureSpace_2024_861,2,2,9.946399556050178,False
Table_TrainSamples_FullFeatureSpace_2024_828,Table_ValSamples_FullFeatureSpace_2024_110,2,2,9.946408258805423,False
Table_TrainSamples_FullFeatureSpace_2024_830,Table_ValSamples_FullFeatureSpace_2024_137,2,2,9.946285296934473,False
Table_TrainSamples_FullFeatureSpace_2024_830,Table_TrainSamples_FullFeatureSpace_2024_888,2,2,9.75696023414127,False
Table_TrainSamples_FullFeatureSpace_2024_831,Table_TrainSamples_FullFeatureSpace_2024_844,2,2,9.945882306452207,False
Table_TrainSamples_FullFeatureSpace_2024_831,Table_TrainSamples_FullFeatureSpace_2024_855,2,2,9.765599069564068,False
Table_TrainSamples_FullFeatureSpace_2024_832,Table_TrainSamples_FullFeatureSpace_2024_864,2,2,9.94646084045585,False
Table_TrainSamples_FullFeatureSpace_2024_832,Table_ValSamples_FullFeatureSpace_2024_120,2,2,9.946460900560643,False
Table_TrainSamples_FullFeatureSpace_2024_835,Table_TrainSamples_FullFeatureSpace_2024_876,2,2,9.946401142691323,False
Table_TrainSamples_FullFeatureSpace_2024_836,Table_TrainSamples_FullFeatureSpace_2024_931,2,2,9.75654209911318,False
Table_TrainSamples_FullFeatureSpace_2024_839,Table_ValSamples_FullFeatureSpace_2024_96,2,2,9.945920010408933,False
Table_TrainSamples_FullFeatureSpace_2024_839,Table_TrainSamples_FullFeatureSpace_2024_920,2,2,9.765671708772693,False
Table_TrainSamples_FullFeatureSpace_2024_842,Table_ValSamples_FullFeatureSpace_2024_129,2,2,0.0,False
Table_TrainSamples_FullFeatureSpace_2024_845,Table_TrainSamples_FullFeatureSpace_2024_879,2,2,0.0,False
Table_TrainSamples_FullFeatureSpace_2024_849,Table_TrainSamples_FullFeatureSpace_2024_929,2,2,9.945898288450854,False
Table_TrainSamples_FullFeatureSpace_2024_851,Table_TrainSamples_FullFeatureSpace_2024_910,2,2,9.765583870875727,False
Table_TrainSamples_FullFeatureSpace_2024_851,Table_TrainSamples_FullFeatureSpace_2024_933,2,2,0.0,False
Table_TrainSamples_FullFeatureSpace_2024_854,Table_ValSamples_FullFeatureSpace_2024_112,2,2,9.756501612948076,False
Table_TrainSamples_FullFeatureSpace_2024_855,Table_TrainSamples_FullFeatureSpace_2024_943,2,2,9.945881497404812,False
Table_TrainSamples_FullFeatureSpace_2024_860,Table_TrainSamples_FullFeatureSpace_2024_914,2,2,9.946161585354197,False
Table_TrainSamples_FullFeatureSpace_2024_861,Table_ValSamples_FullFeatureSpace_2024_109,2,2,9.762979111817259,False
Table_TrainSamples_FullFeatureSpace_2024_869,Table_ValSamples_FullFeatureSpace_2024_136,2,2,9.756968485428493,False
Table_TrainSamples_FullFeatureSpace_2024_869,Table_TrainSamples_FullFeatureSpace_2024_895,2,2,9.946283546547875,False
Table_TrainSamples_FullFeatureSpace_2024_870,Table_TrainSamples_FullFeatureSpace_2024_884,2,2,9.946311065220835,False
Table_TrainSamples_FullFeatureSpace_2024_871,Table_TrainSamples_FullFeatureSpace_2024_903,2,2,0.0,False
Table_TrainSamples_FullFeatureSpace_2024_872,Table_ValSamples_FullFeatureSpace_2024_135,2,2,9.756966041190202,False
Table_TrainSamples_FullFeatureSpace_2024_873,Table_TrainSamples_FullFeatureSpace_2024_962,2,2,0.0,False
Table_TrainSamples_FullFeatureSpace_2024_875,Table_TrainSamples_FullFeatureSpace_2024_965,2,2,9.9458703062256,False
Table_TrainSamples_FullFeatureSpace_2024_875,Table_TrainSamples_FullFeatureSpace_2024_915,2,2,9.945870364702502,False
Table_TrainSamples_FullFeatureSpace_2024_883,Table_TrainSamples_FullFeatureSpace_2024_960,2,2,9.7565695055517,False
Table_TrainSamples_FullFeatureSpace_2024_884,Table_ValSamples_FullFeatureSpace_2024_142,2,2,9.756893180324342,False
Table_TrainSamples_FullFeatureSpace_2024_886,Table_TrainSamples_FullFeatureSpace_2024_951,2,2,9.757237188106451,False
Table_TrainSamples_FullFeatureSpace_2024_887,Table_ValSamples_FullFeatureSpace_2024_102,2,2,9.762959778178233,False
Table_TrainSamples_FullFeatureSpace_2024_889,Table_TrainSamples_FullFeatureSpace_2024_913,2,2,0.0,False
Table_TrainSamples_FullFeatureSpace_2024_891,Table_ValSamples_FullFeatureSpace_2024_100,2,2,0.0,False
Table_TrainSamples_FullFeatureSpace_2024_892,Table_ValSamples_FullFeatureSpace_2024_118,2,2,9.946460555853655,False
Table_TrainSamples_FullFeatureSpace_2024_893,Table_TrainSamples_FullFeatureSpace_2024_958,2,2,9.755211779623405,False
Table_TrainSamples_FullFeatureSpace_2024_898,Table_ValSamples_FullFeatureSpace_2024_127,2,2,9.756608056600744,False
Table_TrainSamples_FullFeatureSpace_2024_900,Table_ValSamples_FullFeatureSpace_2024_131,2,2,9.946247349219131,False
Table_TrainSamples_FullFeatureSpace_2024_900,Table_TrainSamples_FullFeatureSpace_2024_923,2,2,9.756841331378915,False
Table_TrainSamples_FullFeatureSpace_2024_906,Table_ValSamples_FullFeatureSpace_2024_140,2,2,9.756988754714566,False
Table_TrainSamples_FullFeatureSpace_2024_906,Table_TrainSamples_FullFeatureSpace_2024_918,2,2,0.0,False
Table_TrainSamples_FullFeatureSpace_2024_907,Table_ValSamples_FullFeatureSpace_2024_113,2,2,9.946340505441487,False
Table_TrainSamples_FullFeatureSpace_2024_910,Table_TrainSamples_FullFeatureSpace_2024_933,2,2,9.765583870875727,False
Table_TrainSamples_FullFeatureSpace_2024_912,Table_TrainSamples_FullFeatureSpace_2024_953,2,2,0.0,False
Table_TrainSamples_FullFeatureSpace_2024_916,Table_TrainSamples_FullFeatureSpace_2024_961,2,2,9.762919090573163,False
Table_TrainSamples_FullFeatureSpace_2024_916,Table_ValSamples_FullFeatureSpace_2024_103,2,2,9.946374879231287,False
Table_TrainSamples_FullFeatureSpace_2024_918,Table_ValSamples_FullFeatureSpace_2024_140,2,2,9.756988754714566,False
Table_TrainSamples_FullFeatureSpace_2024_926,Table_ValSamples_FullFeatureSpace_2024_104,2,2,9.946376933302194,False
Table_TrainSamples_FullFeatureSpace_2024_927,Table_TrainSamples_FullFeatureSpace_2024_956,2,2,0.0,False
Table_TrainSamples_FullFeatureSpace_2024_928,Table_TrainSamples_FullFeatureSpace_2024_958,2,2,9.755212524923442,False
Table_TrainSamples_FullFeatureSpace_2024_935,Table_ValSamples_FullFeatureSpace_2024_123,2,2,9.755248101457942,False
Table_TrainSamples_FullFeatureSpace_2024_937,Table_ValSamples_FullFeatureSpace_2024_80,2,2,9.757163293937314,False
Table_TrainSamples_FullFeatureSpace_2024_941,Table_TrainSamples_FullFeatureSpace_2024_943,2,2,9.765601762709146,False
Table_TrainSamples_FullFeatureSpace_2024_949,Table_ValSamples_FullFeatureSpace_2024_147,2,2,9.756855750985876,False
Table_TrainSamples_FullFeatureSpace_2024_951,Table_ValSamples_FullFeatureSpace_2024_88,2,2,9.946405456351119,False
Table_TrainSamples_FullFeatureSpace_2024_959,Table_ValSamples_FullFeatureSpace_2024_149,2,2,9.756923133205692,False
Table_TrainSamples_FullFeatureSpace_2024_963,Table_ValSamples_FullFeatureSpace_2024_89,2,2,9.945870997128127,False
Table_TrainSamples_FullFeatureSpace_2024_965,Table_ValSamples_FullFeatureSpace_2024_89,2,2,9.765588022278235,False
Table_TrainSamples_FullFeatureSpace_2024_967,Table_ValSamples_FullFeatureSpace_2024_159,3,3,9.945960377628511,False
Table_TrainSamples_FullFeatureSpace_2024_967,Table_TrainSamples_FullFeatureSpace_2024_1099,3,3,9.765770642296397,False
Table_TrainSamples_FullFeatureSpace_2024_971,Table_TrainSamples_FullFeatureSpace_2024_982,3,3,9.946094863448536,False
Table_TrainSamples_FullFeatureSpace_2024_971,Table_TrainSamples_FullFeatureSpace_2024_1022,3,3,9.946094863448536,False
Table_TrainSamples_FullFeatureSpace_2024_973,Table_TrainSamples_FullFeatureSpace_2024_1029,3,3,9.945887000610943,False
Table_TrainSamples_FullFeatureSpace_2024_973,Table_ValSamples_FullFeatureSpace_2024_187,3,3,9.756732880642376,False
Table_TrainSamples_FullFeatureSpace_2024_974,Table_TrainSamples_FullFeatureSpace_2024_986,3,3,9.756547575831911,False
Table_TrainSamples_FullFeatureSpace_2024_974,Table_TrainSamples_FullFeatureSpace_2024_1169,3,3,9.946071749618879,False
Table_TrainSamples_FullFeatureSpace_2024_975,Table_TrainSamples_FullFeatureSpace_2024_1051,3,3,0.0,False
Table_TrainSamples_FullFeatureSpace_2024_975,Table_TrainSamples_FullFeatureSpace_2024_1155,3,3,0.0,False
Table_TrainSamples_FullFeatureSpace_2024_975,Table_TrainSamples_FullFeatureSpace_2024_1135,3,3,9.756704356370953,False
Table_TrainSamples_FullFeatureSpace_2024_975,Table_ValSamples_FullFeatureSpace_2024_161,3,3,9.946143920563422,False
Table_TrainSamples_FullFeatureSpace_2024_978,Table_TrainSamples_FullFeatureSpace_2024_1074,3,3,9.756674931980758,False
Table_TrainSamples_FullFeatureSpace_2024_978,Table_ValSamples_FullFeatureSpace_2024_193,3,3,9.946142891785657,False
Table_TrainSamples_FullFeatureSpace_2024_979,Table_TrainSamples_FullFeatureSpace_2024_1131,3,3,9.756639926625807,False
Table_TrainSamples_FullFeatureSpace_2024_979,Table_ValSamples_FullFeatureSpace_2024_2,3,3,0.0,False
Table_TrainSamples_FullFeatureSpace_2024_980,Table_TrainSamples_FullFeatureSpace_2024_1019,3,3,9.765624894488198,False
Table_TrainSamples_FullFeatureSpace_2024_981,Table_TrainSamples_FullFeatureSpace_2024_985,3,3,9.946086239286663,False
Table_TrainSamples_FullFeatureSpace_2024_982,Table_TrainSamples_FullFeatureSpace_2024_1022,3,3,0.0,False
Table_TrainSamples_FullFeatureSpace_2024_982,Table_ValSamples_FullFeatureSpace_2024_174,3,3,9.756620036598738,False
Table_TrainSamples_FullFeatureSpace_2024_985,Table_ValSamples_FullFeatureSpace_2024_180,3,3,9.756544822270277,False
Table_TrainSamples_FullFeatureSpace_2024_986,Table_TrainSamples_FullFeatureSpace_2024_1048,3,3,9.756546840516226,False
Table_TrainSamples_FullFeatureSpace_2024_986,Table_ValSamples_FullFeatureSpace_2024_182,3,3,9.9460709994666,False
Table_TrainSamples_FullFeatureSpace_2024_988,Table_TrainSamples_FullFeatureSpace_2024_993,3,3,0.0,False
Table_TrainSamples_FullFeatureSpace_2024_989,Table_TrainSamples_FullFeatureSpace_2024_1033,3,3,9.75666561570494,False
Table_TrainSamples_FullFeatureSpace_2024_989,Table_ValSamples_FullFeatureSpace_2024_172,3,3,9.946068975200602,False
Table_TrainSamples_FullFeatureSpace_2024_990,Table_ValSamples_FullFeatureSpace_2024_4,3,3,9.946087679817953,False
Table_TrainSamples_FullFeatureSpace_2024_990,Table_TrainSamples_FullFeatureSpace_2024_1153,3,3,9.756549788323408,False
Table_TrainSamples_FullFeatureSpace_2024_990,Table_TrainSamples_FullFeatureSpace_2024_1134,3,3,9.946087739881085,False
Table_TrainSamples_FullFeatureSpace_2024_991,Table_ValSamples_FullFeatureSpace_2024_196,3,3,9.946135956594718,False
Table_TrainSamples_FullFeatureSpace_2024_992,Table_ValSamples_FullFeatureSpace_2024_163,3,3,9.756693289612226,False
Table_TrainSamples_FullFeatureSpace_2024_992,Table_TrainSamples_FullFeatureSpace_2024_1082,3,3,0.0,False
Table_TrainSamples_FullFeatureSpace_2024_994,Table_ValSamples_FullFeatureSpace_2024_154,3,3,9.76564573855565,False
Table_TrainSamples_FullFeatureSpace_2024_994,Table_TrainSamples_FullFeatureSpace_2024_1001,3,3,9.765645002123211,False
Table_TrainSamples_FullFeatureSpace_2024_994,Table_TrainSamples_FullFeatureSpace_2024_1168,3,3,9.945921922628063,False
Table_TrainSamples_FullFeatureSpace_2024_996,Table_ValSamples_FullFeatureSpace_2024_182,3,3,9.94607105905147,False
Table_TrainSamples_FullFeatureSpace_2024_996,Table_TrainSamples_FullFeatureSpace_2024_1081,3,3,0.0,False
Table_TrainSamples_FullFeatureSpace_2024_996,Table_TrainSamples_FullFeatureSpace_2024_1064,3,3,9.756540588294284,False
Table_TrainSamples_FullFeatureSpace_2024_997,Table_TrainSamples_FullFeatureSpace_2024_1057,3,3,9.756592257740705,False
Table_TrainSamples_FullFeatureSpace_2024_997,Table_TrainSamples_FullFeatureSpace_2024_1054,3,3,9.946069476102293,False
Table_TrainSamples_FullFeatureSpace_2024_998,Table_TrainSamples_FullFeatureSpace_2024_1057,3,3,9.946070165964088,False
Table_TrainSamples_FullFeatureSpace_2024_999,Table_ValSamples_FullFeatureSpace_2024_181,3,3,9.946079308713413,False
Table_TrainSamples_FullFeatureSpace_2024_999,Table_TrainSamples_FullFeatureSpace_2024_1036,3,3,9.756547945035814,False
Table_TrainSamples_FullFeatureSpace_2024_999,Table_TrainSamples_FullFeatureSpace_2024_1071,3,3,9.756547945035814,False
Table_TrainSamples_FullFeatureSpace_2024_1002,Table_TrainSamples_FullFeatureSpace_2024_1144,3,3,9.946118838508559,False
Table_TrainSamples_FullFeatureSpace_2024_1004,Table_ValSamples_FullFeatureSpace_2024_184,3,3,9.75681942343484,False
Table_TrainSamples_FullFeatureSpace_2024_1005,Table_TrainSamples_FullFeatureSpace_2024_1171,3,3,0.0,False
Table_TrainSamples_FullFeatureSpace_2024_1005,Table_ValSamples_FullFeatureSpace_2024_169,3,3,9.946093220162679,False
Table_TrainSamples_FullFeatureSpace_2024_1005,Table_TrainSamples_FullFeatureSpace_2024_1006,3,3,9.756672436116183,False
Table_TrainSamples_FullFeatureSpace_2024_1006,Table_TrainSamples_FullFeatureSpace_2024_1171,3,3,9.756672436116183,False
Table_TrainSamples_FullFeatureSpace_2024_1007,Table_TrainSamples_FullFeatureSpace_2024_1101,3,3,9.945887628006954,False
Table_TrainSamples_FullFeatureSpace_2024_1008,Table_ValSamples_FullFeatureSpace_2024_195,3,3,9.756663096772478,False
Table_TrainSamples_FullFeatureSpace_2024_1009,Table_ValSamples_FullFeatureSpace_2024_192,3,3,9.756526817549041,False
Table_TrainSamples_FullFeatureSpace_2024_1009,Table_TrainSamples_FullFeatureSpace_2024_1053,3,3,9.75652755252733,False
Table_TrainSamples_FullFeatureSpace_2024_1010,Table_ValSamples_FullFeatureSpace_2024_197,3,3,9.756329834413014,False
Table_TrainSamples_FullFeatureSpace_2024_1011,Table_ValSamples_FullFeatureSpace_2024_8,3,3,9.75662317096858,False
Table_TrainSamples_FullFeatureSpace_2024_1011,Table_TrainSamples_FullFeatureSpace_2024_1017,3,3,0.0,False
Table_TrainSamples_FullFeatureSpace_2024_1011,Table_TrainSamples_FullFeatureSpace_2024_1127,3,3,9.946100988840538,False
Table_TrainSamples_FullFeatureSpace_2024_1013,Table_TrainSamples_FullFeatureSpace_2024_1029,3,3,9.756735643088762,False
Table_TrainSamples_FullFeatureSpace_2024_1014,Table_ValSamples_FullFeatureSpace_2024_154,3,3,9.945922732929258,False
Table_TrainSamples_FullFeatureSpace_2024_1014,Table_TrainSamples_FullFeatureSpace_2024_1084,3,3,9.765643045392556,False
Table_TrainSamples_FullFeatureSpace_2024_1015,Table_ValSamples_FullFeatureSpace_2024_178,3,3,9.756555505393733,False
Table_TrainSamples_FullFeatureSpace_2024_1016,Table_TrainSamples_FullFeatureSpace_2024_1158,3,3,9.756633675115898,False
Table_TrainSamples_FullFeatureSpace_2024_1017,Table_ValSamples_FullFeatureSpace_2024_8,3,3,9.75662317096858,False
Table_TrainSamples_FullFeatureSpace_2024_1017,Table_TrainSamples_FullFeatureSpace_2024_1127,3,3,9.946100988840538,False
Table_TrainSamples_FullFeatureSpace_2024_1020,Table_TrainSamples_FullFeatureSpace_2024_1076,3,3,9.76574441314717,False
Table_TrainSamples_FullFeatureSpace_2024_1020,Table_TrainSamples_FullFeatureSpace_2024_1052,3,3,9.76574441314717,False
Table_TrainSamples_FullFeatureSpace_2024_1020,Table_TrainSamples_FullFeatureSpace_2024_1087,3,3,9.76574441314717,False
Table_TrainSamples_FullFeatureSpace_2024_1021,Table_ValSamples_FullFeatureSpace_2024_190,3,3,9.94588843192078,False
Table_TrainSamples_FullFeatureSpace_2024_1022,Table_ValSamples_FullFeatureSpace_2024_174,3,3,9.756620036598738,False
Table_TrainSamples_FullFeatureSpace_2024_1023,Table_TrainSamples_FullFeatureSpace_2024_1080,3,3,9.94607849918993,False
Table_TrainSamples_FullFeatureSpace_2024_1023,Table_TrainSamples_FullFeatureSpace_2024_1032,3,3,9.756550703089106,False
Table_TrainSamples_FullFeatureSpace_2024_1023,Table_ValSamples_FullFeatureSpace_2024_181,3,3,9.756551438882727,False
Table_TrainSamples_FullFeatureSpace_2024_1023,Table_TrainSamples_FullFeatureSpace_2024_1036,3,3,9.946078558314468,False
Table_TrainSamples_FullFeatureSpace_2024_1023,Table_TrainSamples_FullFeatureSpace_2024_1071,3,3,9.946078558314468,False
Table_TrainSamples_FullFeatureSpace_2024_1024,Table_TrainSamples_FullFeatureSpace_2024_1132,3,3,9.756284013422135,False
Table_TrainSamples_FullFeatureSpace_2024_1024,Table_ValSamples_FullFeatureSpace_2024_198,3,3,0.0,False
Table_TrainSamples_FullFeatureSpace_2024_1024,Table_TrainSamples_FullFeatureSpace_2024_1042,3,3,9.946118146231358,False
Table_TrainSamples_FullFeatureSpace_2024_1026,Table_ValSamples_FullFeatureSpace_2024_171,3,3,9.7566667221788,False
Table_TrainSamples_FullFeatureSpace_2024_1026,Table_TrainSamples_FullFeatureSpace_2024_1117,3,3,9.756667459361823,False
Table_TrainSamples_FullFeatureSpace_2024_1027,Table_TrainSamples_FullFeatureSpace_2024_1075,3,3,9.765760351017652,False
Table_TrainSamples_FullFeatureSpace_2024_1027,Table_ValSamples_FullFeatureSpace_2024_1,3,3,0.0,False
Table_TrainSamples_FullFeatureSpace_2024_1030,Table_TrainSamples_FullFeatureSpace_2024_1121,3,3,9.756807984712083,False
Table_TrainSamples_FullFeatureSpace_2024_1030,Table_ValSamples_FullFeatureSpace_2024_183,3,3,9.945927376675579,False
Table_TrainSamples_FullFeatureSpace_2024_1030,Table_TrainSamples_FullFeatureSpace_2024_1031,3,3,0.0,False
Table_TrainSamples_FullFeatureSpace_2024_1031,Table_TrainSamples_FullFeatureSpace_2024_1121,3,3,9.756807984712083,False
Table_TrainSamples_FullFeatureSpace_2024_1031,Table_ValSamples_FullFeatureSpace_2024_183,3,3,9.945927376675579,False
Table_TrainSamples_FullFeatureSpace_2024_1034,Table_TrainSamples_FullFeatureSpace_2024_1132,3,3,9.946117395265736,False
Table_TrainSamples_FullFeatureSpace_2024_1034,Table_TrainSamples_FullFeatureSpace_2024_1040,3,3,9.756286771123005,False
Table_TrainSamples_FullFeatureSpace_2024_1034,Table_TrainSamples_FullFeatureSpace_2024_1042,3,3,9.756287509284165,False
Table_TrainSamples_FullFeatureSpace_2024_1036,Table_TrainSamples_FullFeatureSpace_2024_1071,3,3,0.0,False
Table_TrainSamples_FullFeatureSpace_2024_1036,Table_TrainSamples_FullFeatureSpace_2024_1041,3,3,9.946078618372294,False
Table_TrainSamples_FullFeatureSpace_2024_1037,Table_ValSamples_FullFeatureSpace_2024_197,3,3,9.756330571420714,False
Table_TrainSamples_FullFeatureSpace_2024_1039,Table_ValSamples_FullFeatureSpace_2024_163,3,3,9.756692552235934,False
Table_TrainSamples_FullFeatureSpace_2024_1039,Table_TrainSamples_FullFeatureSpace_2024_1095,3,3,0.0,False
Table_TrainSamples_FullFeatureSpace_2024_1041,Table_TrainSamples_FullFeatureSpace_2024_1071,3,3,9.946078618372294,False
Table_TrainSamples_FullFeatureSpace_2024_1042,Table_TrainSamples_FullFeatureSpace_2024_1144,3,3,9.756288244594538,False
Table_TrainSamples_FullFeatureSpace_2024_1042,Table_ValSamples_FullFeatureSpace_2024_198,3,3,9.946118146231358,False
Table_TrainSamples_FullFeatureSpace_2024_1046,Table_TrainSamples_FullFeatureSpace_2024_1065,3,3,9.765634451461118,False
Table_TrainSamples_FullFeatureSpace_2024_1046,Table_ValSamples_FullFeatureSpace_2024_6,3,3,9.765634451461118,False
Table_TrainSamples_FullFeatureSpace_2024_1046,Table_TrainSamples_FullFeatureSpace_2024_1140,3,3,9.945917531733516,False
Table_TrainSamples_FullFeatureSpace_2024_1046,Table_ValSamples_FullFeatureSpace_2024_565,3,3,9.945917590010206,False
Table_TrainSamples_FullFeatureSpace_2024_1047,Table_ValSamples_FullFeatureSpace_2024_561,3,3,9.945962117097023,False
Table_TrainSamples_FullFeatureSpace_2024_1047,Table_TrainSamples_FullFeatureSpace_2024_1150,3,3,0.0,False
Table_TrainSamples_FullFeatureSpace_2024_1047,Table_TrainSamples_FullFeatureSpace_2024_1164,3,3,9.945962117097023,False
Table_TrainSamples_FullFeatureSpace_2024_1047,Table_ValSamples_FullFeatureSpace_2024_158,3,3,9.765754230457256,False
Table_TrainSamples_FullFeatureSpace_2024_1049,Table_TrainSamples_FullFeatureSpace_2024_1129,3,3,9.946076796740607,False
Table_TrainSamples_FullFeatureSpace_2024_1051,Table_TrainSamples_FullFeatureSpace_2024_1155,3,3,0.0,False
Table_TrainSamples_FullFeatureSpace_2024_1051,Table_TrainSamples_FullFeatureSpace_2024_1135,3,3,9.756704356370953,False
Table_TrainSamples_FullFeatureSpace_2024_1051,Table_ValSamples_FullFeatureSpace_2024_161,3,3,9.946143920563422,False
Table_TrainSamples_FullFeatureSpace_2024_1052,Table_TrainSamples_FullFeatureSpace_2024_1076,3,3,0.0,False
Table_TrainSamples_FullFeatureSpace_2024_1052,Table_TrainSamples_FullFeatureSpace_2024_1059,3,3,9.945958529317767,False
Table_TrainSamples_FullFeatureSpace_2024_1052,Table_TrainSamples_FullFeatureSpace_2024_1087,3,3,0.0,False
Table_TrainSamples_FullFeatureSpace_2024_1052,Table_ValSamples_FullFeatureSpace_2024_562,3,3,9.945958529317767,False
Table_TrainSamples_FullFeatureSpace_2024_1054,Table_ValSamples_FullFeatureSpace_2024_177,3,3,9.756588764228841,False
Table_TrainSamples_FullFeatureSpace_2024_1056,Table_ValSamples_FullFeatureSpace_2024_169,3,3,9.756675194443412,False
Table_TrainSamples_FullFeatureSpace_2024_1057,Table_ValSamples_FullFeatureSpace_2024_177,3,3,9.946070225548787,False
Table_TrainSamples_FullFeatureSpace_2024_1059,Table_TrainSamples_FullFeatureSpace_2024_1076,3,3,9.945958529317767,False
Table_TrainSamples_FullFeatureSpace_2024_1059,Table_TrainSamples_FullFeatureSpace_2024_1087,3,3,9.945958529317767,False
Table_TrainSamples_FullFeatureSpace_2024_1059,Table_ValSamples_FullFeatureSpace_2024_156,3,3,9.765740243541,False
Table_TrainSamples_FullFeatureSpace_2024_1059,Table_ValSamples_FullFeatureSpace_2024_562,3,3,0.0,False
Table_TrainSamples_FullFeatureSpace_2024_1063,Table_ValSamples_FullFeatureSpace_2024_160,3,3,9.946143941171547,False
Table_TrainSamples_FullFeatureSpace_2024_1064,Table_TrainSamples_FullFeatureSpace_2024_1169,3,3,9.946071808506222,False
Table_TrainSamples_FullFeatureSpace_2024_1064,Table_TrainSamples_FullFeatureSpace_2024_1081,3,3,9.756540588294284,False
Table_TrainSamples_FullFeatureSpace_2024_1065,Table_ValSamples_FullFeatureSpace_2024_6,3,3,0.0,False
Table_TrainSamples_FullFeatureSpace_2024_1067,Table_TrainSamples_FullFeatureSpace_2024_1072,3,3,9.945911756657091,False
Table_TrainSamples_FullFeatureSpace_2024_1067,Table_ValSamples_FullFeatureSpace_2024_151,3,3,9.765614826472428,False
Table_TrainSamples_FullFeatureSpace_2024_1067,Table_TrainSamples_FullFeatureSpace_2024_1098,3,3,9.945911814698444,False
Table_TrainSamples_FullFeatureSpace_2024_1068,Table_TrainSamples_FullFeatureSpace_2024_1089,3,3,0.0,False
Table_TrainSamples_FullFeatureSpace_2024_1068,Table_TrainSamples_FullFeatureSpace_2024_1079,3,3,9.946100727807012,False
Table_TrainSamples_FullFeatureSpace_2024_1069,Table_TrainSamples_FullFeatureSpace_2024_1088,3,3,9.945911580677274,False
Table_TrainSamples_FullFeatureSpace_2024_1073,Table_TrainSamples_FullFeatureSpace_2024_1116,3,3,9.75660918141355,False
Table_TrainSamples_FullFeatureSpace_2024_1075,Table_TrainSamples_FullFeatureSpace_2024_1137,3,3,9.945961247244155,False
Table_TrainSamples_FullFeatureSpace_2024_1075,Table_ValSamples_FullFeatureSpace_2024_1,3,3,9.765760351017652,False
Table_TrainSamples_FullFeatureSpace_2024_1075,Table_TrainSamples_FullFeatureSpace_2024_1119,3,3,9.765761091346029,False
Table_TrainSamples_FullFeatureSpace_2024_1076,Table_TrainSamples_FullFeatureSpace_2024_1087,3,3,0.0,False
Table_TrainSamples_FullFeatureSpace_2024_1076,Table_ValSamples_FullFeatureSpace_2024_562,3,3,9.945958529317767,False
Table_TrainSamples_FullFeatureSpace_2024_1078,Table_TrainSamples_FullFeatureSpace_2024_1141,3,3,0.0,False
Table_TrainSamples_FullFeatureSpace_2024_1078,Table_ValSamples_FullFeatureSpace_2024_9,3,3,9.946141387300068,False
Table_TrainSamples_FullFeatureSpace_2024_1079,Table_TrainSamples_FullFeatureSpace_2024_1089,3,3,9.946100727807012,False
Table_TrainSamples_FullFeatureSpace_2024_1079,Table_ValSamples_FullFeatureSpace_2024_168,3,3,9.756683293671943,False
Table_TrainSamples_FullFeatureSpace_2024_1081,Table_ValSamples_FullFeatureSpace_2024_182,3,3,9.94607105905147,False
Table_TrainSamples_FullFeatureSpace_2024_1082,Table_ValSamples_FullFeatureSpace_2024_163,3,3,9.756693289612226,False
Table_TrainSamples_FullFeatureSpace_2024_1084,Table_TrainSamples_FullFeatureSpace_2024_1106,3,3,9.945923542765946,False
Table_TrainSamples_FullFeatureSpace_2024_1087,Table_ValSamples_FullFeatureSpace_2024_562,3,3,9.945958529317767,False
Table_TrainSamples_FullFeatureSpace_2024_1088,Table_ValSamples_FullFeatureSpace_2024_150,3,3,9.76562855083133,False
Table_TrainSamples_FullFeatureSpace_2024_1090,Table_TrainSamples_FullFeatureSpace_2024_1130,3,3,9.756322843164012,False
Table_TrainSamples_FullFeatureSpace_2024_1091,Table_ValSamples_FullFeatureSpace_2024_197,3,3,9.946125003566392,False
Table_TrainSamples_FullFeatureSpace_2024_1093,Table_TrainSamples_FullFeatureSpace_2024_1148,3,3,9.946104014823101,False
Table_TrainSamples_FullFeatureSpace_2024_1094,Table_ValSamples_FullFeatureSpace_2024_199,3,3,9.946111447197378,False
Table_TrainSamples_FullFeatureSpace_2024_1095,Table_ValSamples_FullFeatureSpace_2024_163,3,3,9.756692552235934,False
Table_TrainSamples_FullFeatureSpace_2024_1096,Table_TrainSamples_FullFeatureSpace_2024_1113,3,3,9.94612332251011,False
Table_TrainSamples_FullFeatureSpace_2024_1097,Table_TrainSamples_FullFeatureSpace_2024_1159,3,3,9.946112257303792,False
Table_TrainSamples_FullFeatureSpace_2024_1099,Table_TrainSamples_FullFeatureSpace_2024_1105,3,3,9.945961130398395,False
Table_TrainSamples_FullFeatureSpace_2024_1101,Table_ValSamples_FullFeatureSpace_2024_190,3,3,9.7566518493884,False
Table_TrainSamples_FullFeatureSpace_2024_1102,Table_ValSamples_FullFeatureSpace_2024_189,3,3,9.756679622022899,False
Table_TrainSamples_FullFeatureSpace_2024_1102,Table_TrainSamples_FullFeatureSpace_2024_1109,3,3,9.75667889193412,False
Table_TrainSamples_FullFeatureSpace_2024_1102,Table_ValSamples_FullFeatureSpace_2024_0,3,3,9.756679622022899,False
Table_TrainSamples_FullFeatureSpace_2024_1103,Table_TrainSamples_FullFeatureSpace_2024_1118,3,3,9.75665024450204,False
Table_TrainSamples_FullFeatureSpace_2024_1105,Table_TrainSamples_FullFeatureSpace_2024_1137,3,3,9.945961188936366,False
Table_TrainSamples_FullFeatureSpace_2024_1105,Table_ValSamples_FullFeatureSpace_2024_159,3,3,9.76576721190975,False
Table_TrainSamples_FullFeatureSpace_2024_1108,Table_ValSamples_FullFeatureSpace_2024_159,3,3,9.765766474321223,False
Table_TrainSamples_FullFeatureSpace_2024_1112,Table_TrainSamples_FullFeatureSpace_2024_1173,3,3,0.0,False
Table_TrainSamples_FullFeatureSpace_2024_1118,Table_ValSamples_FullFeatureSpace_2024_166,3,3,9.946124966633723,False
Table_TrainSamples_FullFeatureSpace_2024_1119,Table_ValSamples_FullFeatureSpace_2024_561,3,3,9.94596205855668,False
Table_TrainSamples_FullFeatureSpace_2024_1119,Table_TrainSamples_FullFeatureSpace_2024_1164,3,3,9.94596205855668,False
Table_TrainSamples_FullFeatureSpace_2024_1125,Table_TrainSamples_FullFeatureSpace_2024_1140,3,3,9.76563714353568,False
Table_TrainSamples_FullFeatureSpace_2024_1125,Table_TrainSamples_FullFeatureSpace_2024_1147,3,3,9.765636405648301,False
Table_TrainSamples_FullFeatureSpace_2024_1126,Table_TrainSamples_FullFeatureSpace_2024_1136,3,3,9.946104312640456,False
Table_TrainSamples_FullFeatureSpace_2024_1126,Table_ValSamples_FullFeatureSpace_2024_178,3,3,9.946104371785559,False
Table_TrainSamples_FullFeatureSpace_2024_1131,Table_ValSamples_FullFeatureSpace_2024_167,3,3,9.946115198544593,False
Table_TrainSamples_FullFeatureSpace_2024_1131,Table_ValSamples_FullFeatureSpace_2024_2,3,3,9.756639926625807,False
Table_TrainSamples_FullFeatureSpace_2024_1132,Table_ValSamples_FullFeatureSpace_2024_198,3,3,9.756284013422135,False
Table_TrainSamples_FullFeatureSpace_2024_1134,Table_ValSamples_FullFeatureSpace_2024_180,3,3,9.756545558377072,False
Table_TrainSamples_FullFeatureSpace_2024_1135,Table_TrainSamples_FullFeatureSpace_2024_1155,3,3,9.756704356370953,False
Table_TrainSamples_FullFeatureSpace_2024_1136,Table_TrainSamples_FullFeatureSpace_2024_1149,3,3,9.756562493296684,False
Table_TrainSamples_FullFeatureSpace_2024_1139,Table_ValSamples_FullFeatureSpace_2024_4,3,3,9.756553282225246,False
Table_TrainSamples_FullFeatureSpace_2024_1139,Table_TrainSamples_FullFeatureSpace_2024_1153,3,3,9.946088430232818,False
Table_TrainSamples_FullFeatureSpace_2024_1140,Table_ValSamples_FullFeatureSpace_2024_153,3,3,9.94591747322407,False
Table_TrainSamples_FullFeatureSpace_2024_1141,Table_ValSamples_FullFeatureSpace_2024_9,3,3,9.946141387300068,False
Table_TrainSamples_FullFeatureSpace_2024_1142,Table_ValSamples_FullFeatureSpace_2024_169,3,3,9.946093161261631,False
Table_TrainSamples_FullFeatureSpace_2024_1146,Table_ValSamples_FullFeatureSpace_2024_188,3,3,9.945879857403494,False
Table_TrainSamples_FullFeatureSpace_2024_1148,Table_ValSamples_FullFeatureSpace_2024_191,3,3,9.756579227440502,False
Table_TrainSamples_FullFeatureSpace_2024_1150,Table_ValSamples_FullFeatureSpace_2024_561,3,3,9.945962117097023,False
Table_TrainSamples_FullFeatureSpace_2024_1150,Table_TrainSamples_FullFeatureSpace_2024_1164,3,3,9.945962117097023,False
Table_TrainSamples_FullFeatureSpace_2024_1150,Table_ValSamples_FullFeatureSpace_2024_158,3,3,9.765754230457256,False
Table_TrainSamples_FullFeatureSpace_2024_1151,Table_ValSamples_FullFeatureSpace_2024_185,3,3,9.945894714264623,False
Table_TrainSamples_FullFeatureSpace_2024_1155,Table_ValSamples_FullFeatureSpace_2024_161,3,3,9.946143920563422,False
Table_TrainSamples_FullFeatureSpace_2024_1158,Table_ValSamples_FullFeatureSpace_2024_167,3,3,9.946115258161132,False
Table_TrainSamples_FullFeatureSpace_2024_1159,Table_ValSamples_FullFeatureSpace_2024_199,3,3,9.756274624036609,False
Table_TrainSamples_FullFeatureSpace_2024_1160,Table_ValSamples_FullFeatureSpace_2024_158,3,3,9.945961422629003,False
Table_TrainSamples_FullFeatureSpace_2024_1161,Table_ValSamples_FullFeatureSpace_2024_579,3,3,0.0,False
Table_TrainSamples_FullFeatureSpace_2024_1163,Table_ValSamples_FullFeatureSpace_2024_175,3,3,9.94608585805393,False
Table_TrainSamples_FullFeatureSpace_2024_1164,Table_ValSamples_FullFeatureSpace_2024_561,3,3,0.0,False
Table_TrainSamples_FullFeatureSpace_2024_1165,Table_ValSamples_FullFeatureSpace_2024_173,3,3,9.75662464529883,False
Table_TrainSamples_FullFeatureSpace_2024_1167,Table_ValSamples_FullFeatureSpace_2024_185,3,3,9.945894773721262,False
Table_TrainSamples_FullFeatureSpace_2024_1169,Table_ValSamples_FullFeatureSpace_2024_182,3,3,9.756544082096097,False
Table_TrainSamples_FullFeatureSpace_2024_1171,Table_ValSamples_FullFeatureSpace_2024_169,3,3,9.946093220162679,False
Table_TrainSamples_FullFeatureSpace_2024_1172,Table_ValSamples_FullFeatureSpace_2024_192,3,3,9.756526079383839,False
Table_TrainSamples_FullFeatureSpace_2024_1177,Table_ValSamples_FullFeatureSpace_2024_242,4,4,9.946255540243348,False
Table_TrainSamples_FullFeatureSpace_2024_1177,Table_TrainSamples_FullFeatureSpace_2024_1218,4,4,9.94625548122386,False
Table_TrainSamples_FullFeatureSpace_2024_1177,Table_TrainSamples_FullFeatureSpace_2024_1212,4,4,0.0,False
Table_TrainSamples_FullFeatureSpace_2024_1178,Table_ValSamples_FullFeatureSpace_2024_278,4,4,9.945976181512114,False
Table_TrainSamples_FullFeatureSpace_2024_1179,Table_TrainSamples_FullFeatureSpace_2024_1252,4,4,0.0,False
Table_TrainSamples_FullFeatureSpace_2024_1179,Table_ValSamples_FullFeatureSpace_2024_251,4,4,9.7581238017188,False
Table_TrainSamples_FullFeatureSpace_2024_1180,Table_ValSamples_FullFeatureSpace_2024_286,4,4,9.77000533099801,False
Table_TrainSamples_FullFeatureSpace_2024_1180,Table_TrainSamples_FullFeatureSpace_2024_1345,4,4,9.945560980937902,False
Table_TrainSamples_FullFeatureSpace_2024_1181,Table_TrainSamples_FullFeatureSpace_2024_1254,4,4,9.75665375243784,False
Table_TrainSamples_FullFeatureSpace_2024_1181,Table_ValSamples_FullFeatureSpace_2024_11,4,4,9.946219825965724,False
Table_TrainSamples_FullFeatureSpace_2024_1182,Table_ValSamples_FullFeatureSpace_2024_240,4,4,9.756504707134848,False
Table_TrainSamples_FullFeatureSpace_2024_1183,Table_TrainSamples_FullFeatureSpace_2024_1298,4,4,9.945942976277896,False
Table_TrainSamples_FullFeatureSpace_2024_1183,Table_ValSamples_FullFeatureSpace_2024_290,4,4,9.769979633295767,False
Table_TrainSamples_FullFeatureSpace_2024_1184,Table_ValSamples_FullFeatureSpace_2024_247,4,4,0.0,False
Table_TrainSamples_FullFeatureSpace_2024_1185,Table_TrainSamples_FullFeatureSpace_2024_1334,4,4,0.0,False
Table_TrainSamples_FullFeatureSpace_2024_1186,Table_TrainSamples_FullFeatureSpace_2024_1241,4,4,9.770314499985618,False
Table_TrainSamples_FullFeatureSpace_2024_1186,Table_TrainSamples_FullFeatureSpace_2024_1294,4,4,0.0,False
Table_TrainSamples_FullFeatureSpace_2024_1187,Table_TrainSamples_FullFeatureSpace_2024_1262,4,4,0.0,False
Table_TrainSamples_FullFeatureSpace_2024_1187,Table_ValSamples_FullFeatureSpace_2024_246,4,4,9.94632020639984,False
Table_TrainSamples_FullFeatureSpace_2024_1187,Table_TrainSamples_FullFeatureSpace_2024_1297,4,4,9.757756679223446,False
Table_TrainSamples_FullFeatureSpace_2024_1188,Table_TrainSamples_FullFeatureSpace_2024_1301,4,4,9.757423002552361,False
Table_TrainSamples_FullFeatureSpace_2024_1189,Table_ValSamples_FullFeatureSpace_2024_243,4,4,9.756646763996317,False
Table_TrainSamples_FullFeatureSpace_2024_1189,Table_TrainSamples_FullFeatureSpace_2024_1314,4,4,9.756646763996317,False
Table_TrainSamples_FullFeatureSpace_2024_1189,Table_ValSamples_FullFeatureSpace_2024_11,4,4,9.94621988542662,False
Table_TrainSamples_FullFeatureSpace_2024_1189,Table_ValSamples_FullFeatureSpace_2024_15,4,4,0.0,False
Table_TrainSamples_FullFeatureSpace_2024_1189,Table_TrainSamples_FullFeatureSpace_2024_1341,4,4,9.756647504042217,False
Table_TrainSamples_FullFeatureSpace_2024_1190,Table_ValSamples_FullFeatureSpace_2024_278,4,4,9.757550351934063,False
Table_TrainSamples_FullFeatureSpace_2024_1191,Table_ValSamples_FullFeatureSpace_2024_269,4,4,9.946170350522065,False
Table_TrainSamples_FullFeatureSpace_2024_1192,Table_TrainSamples_FullFeatureSpace_2024_1353,4,4,0.0,False
Table_TrainSamples_FullFeatureSpace_2024_1192,Table_TrainSamples_FullFeatureSpace_2024_1380,4,4,9.7585912689904,False
Table_TrainSamples_FullFeatureSpace_2024_1195,Table_TrainSamples_FullFeatureSpace_2024_1374,4,4,0.0,False
Table_TrainSamples_FullFeatureSpace_2024_1195,Table_TrainSamples_FullFeatureSpace_2024_1220,4,4,9.769982291667812,False
Table_TrainSamples_FullFeatureSpace_2024_1195,Table_TrainSamples_FullFeatureSpace_2024_1298,4,4,9.769983034663055,False
Table_TrainSamples_FullFeatureSpace_2024_1195,Table_ValSamples_FullFeatureSpace_2024_290,4,4,9.945942221506176,False
Table_TrainSamples_FullFeatureSpace_2024_1196,Table_TrainSamples_FullFeatureSpace_2024_1222,4,4,9.758513562246707,False
Table_TrainSamples_FullFeatureSpace_2024_1197,Table_ValSamples_FullFeatureSpace_2024_280,4,4,9.946008091384588,False
Table_TrainSamples_FullFeatureSpace_2024_1197,Table_TrainSamples_FullFeatureSpace_2024_1355,4,4,9.946008151154889,False
Table_TrainSamples_FullFeatureSpace_2024_1199,Table_TrainSamples_FullFeatureSpace_2024_1285,4,4,9.946251139161081,False
Table_TrainSamples_FullFeatureSpace_2024_1199,Table_ValSamples_FullFeatureSpace_2024_260,4,4,9.758422357596542,False
Table_TrainSamples_FullFeatureSpace_2024_1203,Table_TrainSamples_FullFeatureSpace_2024_1331,4,4,9.757942596438864,False
Table_TrainSamples_FullFeatureSpace_2024_1203,Table_TrainSamples_FullFeatureSpace_2024_1304,4,4,9.946357239066272,False
Table_TrainSamples_FullFeatureSpace_2024_1204,Table_TrainSamples_FullFeatureSpace_2024_1260,4,4,9.75859749111203,False
Table_TrainSamples_FullFeatureSpace_2024_1205,Table_ValSamples_FullFeatureSpace_2024_276,4,4,9.945971894464916,False
Table_TrainSamples_FullFeatureSpace_2024_1205,Table_TrainSamples_FullFeatureSpace_2024_1253,4,4,0.0,False
Table_TrainSamples_FullFeatureSpace_2024_1207,Table_TrainSamples_FullFeatureSpace_2024_1284,4,4,9.946011844743682,False
Table_TrainSamples_FullFeatureSpace_2024_1208,Table_TrainSamples_FullFeatureSpace_2024_1285,4,4,9.946251079683567,False
Table_TrainSamples_FullFeatureSpace_2024_1209,Table_TrainSamples_FullFeatureSpace_2024_1364,4,4,0.0,False
Table_TrainSamples_FullFeatureSpace_2024_1210,Table_TrainSamples_FullFeatureSpace_2024_1238,4,4,9.946323571069971,False
Table_TrainSamples_FullFeatureSpace_2024_1212,Table_ValSamples_FullFeatureSpace_2024_242,4,4,9.946255540243348,False
Table_TrainSamples_FullFeatureSpace_2024_1212,Table_TrainSamples_FullFeatureSpace_2024_1218,4,4,9.94625548122386,False
Table_TrainSamples_FullFeatureSpace_2024_1213,Table_TrainSamples_FullFeatureSpace_2024_1371,4,4,9.946128399354688,False
Table_TrainSamples_FullFeatureSpace_2024_1213,Table_TrainSamples_FullFeatureSpace_2024_1323,4,4,9.946128399354688,False
Table_TrainSamples_FullFeatureSpace_2024_1213,Table_TrainSamples_FullFeatureSpace_2024_1278,4,4,9.758195709745863,False
Table_TrainSamples_FullFeatureSpace_2024_1213,Table_ValSamples_FullFeatureSpace_2024_270,4,4,9.758196446944048,False
Table_TrainSamples_FullFeatureSpace_2024_1213,Table_TrainSamples_FullFeatureSpace_2024_1226,4,4,9.758195709745863,False
Table_TrainSamples_FullFeatureSpace_2024_1214,Table_ValSamples_FullFeatureSpace_2024_243,4,4,9.946219190292656,False
Table_TrainSamples_FullFeatureSpace_2024_1214,Table_TrainSamples_FullFeatureSpace_2024_1314,4,4,9.946219190292656,False
Table_TrainSamples_FullFeatureSpace_2024_1215,Table_TrainSamples_FullFeatureSpace_2024_1307,4,4,9.946216111963507,False
Table_TrainSamples_FullFeatureSpace_2024_1215,Table_ValSamples_FullFeatureSpace_2024_265,4,4,9.946216111963507,False
Table_TrainSamples_FullFeatureSpace_2024_1216,Table_TrainSamples_FullFeatureSpace_2024_1264,4,4,9.758463492940864,False
Table_TrainSamples_FullFeatureSpace_2024_1217,Table_ValSamples_FullFeatureSpace_2024_269,4,4,9.946170409938967,False
Table_TrainSamples_FullFeatureSpace_2024_1219,Table_TrainSamples_FullFeatureSpace_2024_1381,4,4,9.758037914254112,False
Table_TrainSamples_FullFeatureSpace_2024_1219,Table_TrainSamples_FullFeatureSpace_2024_1311,4,4,9.9463857531729,False
Table_TrainSamples_FullFeatureSpace_2024_1220,Table_TrainSamples_FullFeatureSpace_2024_1374,4,4,9.769982291667812,False
Table_TrainSamples_FullFeatureSpace_2024_1220,Table_TrainSamples_FullFeatureSpace_2024_1279,4,4,9.769981550194698,False
Table_TrainSamples_FullFeatureSpace_2024_1223,Table_TrainSamples_FullFeatureSpace_2024_1363,4,4,9.758219133174672,False
Table_TrainSamples_FullFeatureSpace_2024_1223,Table_TrainSamples_FullFeatureSpace_2024_1272,4,4,9.758218391000629,False
Table_TrainSamples_FullFeatureSpace_2024_1224,Table_TrainSamples_FullFeatureSpace_2024_1355,4,4,9.757415087867477,False
Table_TrainSamples_FullFeatureSpace_2024_1226,Table_TrainSamples_FullFeatureSpace_2024_1278,4,4,0.0,False
Table_TrainSamples_FullFeatureSpace_2024_1226,Table_TrainSamples_FullFeatureSpace_2024_1326,4,4,9.946127646512782,False
Table_TrainSamples_FullFeatureSpace_2024_1227,Table_TrainSamples_FullFeatureSpace_2024_1246,4,4,9.770133581325164,False
Table_TrainSamples_FullFeatureSpace_2024_1228,Table_ValSamples_FullFeatureSpace_2024_260,4,4,9.758421616545833,False
Table_TrainSamples_FullFeatureSpace_2024_1228,Table_TrainSamples_FullFeatureSpace_2024_1342,4,4,9.758420873054385,False
Table_TrainSamples_FullFeatureSpace_2024_1230,Table_TrainSamples_FullFeatureSpace_2024_1362,4,4,9.758297342002093,False
Table_TrainSamples_FullFeatureSpace_2024_1233,Table_TrainSamples_FullFeatureSpace_2024_1280,4,4,9.945823093149082,False
Table_TrainSamples_FullFeatureSpace_2024_1234,Table_ValSamples_FullFeatureSpace_2024_256,4,4,9.946350336732536,False
Table_TrainSamples_FullFeatureSpace_2024_1236,Table_ValSamples_FullFeatureSpace_2024_268,4,4,9.946168302692318,False
Table_TrainSamples_FullFeatureSpace_2024_1236,Table_TrainSamples_FullFeatureSpace_2024_1368,4,4,9.758464935701305,False
Table_TrainSamples_FullFeatureSpace_2024_1237,Table_ValSamples_FullFeatureSpace_2024_12,4,4,9.75858894544922,False
Table_TrainSamples_FullFeatureSpace_2024_1239,Table_TrainSamples_FullFeatureSpace_2024_1352,4,4,9.77029348100361,False
Table_TrainSamples_FullFeatureSpace_2024_1239,Table_TrainSamples_FullFeatureSpace_2024_1327,4,4,9.945495657152303,False
Table_TrainSamples_FullFeatureSpace_2024_1240,Table_TrainSamples_FullFeatureSpace_2024_1288,4,4,9.946130023821905,False
Table_TrainSamples_FullFeatureSpace_2024_1241,Table_ValSamples_FullFeatureSpace_2024_283,4,4,9.94578426139661,False
Table_TrainSamples_FullFeatureSpace_2024_1241,Table_TrainSamples_FullFeatureSpace_2024_1294,4,4,9.770314499985618,False
Table_TrainSamples_FullFeatureSpace_2024_1242,Table_ValSamples_FullFeatureSpace_2024_256,4,4,9.758527508562509,False
Table_TrainSamples_FullFeatureSpace_2024_1242,Table_TrainSamples_FullFeatureSpace_2024_1243,4,4,9.946351155758215,False
Table_TrainSamples_FullFeatureSpace_2024_1244,Table_TrainSamples_FullFeatureSpace_2024_1247,4,4,9.758519796491447,False
Table_TrainSamples_FullFeatureSpace_2024_1245,Table_TrainSamples_FullFeatureSpace_2024_1303,4,4,0.0,False
Table_TrainSamples_FullFeatureSpace_2024_1250,Table_ValSamples_FullFeatureSpace_2024_288,4,4,9.94558542709648,False
Table_TrainSamples_FullFeatureSpace_2024_1250,Table_TrainSamples_FullFeatureSpace_2024_1335,4,4,9.770167540972414,False
Table_TrainSamples_FullFeatureSpace_2024_1250,Table_TrainSamples_FullFeatureSpace_2024_1377,4,4,9.770168272116704,False
Table_TrainSamples_FullFeatureSpace_2024_1252,Table_ValSamples_FullFeatureSpace_2024_251,4,4,9.7581238017188,False
Table_TrainSamples_FullFeatureSpace_2024_1253,Table_ValSamples_FullFeatureSpace_2024_276,4,4,9.945971894464916,False
Table_TrainSamples_FullFeatureSpace_2024_1255,Table_TrainSamples_FullFeatureSpace_2024_1359,4,4,9.770036076886338,False
Table_TrainSamples_FullFeatureSpace_2024_1257,Table_TrainSamples_FullFeatureSpace_2024_1354,4,4,9.757949569614711,False
Table_TrainSamples_FullFeatureSpace_2024_1257,Table_TrainSamples_FullFeatureSpace_2024_1281,4,4,9.757950313527232,False
Table_TrainSamples_FullFeatureSpace_2024_1257,Table_ValSamples_FullFeatureSpace_2024_250,4,4,9.946357880451894,False
Table_TrainSamples_FullFeatureSpace_2024_1259,Table_ValSamples_FullFeatureSpace_2024_281,4,4,9.75751364896505,False
Table_TrainSamples_FullFeatureSpace_2024_1260,Table_ValSamples_FullFeatureSpace_2024_272,4,4,9.94613311252003,False
Table_TrainSamples_FullFeatureSpace_2024_1260,Table_TrainSamples_FullFeatureSpace_2024_1330,4,4,9.758596752030874,False
Table_TrainSamples_FullFeatureSpace_2024_1261,Table_ValSamples_FullFeatureSpace_2024_263,4,4,9.75823609834006,False
Table_TrainSamples_FullFeatureSpace_2024_1262,Table_ValSamples_FullFeatureSpace_2024_246,4,4,9.94632020639984,False
Table_TrainSamples_FullFeatureSpace_2024_1262,Table_TrainSamples_FullFeatureSpace_2024_1297,4,4,9.757756679223446,False
Table_TrainSamples_FullFeatureSpace_2024_1264,Table_TrainSamples_FullFeatureSpace_2024_1340,4,4,9.946285091467024,False
Table_TrainSamples_FullFeatureSpace_2024_1264,Table_TrainSamples_FullFeatureSpace_2024_1316,4,4,9.946285091467024,False
Table_TrainSamples_FullFeatureSpace_2024_1267,Table_ValSamples_FullFeatureSpace_2024_19,4,4,9.946254029508385,False
Table_TrainSamples_FullFeatureSpace_2024_1268,Table_TrainSamples_FullFeatureSpace_2024_1312,4,4,9.946177188328821,False
Table_TrainSamples_FullFeatureSpace_2024_1268,Table_ValSamples_FullFeatureSpace_2024_267,4,4,9.946177247284567,False
Table_TrainSamples_FullFeatureSpace_2024_1270,Table_TrainSamples_FullFeatureSpace_2024_1358,4,4,0.0,False
Table_TrainSamples_FullFeatureSpace_2024_1271,Table_TrainSamples_FullFeatureSpace_2024_1310,4,4,0.0,False
Table_TrainSamples_FullFeatureSpace_2024_1271,Table_ValSamples_FullFeatureSpace_2024_245,4,4,9.946256892555589,False
Table_TrainSamples_FullFeatureSpace_2024_1273,Table_ValSamples_FullFeatureSpace_2024_272,4,4,9.75859327160294,False
Table_TrainSamples_FullFeatureSpace_2024_1273,Table_TrainSamples_FullFeatureSpace_2024_1330,4,4,9.94613235925413,False
Table_TrainSamples_FullFeatureSpace_2024_1274,Table_ValSamples_FullFeatureSpace_2024_278,4,4,9.757551086798317,False
Table_TrainSamples_FullFeatureSpace_2024_1275,Table_ValSamples_FullFeatureSpace_2024_12,4,4,9.94609188548551,False
Table_TrainSamples_FullFeatureSpace_2024_1277,Table_TrainSamples_FullFeatureSpace_2024_1324,4,4,9.946495601636869,False
Table_TrainSamples_FullFeatureSpace_2024_1278,Table_TrainSamples_FullFeatureSpace_2024_1326,4,4,9.946127646512782,False
Table_TrainSamples_FullFeatureSpace_2024_1280,Table_ValSamples_FullFeatureSpace_2024_282,4,4,9.77013845831225,False
Table_TrainSamples_FullFeatureSpace_2024_1280,Table_TrainSamples_FullFeatureSpace_2024_1322,4,4,9.77013845831225,False
Table_TrainSamples_FullFeatureSpace_2024_1282,Table_ValSamples_FullFeatureSpace_2024_254,4,4,9.94636131520266,False
Table_TrainSamples_FullFeatureSpace_2024_1282,Table_TrainSamples_FullFeatureSpace_2024_1362,4,4,9.946361255881037,False
Table_TrainSamples_FullFeatureSpace_2024_1283,Table_TrainSamples_FullFeatureSpace_2024_1375,4,4,9.946257793468325,False
Table_TrainSamples_FullFeatureSpace_2024_1283,Table_ValSamples_FullFeatureSpace_2024_259,4,4,9.758578256458232,False
Table_TrainSamples_FullFeatureSpace_2024_1284,Table_TrainSamples_FullFeatureSpace_2024_1306,4,4,9.946011785437358,False
Table_TrainSamples_FullFeatureSpace_2024_1284,Table_ValSamples_FullFeatureSpace_2024_281,4,4,9.757514381856586,False
Table_TrainSamples_FullFeatureSpace_2024_1288,Table_TrainSamples_FullFeatureSpace_2024_1325,4,4,9.758190218920626,False
Table_TrainSamples_FullFeatureSpace_2024_1290,Table_ValSamples_FullFeatureSpace_2024_14,4,4,0.0,False
Table_TrainSamples_FullFeatureSpace_2024_1290,Table_TrainSamples_FullFeatureSpace_2024_1363,4,4,9.946246134608112,False
Table_TrainSamples_FullFeatureSpace_2024_1293,Table_ValSamples_FullFeatureSpace_2024_257,4,4,0.0,False
Table_TrainSamples_FullFeatureSpace_2024_1295,Table_TrainSamples_FullFeatureSpace_2024_1361,4,4,9.757761654715608,False
Table_TrainSamples_FullFeatureSpace_2024_1295,Table_ValSamples_FullFeatureSpace_2024_246,4,4,9.757760912123928,False
Table_TrainSamples_FullFeatureSpace_2024_1298,Table_TrainSamples_FullFeatureSpace_2024_1374,4,4,9.769983034663055,False
Table_TrainSamples_FullFeatureSpace_2024_1299,Table_ValSamples_FullFeatureSpace_2024_269,4,4,9.758251032834405,False
Table_TrainSamples_FullFeatureSpace_2024_1299,Table_TrainSamples_FullFeatureSpace_2024_1379,4,4,0.0,False
Table_TrainSamples_FullFeatureSpace_2024_1301,Table_ValSamples_FullFeatureSpace_2024_279,4,4,9.945968487680876,False
Table_TrainSamples_FullFeatureSpace_2024_1301,Table_TrainSamples_FullFeatureSpace_2024_1315,4,4,9.757422270718793,False
Table_TrainSamples_FullFeatureSpace_2024_1301,Table_TrainSamples_FullFeatureSpace_2024_1367,4,4,9.94596854672445,False
Table_TrainSamples_FullFeatureSpace_2024_1302,Table_TrainSamples_FullFeatureSpace_2024_1350,4,4,9.946139011557733,False
Table_TrainSamples_FullFeatureSpace_2024_1307,Table_ValSamples_FullFeatureSpace_2024_265,4,4,0.0,False
Table_TrainSamples_FullFeatureSpace_2024_1309,Table_ValSamples_FullFeatureSpace_2024_286,4,4,9.945560237756961,False
Table_TrainSamples_FullFeatureSpace_2024_1309,Table_TrainSamples_FullFeatureSpace_2024_1345,4,4,9.77000193269423,False
Table_TrainSamples_FullFeatureSpace_2024_1310,Table_ValSamples_FullFeatureSpace_2024_245,4,4,9.946256892555589,False
Table_TrainSamples_FullFeatureSpace_2024_1314,Table_ValSamples_FullFeatureSpace_2024_243,4,4,0.0,False
Table_TrainSamples_FullFeatureSpace_2024_1314,Table_ValSamples_FullFeatureSpace_2024_15,4,4,9.756646763996317,False
Table_TrainSamples_FullFeatureSpace_2024_1316,Table_TrainSamples_FullFeatureSpace_2024_1340,4,4,0.0,False
Table_TrainSamples_FullFeatureSpace_2024_1316,Table_ValSamples_FullFeatureSpace_2024_258,4,4,9.758466232041087,False
Table_TrainSamples_FullFeatureSpace_2024_1318,Table_ValSamples_FullFeatureSpace_2024_244,4,4,9.946203293034301,False
Table_TrainSamples_FullFeatureSpace_2024_1320,Table_TrainSamples_FullFeatureSpace_2024_1339,4,4,9.769932939869921,False
Table_TrainSamples_FullFeatureSpace_2024_1322,Table_ValSamples_FullFeatureSpace_2024_282,4,4,0.0,False
Table_TrainSamples_FullFeatureSpace_2024_1323,Table_TrainSamples_FullFeatureSpace_2024_1371,4,4,0.0,False
Table_TrainSamples_FullFeatureSpace_2024_1323,Table_TrainSamples_FullFeatureSpace_2024_1326,4,4,9.75819919285392,False
Table_TrainSamples_FullFeatureSpace_2024_1326,Table_TrainSamples_FullFeatureSpace_2024_1371,4,4,9.75819919285392,False
Table_TrainSamples_FullFeatureSpace_2024_1327,Table_ValSamples_FullFeatureSpace_2024_289,4,4,9.770290085336113,False
Table_TrainSamples_FullFeatureSpace_2024_1329,Table_TrainSamples_FullFeatureSpace_2024_1333,4,4,0.0,False
Table_TrainSamples_FullFeatureSpace_2024_1329,Table_ValSamples_FullFeatureSpace_2024_277,4,4,9.945969223976183,False
Table_TrainSamples_FullFeatureSpace_2024_1331,Table_ValSamples_FullFeatureSpace_2024_250,4,4,9.946357939307171,False
Table_TrainSamples_FullFeatureSpace_2024_1331,Table_TrainSamples_FullFeatureSpace_2024_1384,4,4,9.757943340285781,False
Table_TrainSamples_FullFeatureSpace_2024_1332,Table_ValSamples_FullFeatureSpace_2024_285,4,4,9.945617512075257,False
Table_TrainSamples_FullFeatureSpace_2024_1332,Table_TrainSamples_FullFeatureSpace_2024_1365,4,4,0.0,False
Table_TrainSamples_FullFeatureSpace_2024_1333,Table_ValSamples_FullFeatureSpace_2024_277,4,4,9.945969223976183,False
Table_TrainSamples_FullFeatureSpace_2024_1336,Table_ValSamples_FullFeatureSpace_2024_259,4,4,9.75857899895913,False
Table_TrainSamples_FullFeatureSpace_2024_1337,Table_TrainSamples_FullFeatureSpace_2024_1352,4,4,9.770292754160971,False
Table_TrainSamples_FullFeatureSpace_2024_1339,Table_ValSamples_FullFeatureSpace_2024_285,4,4,9.945617454029403,False
Table_TrainSamples_FullFeatureSpace_2024_1340,Table_ValSamples_FullFeatureSpace_2024_258,4,4,9.758466232041087,False
Table_TrainSamples_FullFeatureSpace_2024_1341,Table_ValSamples_FullFeatureSpace_2024_15,4,4,9.756647504042217,False
Table_TrainSamples_FullFeatureSpace_2024_1343,Table_ValSamples_FullFeatureSpace_2024_268,4,4,9.75846145401482,False
Table_TrainSamples_FullFeatureSpace_2024_1343,Table_TrainSamples_FullFeatureSpace_2024_1368,4,4,9.94616754864854,False
Table_TrainSamples_FullFeatureSpace_2024_1346,Table_ValSamples_FullFeatureSpace_2024_245,4,4,9.946256833538072,False
Table_TrainSamples_FullFeatureSpace_2024_1347,Table_ValSamples_FullFeatureSpace_2024_287,4,4,9.945633294896773,False
Table_TrainSamples_FullFeatureSpace_2024_1352,Table_ValSamples_FullFeatureSpace_2024_289,4,4,9.945494915516305,False
Table_TrainSamples_FullFeatureSpace_2024_1353,Table_TrainSamples_FullFeatureSpace_2024_1380,4,4,9.7585912689904,False
Table_TrainSamples_FullFeatureSpace_2024_1357,Table_ValSamples_FullFeatureSpace_2024_263,4,4,9.758235359209788,False
Table_TrainSamples_FullFeatureSpace_2024_1359,Table_TrainSamples_FullFeatureSpace_2024_1360,4,4,9.94571887087838,False
Table_TrainSamples_FullFeatureSpace_2024_1359,Table_TrainSamples_FullFeatureSpace_2024_1382,4,4,9.94571887087838,False
Table_TrainSamples_FullFeatureSpace_2024_1359,Table_ValSamples_FullFeatureSpace_2024_284,4,4,9.77003681187367,False
Table_TrainSamples_FullFeatureSpace_2024_1360,Table_TrainSamples_FullFeatureSpace_2024_1382,4,4,0.0,False
Table_TrainSamples_FullFeatureSpace_2024_1363,Table_ValSamples_FullFeatureSpace_2024_14,4,4,9.946246134608112,False
Table_TrainSamples_FullFeatureSpace_2024_1365,Table_ValSamples_FullFeatureSpace_2024_285,4,4,9.945617512075257,False
Table_TrainSamples_FullFeatureSpace_2024_1366,Table_TrainSamples_FullFeatureSpace_2024_1386,4,4,0.0,False
Table_TrainSamples_FullFeatureSpace_2024_1374,Table_ValSamples_FullFeatureSpace_2024_290,4,4,9.945942221506176,False
Table_TrainSamples_FullFeatureSpace_2024_1378,Table_ValSamples_FullFeatureSpace_2024_278,4,4,9.945976241492346,False
Table_TrainSamples_FullFeatureSpace_2024_1379,Table_ValSamples_FullFeatureSpace_2024_269,4,4,9.758251032834405,False
Table_TrainSamples_FullFeatureSpace_2024_1383,Table_ValSamples_FullFeatureSpace_2024_254,4,4,9.758290373422447,False
Table_TrainSamples_FullFeatureSpace_2024_1388,Table_TrainSamples_FullFeatureSpace_2024_1427,5,5,0.0,False
Table_TrainSamples_FullFeatureSpace_2024_1389,Table_ValSamples_FullFeatureSpace_2024_206,5,5,9.946296264017034,False
Table_TrainSamples_FullFeatureSpace_2024_1391,Table_ValSamples_FullFeatureSpace_2024_228,5,5,0.0,False
Table_TrainSamples_FullFeatureSpace_2024_1396,Table_TrainSamples_FullFeatureSpace_2024_1433,5,5,0.0,False
Table_TrainSamples_FullFeatureSpace_2024_1400,Table_TrainSamples_FullFeatureSpace_2024_1476,5,5,0.0,False
Table_TrainSamples_FullFeatureSpace_2024_1401,Table_ValSamples_FullFeatureSpace_2024_238,5,5,9.756696598720366,False
Table_TrainSamples_FullFeatureSpace_2024_1404,Table_ValSamples_FullFeatureSpace_2024_207,5,5,0.0,False
Table_TrainSamples_FullFeatureSpace_2024_1404,Table_TrainSamples_FullFeatureSpace_2024_1451,5,5,9.757812744203964,False
Table_TrainSamples_FullFeatureSpace_2024_1405,Table_TrainSamples_FullFeatureSpace_2024_1417,5,5,9.946421481222348,False
Table_TrainSamples_FullFeatureSpace_2024_1413,Table_TrainSamples_FullFeatureSpace_2024_1436,5,5,9.946392877129568,False
Table_TrainSamples_FullFeatureSpace_2024_1416,Table_TrainSamples_FullFeatureSpace_2024_1466,5,5,9.756738881465933,False
Table_TrainSamples_FullFeatureSpace_2024_1418,Table_TrainSamples_FullFeatureSpace_2024_1482,5,5,0.0,False
Table_TrainSamples_FullFeatureSpace_2024_1420,Table_TrainSamples_FullFeatureSpace_2024_1457,5,5,9.757115877775432,False
Table_TrainSamples_FullFeatureSpace_2024_1422,Table_ValSamples_FullFeatureSpace_2024_221,5,5,9.757107821040062,False
Table_TrainSamples_FullFeatureSpace_2024_1434,Table_ValSamples_FullFeatureSpace_2024_226,5,5,9.765596827296386,False
Table_TrainSamples_FullFeatureSpace_2024_1442,Table_TrainSamples_FullFeatureSpace_2024_1512,5,5,0.0,False
Table_TrainSamples_FullFeatureSpace_2024_1444,Table_TrainSamples_FullFeatureSpace_2024_1505,5,5,9.756591244276589,False
Table_TrainSamples_FullFeatureSpace_2024_1447,Table_ValSamples_FullFeatureSpace_2024_233,5,5,9.765613261018116,False
Table_TrainSamples_FullFeatureSpace_2024_1451,Table_ValSamples_FullFeatureSpace_2024_207,5,5,9.757812744203964,False
Table_TrainSamples_FullFeatureSpace_2024_1453,Table_TrainSamples_FullFeatureSpace_2024_1501,5,5,9.75728993975113,False
Table_TrainSamples_FullFeatureSpace_2024_1463,Table_TrainSamples_FullFeatureSpace_2024_1473,5,5,9.757892090764225,False
Table_TrainSamples_FullFeatureSpace_2024_1469,Table_ValSamples_FullFeatureSpace_2024_235,5,5,9.756900019151539,False
Table_TrainSamples_FullFeatureSpace_2024_1473,Table_ValSamples_FullFeatureSpace_2024_208,5,5,9.757892828499045,False
Table_TrainSamples_FullFeatureSpace_2024_1489,Table_ValSamples_FullFeatureSpace_2024_218,5,5,9.757260064044743,False
Table_TrainSamples_FullFeatureSpace_2024_1491,Table_ValSamples_FullFeatureSpace_2024_205,5,5,9.756703290007449,False
Table_TrainSamples_FullFeatureSpace_2024_1494,Table_TrainSamples_FullFeatureSpace_2024_1514,5,5,9.756636675936713,False
Table_TrainSamples_FullFeatureSpace_2024_1502,Table_TrainSamples_FullFeatureSpace_2024_1503,5,5,9.946324286812718,False
Table_TrainSamples_FullFeatureSpace_2024_1509,Table_ValSamples_FullFeatureSpace_2024_209,5,5,0.0,False
Table_TrainSamples_FullFeatureSpace_2024_1517,Table_TrainSamples_FullFeatureSpace_2024_1541,6,6,9.946730956565258,False
Table_TrainSamples_FullFeatureSpace_2024_1521,Table_ValSamples_FullFeatureSpace_2024_319,6,6,9.946512739846684,False
Table_TrainSamples_FullFeatureSpace_2024_1521,Table_TrainSamples_FullFeatureSpace_2024_1565,6,6,0.0,False
Table_TrainSamples_FullFeatureSpace_2024_1522,Table_TrainSamples_FullFeatureSpace_2024_1544,6,6,0.0,False
Table_TrainSamples_FullFeatureSpace_2024_1534,Table_TrainSamples_FullFeatureSpace_2024_1540,6,6,9.947316183272422,False
Table_TrainSamples_FullFeatureSpace_2024_1538,Table_ValSamples_FullFeatureSpace_2024_295,6,6,9.762883575585725,False
Table_TrainSamples_FullFeatureSpace_2024_1539,Table_ValSamples_FullFeatureSpace_2024_323,6,6,9.764737467119705,False
Table_TrainSamples_FullFeatureSpace_2024_1542,Table_TrainSamples_FullFeatureSpace_2024_1614,6,6,0.0,False
Table_TrainSamples_FullFeatureSpace_2024_1545,Table_ValSamples_FullFeatureSpace_2024_309,6,6,9.946629818559922,False
Table_TrainSamples_FullFeatureSpace_2024_1548,Table_ValSamples_FullFeatureSpace_2024_305,6,6,9.757425497320673,False
Table_TrainSamples_FullFeatureSpace_2024_1556,Table_TrainSamples_FullFeatureSpace_2024_1590,6,6,9.763857245788337,False
Table_TrainSamples_FullFeatureSpace_2024_1560,Table_TrainSamples_FullFeatureSpace_2024_1595,6,6,9.764704099953379,False
Table_TrainSamples_FullFeatureSpace_2024_1562,Table_ValSamples_FullFeatureSpace_2024_307,6,6,9.946656629770807,False
Table_TrainSamples_FullFeatureSpace_2024_1565,Table_ValSamples_FullFeatureSpace_2024_319,6,6,9.946512739846684,False
Table_TrainSamples_FullFeatureSpace_2024_1569,Table_ValSamples_FullFeatureSpace_2024_291,6,6,9.947376392042365,False
Table_TrainSamples_FullFeatureSpace_2024_1582,Table_TrainSamples_FullFeatureSpace_2024_1587,6,6,9.946660589217123,False
Table_TrainSamples_FullFeatureSpace_2024_1584,Table_TrainSamples_FullFeatureSpace_2024_1591,6,6,0.0,False
Table_TrainSamples_FullFeatureSpace_2024_1592,Table_ValSamples_FullFeatureSpace_2024_321,6,6,0.0,False
Table_TrainSamples_FullFeatureSpace_2024_1601,Table_ValSamples_FullFeatureSpace_2024_307,6,6,9.94665657139607,False
Table_TrainSamples_FullFeatureSpace_2024_1601,Table_TrainSamples_FullFeatureSpace_2024_1612,6,6,9.757416011842748,False
Table_TrainSamples_FullFeatureSpace_2024_1604,Table_TrainSamples_FullFeatureSpace_2024_1615,6,6,9.762728730152253,False
Table_TrainSamples_FullFeatureSpace_2024_1611,Table_ValSamples_FullFeatureSpace_2024_317,6,6,9.75733737350505,False
Table_TrainSamples_FullFeatureSpace_2024_1617,Table_ValSamples_FullFeatureSpace_2024_335,7,7,9.950752891725541,False
Table_TrainSamples_FullFeatureSpace_2024_1618,Table_TrainSamples_FullFeatureSpace_2024_1668,7,7,9.768479204821308,False
Table_TrainSamples_FullFeatureSpace_2024_1618,Table_TrainSamples_FullFeatureSpace_2024_1669,7,7,9.768479204821308,False
Table_TrainSamples_FullFeatureSpace_2024_1619,Table_TrainSamples_FullFeatureSpace_2024_1674,7,7,9.950579413620213,False
Table_TrainSamples_FullFeatureSpace_2024_1620,Table_TrainSamples_FullFeatureSpace_2024_1627,7,7,9.742105021640848,False
Table_TrainSamples_FullFeatureSpace_2024_1621,Table_TrainSamples_FullFeatureSpace_2024_1762,7,7,9.757975715323882,False
Table_TrainSamples_FullFeatureSpace_2024_1624,Table_TrainSamples_FullFeatureSpace_2024_1681,7,7,9.946251352077175,False
Table_TrainSamples_FullFeatureSpace_2024_1624,Table_TrainSamples_FullFeatureSpace_2024_1775,7,7,9.758093180725401,False
Table_TrainSamples_FullFeatureSpace_2024_1624,Table_TrainSamples_FullFeatureSpace_2024_1629,7,7,9.75809392274062,False
Table_TrainSamples_FullFeatureSpace_2024_1624,Table_TrainSamples_FullFeatureSpace_2024_1661,7,7,9.75809392274062,False
Table_TrainSamples_FullFeatureSpace_2024_1626,Table_ValSamples_FullFeatureSpace_2024_362,7,7,9.74206586916994,False
Table_TrainSamples_FullFeatureSpace_2024_1629,Table_TrainSamples_FullFeatureSpace_2024_1661,7,7,0.0,False
Table_TrainSamples_FullFeatureSpace_2024_1630,Table_ValSamples_FullFeatureSpace_2024_355,7,7,9.95024477122012,False
Table_TrainSamples_FullFeatureSpace_2024_1631,Table_ValSamples_FullFeatureSpace_2024_346,7,7,9.748517731977678,False
Table_TrainSamples_FullFeatureSpace_2024_1636,Table_TrainSamples_FullFeatureSpace_2024_1656,7,7,9.751240259135995,False
Table_TrainSamples_FullFeatureSpace_2024_1637,Table_ValSamples_FullFeatureSpace_2024_347,7,7,0.0,False
Table_TrainSamples_FullFeatureSpace_2024_1639,Table_TrainSamples_FullFeatureSpace_2024_1667,7,7,9.748755645281939,False
Table_TrainSamples_FullFeatureSpace_2024_1639,Table_TrainSamples_FullFeatureSpace_2024_1703,7,7,9.950574197190443,False
Table_TrainSamples_FullFeatureSpace_2024_1639,Table_TrainSamples_FullFeatureSpace_2024_1685,7,7,9.950574197190443,False
Table_TrainSamples_FullFeatureSpace_2024_1641,Table_TrainSamples_FullFeatureSpace_2024_1683,7,7,9.943568155790038,False
Table_TrainSamples_FullFeatureSpace_2024_1642,Table_TrainSamples_FullFeatureSpace_2024_1682,7,7,0.0,False
Table_TrainSamples_FullFeatureSpace_2024_1644,Table_TrainSamples_FullFeatureSpace_2024_1649,7,7,9.949605745401657,False
Table_TrainSamples_FullFeatureSpace_2024_1644,Table_TrainSamples_FullFeatureSpace_2024_1744,7,7,9.949605745401657,False
Table_TrainSamples_FullFeatureSpace_2024_1644,Table_TrainSamples_FullFeatureSpace_2024_1749,7,7,9.7434008553037,False
Table_TrainSamples_FullFeatureSpace_2024_1647,Table_TrainSamples_FullFeatureSpace_2024_1735,7,7,9.758108842670472,False
Table_TrainSamples_FullFeatureSpace_2024_1648,Table_TrainSamples_FullFeatureSpace_2024_1703,7,7,9.95057425453748,False
Table_TrainSamples_FullFeatureSpace_2024_1648,Table_TrainSamples_FullFeatureSpace_2024_1685,7,7,9.95057425453748,False
Table_TrainSamples_FullFeatureSpace_2024_1649,Table_TrainSamples_FullFeatureSpace_2024_1744,7,7,0.0,False
Table_TrainSamples_FullFeatureSpace_2024_1649,Table_TrainSamples_FullFeatureSpace_2024_1713,7,7,9.949605804398294,False
Table_TrainSamples_FullFeatureSpace_2024_1649,Table_ValSamples_FullFeatureSpace_2024_361,7,7,9.743397247949089,False
Table_TrainSamples_FullFeatureSpace_2024_1650,Table_ValSamples_FullFeatureSpace_2024_334,7,7,9.950840205977377,False
Table_TrainSamples_FullFeatureSpace_2024_1651,Table_TrainSamples_FullFeatureSpace_2024_1707,7,7,9.950504821803484,False
Table_TrainSamples_FullFeatureSpace_2024_1654,Table_TrainSamples_FullFeatureSpace_2024_1694,7,7,9.757184098332175,False
Table_TrainSamples_FullFeatureSpace_2024_1654,Table_ValSamples_FullFeatureSpace_2024_388,7,7,9.757183352751829,False
Table_TrainSamples_FullFeatureSpace_2024_1659,Table_ValSamples_FullFeatureSpace_2024_364,7,7,9.741753825630518,False
Table_TrainSamples_FullFeatureSpace_2024_1659,Table_TrainSamples_FullFeatureSpace_2024_1664,7,7,9.949340207874041,False
Table_TrainSamples_FullFeatureSpace_2024_1666,Table_TrainSamples_FullFeatureSpace_2024_1688,7,7,9.75792381511155,False
Table_TrainSamples_FullFeatureSpace_2024_1667,Table_ValSamples_FullFeatureSpace_2024_345,7,7,9.950573324424417,False
Table_TrainSamples_FullFeatureSpace_2024_1668,Table_ValSamples_FullFeatureSpace_2024_374,7,7,9.943570774632649,False
Table_TrainSamples_FullFeatureSpace_2024_1668,Table_TrainSamples_FullFeatureSpace_2024_1669,7,7,0.0,False
Table_TrainSamples_FullFeatureSpace_2024_1669,Table_ValSamples_FullFeatureSpace_2024_374,7,7,9.943570774632649,False
Table_TrainSamples_FullFeatureSpace_2024_1670,Table_ValSamples_FullFeatureSpace_2024_381,7,7,9.757878150927422,False
Table_TrainSamples_FullFeatureSpace_2024_1672,Table_ValSamples_FullFeatureSpace_2024_343,7,7,9.749420264464973,False
Table_TrainSamples_FullFeatureSpace_2024_1673,Table_ValSamples_FullFeatureSpace_2024_365,7,7,9.949352167810924,False
Table_TrainSamples_FullFeatureSpace_2024_1674,Table_TrainSamples_FullFeatureSpace_2024_1705,7,7,9.749418553828983,False
Table_TrainSamples_FullFeatureSpace_2024_1674,Table_ValSamples_FullFeatureSpace_2024_343,7,7,9.749419409125048,False
Table_TrainSamples_FullFeatureSpace_2024_1679,Table_ValSamples_FullFeatureSpace_2024_390,7,7,9.757191121051626,False
Table_TrainSamples_FullFeatureSpace_2024_1679,Table_TrainSamples_FullFeatureSpace_2024_1777,7,7,9.946383886225675,False
Table_TrainSamples_FullFeatureSpace_2024_1683,Table_TrainSamples_FullFeatureSpace_2024_1716,7,7,9.768631874461901,False
Table_TrainSamples_FullFeatureSpace_2024_1685,Table_ValSamples_FullFeatureSpace_2024_345,7,7,9.74875206554154,False
Table_TrainSamples_FullFeatureSpace_2024_1685,Table_TrainSamples_FullFeatureSpace_2024_1703,7,7,0.0,False
Table_TrainSamples_FullFeatureSpace_2024_1686,Table_TrainSamples_FullFeatureSpace_2024_1724,7,7,9.749990089562859,False
Table_TrainSamples_FullFeatureSpace_2024_1686,Table_ValSamples_FullFeatureSpace_2024_342,7,7,9.749990947498727,False
Table_TrainSamples_FullFeatureSpace_2024_1687,Table_TrainSamples_FullFeatureSpace_2024_1764,7,7,9.946057647304825,False
Table_TrainSamples_FullFeatureSpace_2024_1690,Table_ValSamples_FullFeatureSpace_2024_335,7,7,9.751242103252437,False
Table_TrainSamples_FullFeatureSpace_2024_1695,Table_ValSamples_FullFeatureSpace_2024_353,7,7,9.950301166957981,False
Table_TrainSamples_FullFeatureSpace_2024_1695,Table_TrainSamples_FullFeatureSpace_2024_1761,7,7,0.0,False
Table_TrainSamples_FullFeatureSpace_2024_1697,Table_ValSamples_FullFeatureSpace_2024_355,7,7,9.743594806170288,False
Table_TrainSamples_FullFeatureSpace_2024_1698,Table_TrainSamples_FullFeatureSpace_2024_1754,7,7,9.94618963461005,False
Table_TrainSamples_FullFeatureSpace_2024_1699,Table_TrainSamples_FullFeatureSpace_2024_1742,7,7,0.0,False
Table_TrainSamples_FullFeatureSpace_2024_1701,Table_ValSamples_FullFeatureSpace_2024_376,7,7,9.9460147709564,False
Table_TrainSamples_FullFeatureSpace_2024_1703,Table_ValSamples_FullFeatureSpace_2024_345,7,7,9.74875206554154,False
Table_TrainSamples_FullFeatureSpace_2024_1705,Table_TrainSamples_FullFeatureSpace_2024_1753,7,7,9.950578598527198,False
Table_TrainSamples_FullFeatureSpace_2024_1707,Table_TrainSamples_FullFeatureSpace_2024_1730,7,7,9.950504764265764,False
Table_TrainSamples_FullFeatureSpace_2024_1707,Table_ValSamples_FullFeatureSpace_2024_349,7,7,9.747624911056924,False
Table_TrainSamples_FullFeatureSpace_2024_1708,Table_ValSamples_FullFeatureSpace_2024_351,7,7,9.747643161513862,False
Table_TrainSamples_FullFeatureSpace_2024_1708,Table_TrainSamples_FullFeatureSpace_2024_1792,7,7,9.747642316091678,False
Table_TrainSamples_FullFeatureSpace_2024_1709,Table_TrainSamples_FullFeatureSpace_2024_1799,7,7,9.758020512230553,False
Table_TrainSamples_FullFeatureSpace_2024_1711,Table_TrainSamples_FullFeatureSpace_2024_1796,7,7,9.949447423943777,False
Table_TrainSamples_FullFeatureSpace_2024_1712,Table_ValSamples_FullFeatureSpace_2024_342,7,7,9.749991802948754,False
Table_TrainSamples_FullFeatureSpace_2024_1713,Table_TrainSamples_FullFeatureSpace_2024_1744,7,7,9.949605804398294,False
Table_TrainSamples_FullFeatureSpace_2024_1715,Table_TrainSamples_FullFeatureSpace_2024_1721,7,7,9.949915755740744,False
Table_TrainSamples_FullFeatureSpace_2024_1715,Table_ValSamples_FullFeatureSpace_2024_357,7,7,0.0,False
Table_TrainSamples_FullFeatureSpace_2024_1719,Table_TrainSamples_FullFeatureSpace_2024_1755,7,7,9.742521326532383,False
Table_TrainSamples_FullFeatureSpace_2024_1721,Table_ValSamples_FullFeatureSpace_2024_357,7,7,9.949915755740744,False
Table_TrainSamples_FullFeatureSpace_2024_1729,Table_TrainSamples_FullFeatureSpace_2024_1793,7,7,9.950555133756156,False
Table_TrainSamples_FullFeatureSpace_2024_1731,Table_ValSamples_FullFeatureSpace_2024_356,7,7,0.0,False
Table_TrainSamples_FullFeatureSpace_2024_1732,Table_ValSamples_FullFeatureSpace_2024_378,7,7,9.946000077419647,False
Table_TrainSamples_FullFeatureSpace_2024_1734,Table_ValSamples_FullFeatureSpace_2024_338,7,7,0.0,False
Table_TrainSamples_FullFeatureSpace_2024_1736,Table_ValSamples_FullFeatureSpace_2024_384,7,7,0.0,False
Table_TrainSamples_FullFeatureSpace_2024_1737,Table_ValSamples_FullFeatureSpace_2024_386,7,7,9.757916239328758,False
Table_TrainSamples_FullFeatureSpace_2024_1738,Table_ValSamples_FullFeatureSpace_2024_367,7,7,9.768617768448077,False
Table_TrainSamples_FullFeatureSpace_2024_1738,Table_TrainSamples_FullFeatureSpace_2024_1746,7,7,0.0,False
Table_TrainSamples_FullFeatureSpace_2024_1741,Table_ValSamples_FullFeatureSpace_2024_332,7,7,9.749465750268918,False
Table_TrainSamples_FullFeatureSpace_2024_1744,Table_ValSamples_FullFeatureSpace_2024_361,7,7,9.743397247949089,False
Table_TrainSamples_FullFeatureSpace_2024_1746,Table_ValSamples_FullFeatureSpace_2024_367,7,7,9.768617768448077,False
Table_TrainSamples_FullFeatureSpace_2024_1749,Table_ValSamples_FullFeatureSpace_2024_361,7,7,9.949604902337068,False
Table_TrainSamples_FullFeatureSpace_2024_1751,Table_TrainSamples_FullFeatureSpace_2024_1763,7,7,9.94980267016718,False
Table_TrainSamples_FullFeatureSpace_2024_1751,Table_ValSamples_FullFeatureSpace_2024_358,7,7,9.74233515803672,False
Table_TrainSamples_FullFeatureSpace_2024_1755,Table_ValSamples_FullFeatureSpace_2024_363,7,7,9.949295406421594,False
Table_TrainSamples_FullFeatureSpace_2024_1761,Table_ValSamples_FullFeatureSpace_2024_353,7,7,9.950301166957981,False
Table_TrainSamples_FullFeatureSpace_2024_1772,Table_ValSamples_FullFeatureSpace_2024_341,7,7,9.950610110514429,False
Table_TrainSamples_FullFeatureSpace_2024_1774,Table_TrainSamples_FullFeatureSpace_2024_1795,7,7,0.0,False
Table_TrainSamples_FullFeatureSpace_2024_1800,Table_ValSamples_FullFeatureSpace_2024_395,8,8,0.0,False
Table_TrainSamples_FullFeatureSpace_2024_1802,Table_TrainSamples_FullFeatureSpace_2024_1886,8,8,9.949649509425187,False
Table_TrainSamples_FullFeatureSpace_2024_1809,Table_TrainSamples_FullFeatureSpace_2024_1867,8,8,9.943188422665706,False
Table_TrainSamples_FullFeatureSpace_2024_1809,Table_TrainSamples_FullFeatureSpace_2024_1852,8,8,9.943188485535378,False
Table_TrainSamples_FullFeatureSpace_2024_1816,Table_ValSamples_FullFeatureSpace_2024_419,8,8,9.748861661283108,False
Table_TrainSamples_FullFeatureSpace_2024_1824,Table_ValSamples_FullFeatureSpace_2024_402,8,8,9.772063852267676,False
Table_TrainSamples_FullFeatureSpace_2024_1825,Table_ValSamples_FullFeatureSpace_2024_417,8,8,9.945972502144507,False
Table_TrainSamples_FullFeatureSpace_2024_1827,Table_ValSamples_FullFeatureSpace_2024_424,8,8,0.0,False
Table_TrainSamples_FullFeatureSpace_2024_1831,Table_ValSamples_FullFeatureSpace_2024_415,8,8,9.778119505348709,False
Table_TrainSamples_FullFeatureSpace_2024_1835,Table_TrainSamples_FullFeatureSpace_2024_1878,8,8,9.781227989058547,False
Table_TrainSamples_FullFeatureSpace_2024_1839,Table_ValSamples_FullFeatureSpace_2024_420,8,8,9.94346362550335,False
Table_TrainSamples_FullFeatureSpace_2024_1839,Table_TrainSamples_FullFeatureSpace_2024_1864,8,8,9.749681637962968,False
Table_TrainSamples_FullFeatureSpace_2024_1840,Table_TrainSamples_FullFeatureSpace_2024_1854,8,8,9.951349004031481,False
Table_TrainSamples_FullFeatureSpace_2024_1843,Table_ValSamples_FullFeatureSpace_2024_423,8,8,9.942217839609286,False
Table_TrainSamples_FullFeatureSpace_2024_1855,Table_TrainSamples_FullFeatureSpace_2024_1875,8,8,9.94321052885052,False
Table_TrainSamples_FullFeatureSpace_2024_1871,Table_ValSamples_FullFeatureSpace_2024_404,8,8,9.941780464630218,False
Table_TrainSamples_FullFeatureSpace_2024_1876,Table_ValSamples_FullFeatureSpace_2024_429,8,8,9.744846894930989,False
Table_TrainSamples_FullFeatureSpace_2024_1887,Table_ValSamples_FullFeatureSpace_2024_409,8,8,0.0,False
Table_TrainSamples_FullFeatureSpace_2024_1894,Table_ValSamples_FullFeatureSpace_2024_393,8,8,9.951595005900982,False
Table_TrainSamples_FullFeatureSpace_2024_1903,Table_TrainSamples_FullFeatureSpace_2024_1939,9,9,9.764170028151597,False
Table_TrainSamples_FullFeatureSpace_2024_1904,Table_TrainSamples_FullFeatureSpace_2024_1945,9,9,9.75296650090408,False
Table_TrainSamples_FullFeatureSpace_2024_1910,Table_ValSamples_FullFeatureSpace_2024_467,9,9,9.946006606160815,False
Table_TrainSamples_FullFeatureSpace_2024_1912,Table_ValSamples_FullFeatureSpace_2024_466,9,9,9.945927576228437,False
Table_TrainSamples_FullFeatureSpace_2024_1917,Table_ValSamples_FullFeatureSpace_2024_450,9,9,9.75210823222655,False
Table_TrainSamples_FullFeatureSpace_2024_1929,Table_ValSamples_FullFeatureSpace_2024_443,9,9,9.771963879609174,False
Table_TrainSamples_FullFeatureSpace_2024_1932,Table_TrainSamples_FullFeatureSpace_2024_1951,9,9,0.0,False
Table_TrainSamples_FullFeatureSpace_2024_1932,Table_TrainSamples_FullFeatureSpace_2024_1997,9,9,9.751589912785272,False
Table_TrainSamples_FullFeatureSpace_2024_1941,Table_ValSamples_FullFeatureSpace_2024_435,9,9,9.781253390505189,False
Table_TrainSamples_FullFeatureSpace_2024_1943,Table_ValSamples_FullFeatureSpace_2024_439,9,9,9.753039077125218,False
Table_TrainSamples_FullFeatureSpace_2024_1947,Table_TrainSamples_FullFeatureSpace_2024_1956,9,9,9.75117161969376,False
Table_TrainSamples_FullFeatureSpace_2024_1949,Table_ValSamples_FullFeatureSpace_2024_462,9,9,0.0,False
Table_TrainSamples_FullFeatureSpace_2024_1951,Table_TrainSamples_FullFeatureSpace_2024_1997,9,9,9.751589912785272,False
Table_TrainSamples_FullFeatureSpace_2024_1961,Table_TrainSamples_FullFeatureSpace_2024_1996,9,9,9.945948835501788,False
Table_TrainSamples_FullFeatureSpace_2024_1972,Table_ValSamples_FullFeatureSpace_2024_467,9,9,9.94600666475109,False
Table_TrainSamples_FullFeatureSpace_2024_1977,Table_ValSamples_FullFeatureSpace_2024_448,9,9,9.95066859904382,False
Table_TrainSamples_FullFeatureSpace_2024_2013,Table_ValSamples_FullFeatureSpace_2024_490,10,10,9.94501126855547,False
Table_TrainSamples_FullFeatureSpace_2024_2014,Table_TrainSamples_FullFeatureSpace_2024_2099,10,10,9.762405221600888,False
Table_TrainSamples_FullFeatureSpace_2024_2017,Table_TrainSamples_FullFeatureSpace_2024_2066,10,10,0.0,False
Table_TrainSamples_FullFeatureSpace_2024_2017,Table_ValSamples_FullFeatureSpace_2024_474,10,10,9.767591474254639,False
Table_TrainSamples_FullFeatureSpace_2024_2022,Table_TrainSamples_FullFeatureSpace_2024_2036,10,10,0.0,False
Table_TrainSamples_FullFeatureSpace_2024_2023,Table_TrainSamples_FullFeatureSpace_2024_2081,10,10,0.0,False
Table_TrainSamples_FullFeatureSpace_2024_2023,Table_TrainSamples_FullFeatureSpace_2024_2071,10,10,0.0,False
Table_TrainSamples_FullFeatureSpace_2024_2028,Table_ValSamples_FullFeatureSpace_2024_488,10,10,9.758218026406475,False
Table_TrainSamples_FullFeatureSpace_2024_2039,Table_ValSamples_FullFeatureSpace_2024_485,10,10,9.757792347008305,False
Table_TrainSamples_FullFeatureSpace_2024_2045,Table_TrainSamples_FullFeatureSpace_2024_2073,10,10,0.0,False
Table_TrainSamples_FullFeatureSpace_2024_2048,Table_TrainSamples_FullFeatureSpace_2024_2088,10,10,0.0,False
Table_TrainSamples_FullFeatureSpace_2024_2048,Table_TrainSamples_FullFeatureSpace_2024_2080,10,10,9.760410035547702,False
Table_TrainSamples_FullFeatureSpace_2024_2055,Table_TrainSamples_FullFeatureSpace_2024_2092,10,10,0.0,False
Table_TrainSamples_FullFeatureSpace_2024_2064,Table_ValSamples_FullFeatureSpace_2024_475,10,10,9.946821412695368,False
Table_TrainSamples_FullFeatureSpace_2024_2066,Table_ValSamples_FullFeatureSpace_2024_474,10,10,9.767591474254639,False
Table_TrainSamples_FullFeatureSpace_2024_2070,Table_ValSamples_FullFeatureSpace_2024_501,10,10,9.759691188262202,False
Table_TrainSamples_FullFeatureSpace_2024_2071,Table_TrainSamples_FullFeatureSpace_2024_2081,10,10,0.0,False
Table_TrainSamples_FullFeatureSpace_2024_2074,Table_ValSamples_FullFeatureSpace_2024_484,10,10,9.75773101816061,False
Table_TrainSamples_FullFeatureSpace_2024_2077,Table_ValSamples_FullFeatureSpace_2024_481,10,10,9.947528611100497,False
Table_TrainSamples_FullFeatureSpace_2024_2080,Table_TrainSamples_FullFeatureSpace_2024_2088,10,10,9.760410035547702,False
Table_TrainSamples_FullFeatureSpace_2024_2083,Table_TrainSamples_FullFeatureSpace_2024_2095,10,10,9.946747866278038,False
Table_TrainSamples_FullFeatureSpace_2024_2085,Table_ValSamples_FullFeatureSpace_2024_494,10,10,0.0,False
Table_ValSamples_FullFeatureSpace_2024_0,Table_ValSamples_FullFeatureSpace_2024_189,3,3,0.0,False
Table_ValSamples_FullFeatureSpace_2024_8,Table_ValSamples_FullFeatureSpace_2024_173,3,3,9.756623907320868,False
Table_ValSamples_FullFeatureSpace_2024_9,Table_ValSamples_FullFeatureSpace_2024_573,3,3,9.946141328597024,False
Table_ValSamples_FullFeatureSpace_2024_11,Table_ValSamples_FullFeatureSpace_2024_15,4,4,9.94621988542662,False
Table_ValSamples_FullFeatureSpace_2024_15,Table_ValSamples_FullFeatureSpace_2024_243,4,4,9.756646763996317,False
Table_ValSamples_FullFeatureSpace_2024_156,Table_ValSamples_FullFeatureSpace_2024_562,3,3,9.765740243541,False
