DEM_elevation,S2_dry_CVI,S2_dry_MNDWI,L89_dry_SWIR1,L89_dry_NIR,S2_dry_B2,S1_VHasc_p50,L89_dry_Green,S2_wet_B12,L89_dry_MSI,S2_dry_B5,L89_wet_NBR2,S2_dry_NDI,S2_dry_NDMI,S2_wet_NBR2,S2_wet_B8,L89_wet_MSI,S2_wet_NDMI,L89_wet_NIR,L89_wet_Green,L89_wet_NDMI,S2_dry_NBR2,S2_wet_CVI,L89_dry_BSI,L89_wet_SWIR2
631.0,3.8520017,-0.46865892,0.151065,0.1627525,0.04255,-19.345966,0.06015,0.1447,1.008211,0.1251,0.16661017,-0.26948538,-0.08987566,0.08620145,0.1526,0.89767855,-0.059765864,0.2073575,0.09623,0.054334868,0.08156722,3.5163584,0.14911337,0.13121
531.0,4.470438,-0.53416413,0.1807375,0.1812875,0.0398,-16.842844,0.060865,0.1398,0.95465827,0.1169,0.21198311,-0.23432346,-0.059554636,0.23017621,0.2706,0.76770157,0.05338985,0.3302825,0.0822325,0.1314127,0.11796114,3.413876,0.09499081,0.1212
588.0,4.06689,-0.42430857,0.1227125,0.1604975,0.037,-17.583067,0.04904,0.1295,0.8205407,0.11275,0.2404522,-0.2371625,-0.026606463,0.1535598,0.2666,0.62490904,0.10729458,0.3470025,0.0867425,0.23083812,0.106346026,2.8989635,0.05483435,0.1187525
596.0,3.5775213,-0.37521222,0.1383875,0.15369125,0.0401,-17.885849,0.05427875,0.1267,0.85293204,0.11795,0.17751552,-0.25144473,-0.023013152,0.18601964,0.267,0.7249316,0.13063727,0.253585,0.06624125,0.17091785,0.048621867,2.7170854,0.09127008,0.1154525
595.0,3.5595787,-0.35898846,0.125325,0.15611126,0.0417,-19.567114,0.05311,0.1271,0.819995,0.1185,0.12743692,-0.21679285,-0.01770275,0.16544844,0.2134,0.7111684,0.04975973,0.18735126,0.0441725,0.16915542,0.0794425,2.6814067,0.07915136,0.1009875
552.0,4.286635,-0.5473019,0.185165,0.19039,0.0427,-16.15419,0.0566575,0.1159,0.9854067,0.11735,0.2401481,-0.20635387,-0.114373244,0.2025862,0.2586,0.6522241,0.09576269,0.2664,0.0747525,0.21048954,0.13145645,4.4586806,0.061330624,0.1251875
595.0,3.5741892,-0.35060835,0.1149025,0.1345925,0.0392,-18.528452,0.0498375,0.1258,0.8368315,0.1147,0.14146854,-0.24063976,-0.00912428,0.16189209,0.2316,0.6872082,0.052009992,0.16718,0.05403125,0.1985325,0.037288852,2.6288044,0.09612846,0.08648125
583.0,3.6819496,-0.39060518,0.11002125,0.11867,0.0394,-20.011917,0.04798125,0.1185,0.9323501,0.1149,0.21693036,-0.27116567,-0.042687185,0.110206045,0.1556,0.77191085,-0.04487037,0.3163675,0.0849275,0.12872496,0.028411368,3.0646744,0.14067511,0.1208975
587.0,4.1338606,-0.45245263,0.1306875,0.1591225,0.03625,-17.387375,0.0500025,0.15509999,0.8487895,0.1159,0.08929416,-0.2121145,-0.021582225,0.121092945,0.2236,0.8702326,0.05276261,0.18852,0.06972,0.06938572,0.119882956,2.7028787,0.07718346,0.1446025
568.0,5.3463206,-0.6184847,0.19070625,0.32317376,0.0328,-14.763034,0.0472525,0.1117,0.547812,0.0985,0.3655091,0.12573442,0.2281317,0.34930697,0.4034,0.53262013,0.26973695,0.39206126,0.05856875,0.3052971,0.32713345,4.668816,-0.23923734,0.09324625
546.0,4.095929,-0.58769476,0.167235,0.2774,0.0336,-14.109853,0.045135,0.0976,0.59998995,0.0923,0.42869493,0.14379801,0.19295338,0.38651025,0.3976,0.46969426,0.2881905,0.4003525,0.0539625,0.36082724,0.32410532,3.1893473,-0.1930353,0.0729375
500.0,5.211821,-0.57715064,0.2231425,0.2757225,0.0472,-15.545724,0.0590225,0.1415,0.7877349,0.14005,0.32548597,-0.09741845,0.058109295,0.19203152,0.2843,0.5104302,0.04532594,0.3190625,0.08358,0.32412606,0.23747852,3.661345,-0.041423738,0.1144625
553.0,4.403128,-0.623228,0.1488925,0.2943125,0.02905,-14.976689,0.04376,0.09075,0.5128955,0.08005,0.41845682,0.25332665,0.2717046,0.39236972,0.41500002,0.4222923,0.31548116,0.4343425,0.0654575,0.4061807,0.37879664,3.0663729,-0.27653065,0.079015
569.0,5.619147,-0.6008677,0.1776575,0.28477,0.0347,-14.803503,0.0478025,0.11405,0.5842058,0.1039,0.3394123,-0.016025644,0.19699082,0.32988802,0.3346,0.53944343,0.20124418,0.3769775,0.05796375,0.30002233,0.29747018,4.5522184,-0.20220332,0.09379625
533.0,4.4330325,-0.62516385,0.1752375,0.35061875,0.0379,-16.31448,0.0460975,0.087400004,0.50645345,0.0892,0.40828997,0.18512528,0.29479137,0.4136059,0.4397,0.42900062,0.33755854,0.4291175,0.0584725,0.39957952,0.368629,3.5606384,-0.2846518,0.075605
535.0,4.0413227,-0.5848889,0.150515,0.3117475,0.0291,-14.845516,0.0464275,0.0845,0.49916676,0.0979,0.45049414,0.22570018,0.28983018,0.3983624,0.4044,0.41364053,0.3426501,0.42491,0.064605,0.41478682,0.37357536,3.8646762,-0.2823755,0.066585
540.0,4.0424833,-0.60237116,0.17632376,0.35081124,0.0358,-15.416926,0.04663375,0.089,0.5036237,0.0893,0.41042572,0.2044199,0.29073712,0.41363356,0.45185,0.43371347,0.3418921,0.42489624,0.05686375,0.3949935,0.37429798,3.5374413,-0.28639564,0.07141125
554.0,5.4758058,-0.62159264,0.1900325,0.305175,0.0345,-14.114696,0.051515,0.1101,0.6398446,0.11365,0.33245027,0.033266783,0.1502972,0.30384168,0.3632,0.60734147,0.3292022,0.42104626,0.06423375,0.2442908,0.2913015,3.8030427,-0.15672645,0.11593375
554.0,3.790386,-0.58993393,0.217285,0.288345,0.0445,-16.169994,0.059545,0.1903,0.73853976,0.10785,0.29768145,0.050000653,0.056373905,0.24182078,0.3176,0.7405682,0.04521559,0.3718625,0.06574625,0.16099411,0.2689978,3.882046,-0.09901245,0.1407525
555.0,3.6564453,-0.57751787,0.22051625,0.2646125,0.0454,-17.587572,0.0600675,0.1513,0.7825299,0.1127,0.33084473,0.008933907,0.03319593,0.2363481,0.2852,0.6605013,0.10115828,0.421445,0.06937625,0.22906983,0.25048545,3.2868395,-0.059549477,0.12286375
553.0,3.6374943,-0.5877784,0.2436025,0.26800874,0.05425,-17.192835,0.06470125,0.17595,0.8799327,0.1271,0.32198787,-0.037988592,-0.047354896,0.2437852,0.31,0.6758703,0.019774485,0.42046875,0.0734875,0.21825357,0.22555077,3.3596196,-0.0071315956,0.12956
551.0,3.850478,-0.5945528,0.241815,0.27856874,0.0442,-16.495697,0.0617175,0.1861,0.85461587,0.1143,0.30513564,0.024284912,0.03849913,0.26299432,0.32755,0.7306818,0.055645704,0.394,0.07435375,0.1797385,0.25334352,3.847769,-0.02320612,0.13785125
556.0,3.9304142,-0.6029403,0.205515,0.24627,0.04025,-15.886019,0.05634125,0.13005,0.8474483,0.10965,0.33142874,0.015113696,-0.0144321285,0.25330952,0.2535,0.68117577,0.08104026,0.3499725,0.06527875,0.20335205,0.25529185,2.819003,-0.027347473,0.11169875
556.0,3.9669893,-0.61090887,0.2504225,0.243795,0.04275,-16.07137,0.0651275,0.12905,0.9843208,0.11675,0.30107793,-0.028626349,-0.056764577,0.24382746,0.23089999,0.8169107,0.051393308,0.35661376,0.07693875,0.1348556,0.2543093,2.6453686,0.04169953,0.13713625
554.0,4.404733,-0.6094553,0.2242975,0.2576,0.04835,-16.17871,0.061635,0.1631,0.87628114,0.1255,0.30905637,-0.031305823,0.0056615043,0.27543312,0.3132,0.71561944,0.06831091,0.35466126,0.06794625,0.17997809,0.24977927,3.8236327,-0.0062361225,0.12522875
556.0,3.9286292,-0.5668277,0.1784275,0.24473,0.0336,-15.3601,0.04904,0.1323,0.75031954,0.0982,0.3288964,0.08185651,0.0990099,0.31592554,0.4128,0.56363344,0.23722465,0.3747775,0.0633675,0.27907214,0.2726751,3.960899,-0.074502856,0.10745
553.0,3.6705625,-0.5856707,0.17918375,0.2678575,0.03555,-16.536142,0.048545,0.1433,0.65496266,0.106,0.34698656,0.14335604,0.13050179,0.296598,0.3916,0.48592675,0.17150861,0.3709,0.0595175,0.3459618,0.28960043,3.8407888,-0.1570983,0.09266875
538.0,3.7391338,-0.5954407,0.17560875,0.24347875,0.0335,-15.539527,0.047335,0.12525,0.7353027,0.0908,0.3217071,0.17323676,0.12782003,0.30467054,0.36995,0.5619346,0.22587277,0.3827525,0.074065,0.28046337,0.3018414,2.8640523,-0.10586196,0.1017575
544.0,3.8668036,-0.57733995,0.1574175,0.274815,0.0306,-15.251073,0.0469225,0.1158,0.588602,0.08835,0.33763102,0.18083312,0.18320525,0.2846561,0.376,0.51098776,0.28377584,0.36868626,0.06851,0.32401478,0.3254297,2.8632357,-0.19444433,0.09536375
531.0,3.996021,-0.5657805,0.181095,0.2413475,0.035,-15.914662,0.0526425,0.1538,0.7681763,0.1135,0.28883898,0.017142829,0.04777198,0.2661149,0.3584,0.73309344,0.14715323,0.3245625,0.06384875,0.15612057,0.2299814,3.8431015,-0.05617327,0.1276075
534.0,3.6903048,-0.5919411,0.1861275,0.2539425,0.038,-16.063461,0.0513775,0.15245,0.7436723,0.10455,0.30343327,0.060563676,0.040233847,0.27720413,0.3708,0.7623084,0.14381014,0.32457626,0.06827625,0.1353395,0.26619938,2.6662016,-0.10352678,0.131155
515.0,4.7222657,-0.54145324,0.1862925,0.22714375,0.0379,-16.73417,0.05575,0.1479,0.8340351,0.1145,0.256327,-0.13270971,0.025357611,0.2084825,0.2488,0.641054,0.048156187,0.33416,0.073075,0.21872896,0.17400378,3.8687446,0.0022340966,0.1399825
511.0,4.6406837,-0.5634649,0.17906,0.251825,0.03575,-16.336012,0.05322,0.1504,0.726777,0.10945,0.28313538,-0.073141284,0.05680291,0.24582408,0.34829998,0.5649587,0.14835083,0.3819825,0.0687575,0.27798897,0.20641035,3.7493758,-0.05906392,0.12637
506.0,4.674305,-0.58517635,0.16642375,0.2834225,0.0347,-15.23986,0.05172125,0.12355,0.59905946,0.0935,0.31354034,0.08383979,0.20411755,0.31707832,0.35295,0.5871084,0.20294882,0.32559374,0.062185,0.26015538,0.3008445,4.0658207,-0.17922899,0.1008225
505.0,4.7365437,-0.5492614,0.17299625,0.24408375,0.0381,-15.6024065,0.0571525,0.13335,0.7159119,0.11045,0.2742699,-0.08437308,0.093201846,0.23673357,0.29514998,0.61329836,0.14715558,0.3132325,0.06785,0.24186093,0.19554073,4.1699677,-0.06013898,0.105525
512.0,4.568629,-0.53976834,0.19626126,0.23025125,0.0394,-17.098532,0.0621575,0.1452,0.8377649,0.1172,0.28723827,-0.1303209,0.032606035,0.21089584,0.293,0.56932133,0.09163681,0.3806625,0.07011875,0.2754062,0.16121326,3.7108095,0.01696638,0.11788625
496.0,4.616525,-0.5877649,0.147875,0.3181275,0.029,-13.810394,0.0415325,0.0966,0.4362716,0.08515,0.43200654,0.22926766,0.32094845,0.35515082,0.4156,0.4302272,0.35308483,0.455765,0.054375,0.39837924,0.35758054,3.2830777,-0.3523274,0.0761
473.0,4.554317,-0.57533866,0.158435,0.26541,0.0304,-15.849417,0.0468125,0.1333,0.5827493,0.08465,0.2964461,0.056899633,0.19105604,0.27272728,0.3445,0.4933098,0.21946901,0.3413925,0.0565475,0.33930683,0.2813544,3.2315624,-0.18650602,0.0875125
480.0,4.936043,-0.59462404,0.16433375,0.25071126,0.0328,-14.57821,0.045135,0.13714999,0.6795536,0.0962,0.30069467,0.0008733772,0.09789229,0.2670095,0.3446,0.68103296,0.14674762,0.2962375,0.069335,0.18974467,0.2708395,3.7904382,-0.110185154,0.1084675
452.0,4.777633,-0.6025641,0.1549425,0.2960725,0.0341,-13.237626,0.0427425,0.1391,0.52823186,0.0887,0.33277676,0.13375795,0.2449334,0.30213895,0.4188,0.63333046,0.23561792,0.3213725,0.0718375,0.22449194,0.32989693,4.49035,-0.24480951,0.101895
473.0,4.0258093,-0.5846645,0.1875025,0.23835,0.0436,-13.625477,0.047665,0.1359,0.7762368,0.1094,0.28920913,0.0,0.05083348,0.30910012,0.4508,0.76882905,0.272907,0.2958525,0.08116,0.13069151,0.26598957,3.5119276,-0.06091106,0.1254075
581.0,5.006404,-0.55933714,0.1692975,0.2519075,0.0347,-16.71155,0.0480225,0.1373,0.6713441,0.10705,0.33489364,-0.042958397,0.1288081,0.28987598,0.354,0.4601057,0.20654395,0.398785,0.0665575,0.36976385,0.2211824,4.1875815,-0.11282456,0.1036
534.0,5.341832,-0.58863395,0.160085,0.2361775,0.0355,-15.204376,0.0462625,0.135,0.69155616,0.1034,0.29770166,-0.010619467,0.13561866,0.25391352,0.2992,0.64883864,0.15572375,0.3150475,0.06037,0.21297495,0.25386637,3.9959571,-0.101550214,0.108165
531.0,5.3116426,-0.5941223,0.16476,0.2383775,0.0314,-15.55034,0.0463725,0.1399,0.7073294,0.0958,0.25308678,0.03615759,0.15555555,0.22156969,0.2868,0.7178185,0.112490304,0.27839,0.05828,0.16426738,0.21456954,4.094908,-0.08413035,0.1135
527.0,4.697248,-0.5614931,0.160415,0.22933,0.0372,-16.42045,0.0468125,0.1379,0.71879196,0.1032,0.23249999,-0.088235326,0.040791705,0.19852163,0.2222,0.76341724,0.0024390293,0.25001,0.06437125,0.13432217,0.19652484,3.4306989,-0.08189609,0.119275
608.0,3.9954436,-0.5689981,0.17387626,0.28763,0.0324,-15.514596,0.0497275,0.120000005,0.6224756,0.0984,0.3395026,0.09523811,0.16064703,0.31512645,0.3584,0.624998,0.24257776,0.304845,0.058775,0.23077078,0.28765503,3.2735724,-0.17020628,0.0939475
613.0,4.246465,-0.5967016,0.18753,0.29203,0.0319,-14.787471,0.050745,0.1307,0.68355006,0.1015,0.30614468,0.07204608,0.11468815,0.33683163,0.4188,0.71835184,0.27379677,0.30556,0.06027375,0.16542111,0.2766467,3.4881108,-0.13184725,0.11546625
611.0,4.807418,-0.586319,0.19248,0.22889,0.03875,-16.174139,0.052725,0.14975,0.87240595,0.113,0.23809975,-0.07207443,-0.018525051,0.26401523,0.3025,0.8247573,0.09342796,0.30787,0.09418125,0.09648174,0.20509791,3.9605691,0.0057504037,0.155465
619.0,3.8961484,-0.5252901,0.2024625,0.195945,0.0498,-17.792976,0.0613325,0.1247,1.055329,0.1339,0.19551468,-0.17647755,-0.09471461,0.23033111,0.227,0.9001028,0.13556777,0.20238,0.06486625,0.05366912,0.1266266,3.8298392,0.106625065,0.12483
622.0,4.0381117,-0.57786256,0.196165,0.243355,0.0386,-15.752307,0.055145,0.14115,0.7489298,0.1168,0.28993747,0.0027397212,0.06022529,0.25398162,0.3252,0.7443675,0.15733506,0.1974025,0.0561625,0.1465474,0.22682633,3.1665297,-0.06824571,0.080885
619.0,3.999111,-0.5073891,0.1896475,0.2101075,0.0505,-17.56448,0.057895,0.142,0.92037916,0.1311,0.19261217,-0.08813927,0.040501248,0.15137722,0.2768,0.87459284,0.1608889,0.228285,0.071535,0.066898346,0.15762274,3.2088244,0.05026037,0.1336025
626.0,4.3626256,-0.53760225,0.18330875,0.25508374,0.0387,-16.649559,0.0537425,0.136,0.71076274,0.1134,0.27405533,-0.03396455,0.09300077,0.22827205,0.3086,0.60862076,0.17155068,0.22450376,0.0542375,0.24630569,0.1927489,3.2076035,-0.081375286,0.0792075
625.0,4.2600093,-0.57682794,0.1771625,0.29036626,0.0332,-14.353438,0.05051125,0.1428,0.59880805,0.1039,0.0,0.06833211,0.12672469,0.2677346,0.4065,0.0,0.21126343,0.0,0.0,0.0,0.25523484,4.58548,-0.18551259,0.0
623.0,4.3682637,-0.56505984,0.1879425,0.22999,0.037,-15.219553,0.0498375,0.1233,0.74880284,0.1082,0.0,0.0066857752,0.04131204,0.26130295,0.34405,0.0,0.17090127,0.0,0.0,0.0,0.22659819,3.0087774,-0.07287316,0.0
629.0,4.3446846,-0.5692412,0.180655,0.241375,0.0342,-15.473944,0.0505525,0.1388,0.72690314,0.111,0.0,-0.02485659,0.09206619,0.25770983,0.2963,0.0,0.11642801,0.0,0.0,0.0,0.2174202,3.7194152,-0.078558184,0.0
625.0,4.4606433,-0.5967325,0.1674825,0.2612025,0.0329,-15.22017,0.047995,0.122600004,0.6373658,0.09595,0.23260635,0.051425364,0.13093802,0.29064342,0.3374,0.64332926,0.19735558,0.28940374,0.13312125,0.22859634,0.26637274,3.8196023,-0.15823606,0.149415
616.0,4.4027715,-0.5582269,0.16590124,0.24246125,0.0342,-15.763365,0.047885,0.13605,0.70895225,0.1001,0.29161054,-0.028697565,0.087950766,0.23800957,0.2905,0.70843685,0.13410024,0.275695,0.0601225,0.17066076,0.23572743,3.7631986,-0.09189184,0.10712
629.0,4.3425717,-0.5832381,0.17961,0.24528,0.036,-15.645374,0.050195,0.1201,0.78817666,0.1027,0.29715666,-0.02232854,0.06806049,0.29384968,0.3383,0.7120031,0.2004968,0.283285,0.0561075,0.16941424,0.23543401,3.784395,-0.047406178,0.10828875
633.0,4.511006,-0.5793818,0.173175,0.26277,0.03285,-14.712769,0.0512125,0.1147,0.67883784,0.0999,0.2981863,0.051187582,0.1442114,0.30736715,0.3631,0.6375155,0.25293306,0.31563875,0.0594075,0.2233934,0.27075344,3.7571049,-0.11701416,0.107945
645.0,4.6582804,-0.5829498,0.2022425,0.23571,0.0395,-16.413263,0.05806,0.1635,0.82093763,0.11885,0.22763582,-0.07466702,0.0008132089,0.17813332,0.263,0.58319694,0.03135278,0.2459675,0.06444,0.26326668,0.17235322,3.6711104,-0.021851793,0.0964775
635.0,4.0234265,-0.5857137,0.1796375,0.275365,0.0358,-13.775143,0.0493975,0.1316,0.68919253,0.1018,0.36312312,0.035262685,0.05365208,0.2658298,0.2453,0.4520227,0.038966537,0.47500125,0.07698,0.3775136,0.26339477,3.4607751,-0.117503956,0.10336625
625.0,3.8783042,-0.586785,0.1766675,0.28312,0.0312,-14.669032,0.0506625,0.1284,0.6189521,0.09945,0.3493483,0.13144256,0.14708346,0.2605816,0.4019,0.49274114,0.2216708,0.35650375,0.06511375,0.3398391,0.2510084,2.9745731,-0.16647719,0.09711
626.0,4.5438886,-0.55271566,0.1581875,0.29775,0.0355,-14.607357,0.0452725,0.12715,0.54718775,0.0884,0.3083791,0.09759189,0.22697495,0.28946948,0.39455,0.47630134,0.2452636,0.3897375,0.0707375,0.35473695,0.28274497,3.728813,-0.222641,0.10525
641.0,3.9050727,-0.5796992,0.1785925,0.2937075,0.0296,-14.776645,0.0483525,0.10705,0.5962757,0.0864,0.31450814,0.15065505,0.18799016,0.32791522,0.35205,0.45930457,0.28273827,0.35006875,0.0673275,0.37081966,0.29871085,3.7991874,-0.1933159,0.0966425
640.0,3.7391927,-0.58124113,0.15365,0.31217375,0.028,-13.833026,0.04388375,0.0952,0.48571217,0.0809,0.36039144,0.24775352,0.2587519,0.32262155,0.3423,0.46902657,0.29549554,0.36018875,0.0616625,0.36227593,0.3477805,3.826877,-0.29571298,0.07922125
645.0,4.1460714,-0.57988167,0.1809575,0.2325475,0.0354,-14.791856,0.05256,0.1469,0.76811945,0.1126,0.2798438,-0.024291495,0.057823826,0.24502769,0.29285002,0.6325391,0.126388,0.3450775,0.0797575,0.22508554,0.21323724,3.5553544,-0.051705096,0.141165
528.0,4.271173,-0.5861575,0.1600575,0.2505325,0.02705,-15.678251,0.048325,0.1039,0.67621505,0.08495,0.36671332,0.06823262,0.12085408,0.33056268,0.3585,0.4880307,0.2620567,0.35462,0.056685,0.3440583,0.2556952,3.3797283,-0.14598376,0.0872925
518.0,4.5158305,-0.6048991,0.1689125,0.2220425,0.03205,-15.350753,0.047555,0.11735,0.81292135,0.09015,0.3006385,-0.017381992,0.008114198,0.2886505,0.28890002,0.64905685,0.17552768,0.28954124,0.05652,0.2173896,0.25378683,3.6123896,-0.041392516,0.09909
506.0,4.8263297,-0.5980931,0.16575,0.22348624,0.03235,-15.82964,0.04838,0.1321,0.73531914,0.0927,0.28685305,-0.066799015,0.02150819,0.28714654,0.3212,0.6345853,0.15936232,0.2659875,0.0556125,0.22402254,0.22445568,4.4235044,-0.083880186,0.09667
485.0,4.544796,-0.5864345,0.1617625,0.2881525,0.03325,-14.102486,0.050085,0.12935,0.60620785,0.0935,0.2910636,0.07590297,0.16664802,0.2743644,0.29115,0.6911024,0.14606261,0.2940375,0.064275,0.1826605,0.27889037,3.5858681,-0.18500401,0.1129775
506.0,5.1613827,-0.5954023,0.197595,0.28670874,0.0341,-15.29373,0.05755125,0.14965001,0.6944278,0.1106,0.28095412,0.026548682,0.15813872,0.2677803,0.36879998,0.4108183,0.18456939,0.2124175,0.03771,0.41761696,0.25921556,4.1413527,-0.10639129,0.048985
509.0,5.141108,-0.5838877,0.17708,0.25562,0.0381,-15.537007,0.0495625,0.1665,0.7082388,0.104,0.0,-0.056027167,0.08379662,0.22594544,0.2785,0.0,0.13182096,0.0,0.0,0.0,0.2377811,2.720695,-0.099515244,0.0
510.0,5.061328,-0.6012954,0.188025,0.245665,0.0376,-15.900655,0.049315,0.1745,0.7275031,0.1048,0.0,-0.050709967,0.05559816,0.24311428,0.3412,0.0,0.0994467,0.0,0.0,0.0,0.2275641,4.479339,-0.09362594,0.0
511.0,5.214913,-0.61031574,0.1863475,0.2663725,0.03465,-15.715367,0.051295,0.1522,0.703801,0.10465,0.0,-0.015975902,0.10937051,0.26428944,0.3241,0.0,0.146775,0.0,0.0,0.0,0.24881414,4.251796,-0.095065616,0.0
513.0,4.5939856,-0.5839532,0.1903625,0.2553175,0.03575,-15.2382965,0.0498925,0.1404,0.7225511,0.10675,0.0,-0.0008635564,0.08854442,0.26535752,0.3096,0.0,0.08860757,0.0,0.0,0.0,0.24806295,3.8238387,-0.08530738,0.0
512.0,4.904532,-0.59723324,0.1779325,0.2825425,0.03385,-15.0031595,0.05265625,0.1361,0.6442096,0.1006,0.0,0.091814905,0.19975916,0.29615593,0.3264,0.0,0.17305699,0.0,0.0,0.0,0.27419358,4.122789,-0.14335851,0.0
516.0,5.0739408,-0.60583943,0.1931125,0.26968625,0.0358,-15.78498,0.05106125,0.1485,0.7036743,0.0982,0.0,0.029308338,0.12181746,0.29322955,0.3376,0.0,0.16333562,0.0,0.0,0.0,0.2588202,4.395592,-0.104059555,0.0
517.0,4.87037,-0.5918566,0.17398626,0.27403125,0.0328,-16.156141,0.05256,0.1401,0.6377706,0.109,0.0,0.06469219,0.16120204,0.29075214,0.3635,0.0,0.24029082,0.0,0.0,0.0,0.22991541,4.091746,-0.12702867,0.0
514.0,5.5756555,-0.60279554,0.17992625,0.25408,0.03355,-16.71544,0.0499475,0.1626,0.712152,0.10155,0.0,-0.0197142,0.111079514,0.26806125,0.3391,0.0,0.15872204,0.0,0.0,0.0,0.23853177,4.274483,-0.09307024,0.0
557.0,4.6059666,-0.57296467,0.14051875,0.27557126,0.031,-16.205032,0.0428525,0.1035,0.45951605,0.0867,0.33296987,0.21574804,0.31184527,0.33503184,0.344,0.4356833,0.24277458,0.35501876,0.05441625,0.39326006,0.34786323,3.1705718,-0.31938836,0.07680125
552.0,3.9971828,-0.56117755,0.13649,0.2626875,0.0308,-15.269486,0.0396625,0.100099996,0.4892315,0.0822,0.36819017,0.18991332,0.2508892,0.36072963,0.4056,0.43226686,0.30807194,0.356435,0.0503875,0.39642677,0.32462505,3.2820048,-0.28360018,0.0740925
554.0,4.007997,-0.5703988,0.1353625,0.26695,0.0275,-15.21839,0.0409275,0.1008,0.5497907,0.0787,0.3166114,0.16346154,0.21664405,0.3447642,0.3782,0.41164222,0.28773716,0.29962,0.053935,0.4167896,0.3198697,3.3300867,-0.23612349,0.069885
556.0,4.215809,-0.57228297,0.1404775,0.258975,0.0319,-15.429415,0.042825,0.11395,0.5899229,0.08985,0.31253392,0.07254067,0.13526519,0.3271087,0.35259998,0.4269523,0.22069897,0.297255,0.053715,0.40158853,0.2880887,3.5411146,-0.20530613,0.0767875
551.0,3.9472497,-0.58686274,0.1678675,0.2477825,0.03095,-15.263698,0.04739,0.1175,0.636637,0.0916,0.3140518,0.13518244,0.09745581,0.33123395,0.4326,0.48054445,0.29086706,0.3980425,0.0676575,0.35135734,0.2908571,3.774343,-0.15747258,0.102445
550.0,4.08443,-0.5837308,0.18531625,0.2107125,0.03585,-15.012846,0.05047,0.12845,0.86840665,0.09475,0.28221244,-0.019330544,-0.005876748,0.31664297,0.3976,0.62630016,0.20308831,0.36615625,0.074395,0.23091361,0.24898058,3.4111006,-0.009231288,0.13048124
547.0,4.2349863,-0.56914794,0.18050376,0.2552625,0.034,-14.370793,0.05245,0.119200006,0.70351326,0.0909,0.26936007,0.07466503,0.12343461,0.32856888,0.3972,0.5783041,0.31158698,0.4044775,0.0798675,0.2671829,0.27178997,3.7643437,-0.106287375,0.114875
544.0,3.9529922,-0.55408204,0.1679225,0.219705,0.0347,-14.72934,0.04844875,0.1286,0.7814377,0.0901,0.29663846,0.020746853,0.07282097,0.3174043,0.3696,0.5662627,0.18689789,0.3096575,0.0787125,0.27692497,0.27089074,3.080784,-0.055427514,0.112675
547.0,3.8047771,-0.556962,0.1596175,0.2128025,0.032,-14.371558,0.04778875,0.116799995,0.77052635,0.0905,0.3051052,0.08151551,0.09836788,0.3300898,0.41595,0.5859941,0.2636231,0.32415,0.0586925,0.26103872,0.26411,3.1604886,-0.06327714,0.104315
549.0,3.7912574,-0.5871569,0.15761,0.2373325,0.02995,-15.154788,0.0456025,0.1233,0.6981555,0.08835,0.31472448,0.12922157,0.109544866,0.306914,0.3808,0.60007775,0.23375994,0.3921575,0.075495,0.24993925,0.27481973,3.4848154,-0.11148552,0.1067625
546.0,4.0258336,-0.58153385,0.155575,0.23373,0.0304,-15.417546,0.0451075,0.12005,0.6656184,0.0838,0.3155342,0.109090924,0.08570324,0.33381134,0.37895,0.612309,0.25162333,0.42689,0.07786,0.24045703,0.28703707,3.5054414,-0.13992868,0.1072575
473.0,4.3864617,-0.5414543,0.1620925,0.2562525,0.03745,-17.017984,0.0433475,0.12735,0.659265,0.0976,0.36794475,-0.022713164,0.10865393,0.28179982,0.3246,0.566825,0.18438165,0.33004874,0.04784375,0.28437084,0.2656499,3.9139724,-0.15848337,0.0840475
469.0,3.9539528,-0.58054215,0.15871,0.25375,0.03195,-15.346516,0.04772,0.1196,0.6171133,0.09285,0.33063886,0.10526636,0.1352117,0.3353941,0.39815,0.55432206,0.2534595,0.322005,0.051845,0.29196253,0.30372518,3.2677543,-0.17246753,0.08813125
466.0,3.7709484,-0.5944961,0.1778225,0.247315,0.03515,-15.294805,0.04816,0.12709999,0.6767552,0.0934,0.35480592,0.10628229,0.09194357,0.29112494,0.375,0.55438143,0.2164703,0.33455876,0.04679875,0.29367456,0.26838177,3.2377224,-0.1228269,0.08755375
464.0,4.3236284,-0.5632959,0.15992,0.26299,0.0402,-15.350686,0.042275,0.1491,0.60027045,0.0826,0.3712588,0.04333867,0.15968397,0.26114964,0.3488,0.5636934,0.21511179,0.33343124,0.04968625,0.28383088,0.2979699,3.2417502,-0.20005529,0.086
470.0,4.5791802,-0.5812005,0.15805,0.2742375,0.02975,-14.867601,0.04343,0.113,0.5725802,0.079,0.38211566,0.09797868,0.18680646,0.33082908,0.3764,0.5200086,0.28568783,0.35224125,0.047555,0.3261706,0.3090181,3.6658525,-0.21800426,0.07812125
474.0,4.9156866,-0.58688277,0.1583525,0.2530075,0.03095,-16.283045,0.045135,0.1217,0.618417,0.09415,0.3714753,0.03644253,0.1551261,0.30417383,0.3556,0.5039159,0.25481868,0.34206626,0.04737625,0.33489552,0.27154782,3.7295177,-0.18634133,0.07693875
478.0,4.8313518,-0.6047244,0.16773,0.2581775,0.0305,-14.5149765,0.04508,0.10715,0.6648844,0.0855,0.35633984,0.05177113,0.14575839,0.3087575,0.35325,0.571886,0.24459685,0.3318225,0.05227125,0.27779964,0.26754966,3.2261121,-0.12917279,0.0887775
479.0,4.4995155,-0.5795904,0.17373875,0.23461,0.0378,-15.481311,0.04671625,0.1125,0.7101035,0.1069,0.34193978,-0.058219176,0.044099145,0.31362146,0.39225,0.60343,0.27483335,0.31885624,0.05416875,0.260164,0.22255546,3.3954642,-0.09608414,0.09272375
488.0,4.1954184,-0.5689571,0.1448225,0.24042626,0.03385,-14.193656,0.04187625,0.1035,0.6575192,0.08695,0.35747945,0.03056832,0.022740608,0.33522376,0.3258,0.5464247,0.219798,0.32119375,0.05015375,0.2972882,0.25432977,3.453171,-0.14541046,0.0819025
482.0,5.032177,-0.58770716,0.16652,0.23978,0.03215,-15.311719,0.04563,0.108,0.7523876,0.09125,0.33880532,-0.032268893,0.08891736,0.31,0.3644,0.57812506,0.20296206,0.33284,0.05433375,0.2788681,0.24307387,3.080625,-0.06983102,0.09112875
522.0,4.444578,-0.59280574,0.170755,0.2421725,0.0345,-15.403828,0.0471975,0.13585001,0.6551322,0.0982,0.2792221,0.0,0.07770132,0.24558295,0.27735,0.70469207,0.11714551,0.29388624,0.06203375,0.17323285,0.22687222,3.7327409,-0.12913391,0.1168825
520.0,4.8637114,-0.5669725,0.1652275,0.25749,0.035,-15.276232,0.046675,0.1287,0.5858286,0.1023,0.28640974,-0.05870237,0.08594579,0.23719347,0.26585,0.64818263,0.107913606,0.30920374,0.063065,0.21345855,0.22134387,4.535441,-0.17947991,0.11152
520.0,4.4367185,-0.572405,0.1699025,0.27400374,0.033,-15.146806,0.04795375,0.1335,0.5959037,0.10165,0.3205098,0.027393952,0.11676613,0.2763935,0.31325,0.63042194,0.14214283,0.3428775,0.06103,0.22667633,0.24459672,3.619336,-0.18152584,0.1045625
516.0,4.8028073,-0.58037734,0.166355,0.2581225,0.0343,-15.4950485,0.04849,0.1218,0.6444808,0.101,0.2877439,-0.030105771,0.08862012,0.2460733,0.2532,0.73179615,0.23012939,0.2944775,0.065485,0.15487033,0.23978686,3.1319325,-0.13566267,0.1191925
519.0,4.521181,-0.57558686,0.18093,0.242255,0.0408,-15.741137,0.05179,0.14310001,0.6979286,0.115,0.26394504,-0.077343024,-0.009928454,0.24334982,0.2805,0.7600932,0.16497608,0.3026175,0.0646325,0.13630347,0.19704437,3.4938836,-0.09814135,0.1267275
501.0,4.9642506,-0.58523726,0.1966875,0.2627425,0.039,-15.806681,0.0538525,0.1634,0.7360524,0.1127,0.3024428,-0.04155123,0.08854782,0.22425032,0.3713,0.6233033,0.22804698,0.36815,0.07555,0.24068117,0.2385397,3.3341548,-0.07190089,0.12217625
513.0,4.999017,-0.59073085,0.178235,0.2565,0.0337,-15.0872755,0.05095125,0.13435,0.6893971,0.1045,0.29112592,-0.024561401,0.0876249,0.25961035,0.31765002,0.62984943,0.14549619,0.35859376,0.07999125,0.22910276,0.24429025,3.92096,-0.1075522,0.12476125
505.0,5.161703,-0.57970107,0.1949,0.259965,0.0409,-15.752313,0.05524125,0.13635,0.73388565,0.1174,0.29600722,-0.065835044,0.051016342,0.25118086,0.32365,0.65640247,0.11920971,0.3603675,0.0799775,0.2184499,0.22516288,3.8590906,-0.07681891,0.12932625
509.0,4.789342,-0.60793704,0.171745,0.213545,0.0334,-14.007861,0.0468675,0.1346,0.75354916,0.1008,0.3089179,-0.0014641536,0.0314225,0.26654267,0.3162,0.616243,0.12915176,0.32727125,0.06379375,0.24550943,0.2385996,3.684086,-0.060586058,0.09673875
508.0,4.5324717,-0.6106966,0.1611025,0.228615,0.0346,-14.595952,0.0438425,0.12965,0.6959424,0.0962,0.32039142,0.026172603,0.055686247,0.27732673,0.3255,0.60491306,0.12863098,0.34759375,0.07137,0.25837743,0.26098165,3.786426,-0.09804927,0.11208375
509.0,4.2984056,-0.57405615,0.1447125,0.23685125,0.0305,-14.588989,0.04487375,0.119049996,0.614068,0.0912,0.31307328,0.072546236,0.13804215,0.2844926,0.33375,0.6261471,0.18268861,0.31711,0.0689775,0.22990105,0.28507128,3.4393752,-0.15807115,0.10448
591.0,5.3166485,-0.5927879,0.16581875,0.28015,0.03525,-15.471761,0.0454925,0.1255,0.58705854,0.08805,0.29066247,-0.011638358,0.1157872,0.3094911,0.3364,0.46287188,0.2113792,0.2906,0.05586,0.36717373,0.24130839,3.7208264,-0.18873514,0.108385
591.0,5.046901,-0.6073405,0.1659425,0.30067876,0.03245,-14.775832,0.04371875,0.1132,0.55839,0.0933,0.3373631,0.051895674,0.15075535,0.32491532,0.386,0.47631,0.27721775,0.3447475,0.05620375,0.3573381,0.27791947,3.5997536,-0.22543655,0.09392
585.0,5.2823005,-0.5520874,0.156015,0.25398374,0.03745,-15.219234,0.04468125,0.1286,0.6130118,0.09885,0.27979255,0.004532176,0.19611497,0.28299713,0.3664,0.5304944,0.23716383,0.40819,0.06763,0.30676728,0.26029465,3.6747823,-0.1454233,0.1138025
583.0,5.269774,-0.58132565,0.159535,0.28654376,0.03255,-15.201595,0.04330625,0.1211,0.56753945,0.0949,0.3130353,0.078759365,0.2313721,0.3034225,0.3904,0.5868762,0.24942033,0.367325,0.06632375,0.26421916,0.28502893,3.8845754,-0.19821142,0.10998
577.0,5.0341973,-0.5807664,0.15902625,0.281085,0.0346,-15.514661,0.04754125,0.13705,0.5627714,0.1,0.29061934,0.043867514,0.17962965,0.28886452,0.3462,0.63498396,0.21872261,0.3273675,0.066805,0.22329985,0.25837085,3.8659928,-0.19491436,0.1142975
547.0,4.694184,-0.5783909,0.16950375,0.31062,0.0335,-14.6387615,0.05036,0.11885,0.541354,0.10195,0.31213686,0.086148575,0.22278818,0.3271911,0.37655002,0.6025533,0.26379332,0.33273,0.06027375,0.24801041,0.29043108,3.9969409,-0.22706026,0.10531875
554.0,5.0514393,-0.59380174,0.158105,0.26077625,0.02895,-14.174499,0.044805,0.1199,0.6135479,0.0948,0.29960346,0.022880873,0.15417084,0.28912467,0.3253,0.62375325,0.1857117,0.305945,0.060205,0.23174058,0.26018527,4.373766,-0.16668817,0.10317375
549.0,4.8591666,-0.6028168,0.17907375,0.289995,0.03425,-14.524176,0.04946625,0.1193,0.60450387,0.0952,0.31821373,-0.0022135838,0.08869128,0.3060458,0.2616,0.7037299,0.19546612,0.3176325,0.06169,0.17389497,0.26887995,3.70339,-0.18050924,0.1092375
543.0,4.8258753,-0.602344,0.17026,0.289995,0.0314,-14.38307,0.0478025,0.1287,0.6049861,0.09935,0.28862774,0.111850634,0.19495259,0.27373576,0.3248,0.6308629,0.17361961,0.3276425,0.0636425,0.22634465,0.27794054,4.2490034,-0.17700443,0.114105
545.0,4.8563623,-0.60461456,0.1798025,0.288565,0.032,-15.382628,0.048545,0.13485,0.63254505,0.1002,0.29938447,0.058383826,0.14901333,0.2632904,0.31555,0.64495325,0.14123045,0.32072625,0.06357375,0.21584103,0.27089417,4.20789,-0.15127459,0.11175375
544.0,4.7066913,-0.59188193,0.1815075,0.2770425,0.0334,-14.899977,0.051955,0.1305,0.6543167,0.097,0.28777745,0.0661818,0.16594158,0.28178313,0.3256,0.6640453,0.1716445,0.31568,0.06609,0.20189035,0.28053433,3.8099241,-0.12486982,0.1129775
543.0,4.8928857,-0.58454347,0.164705,0.2992075,0.03015,-14.786354,0.0474175,0.1247,0.57444346,0.09345,0.29281262,0.132903,0.24706583,0.29397804,0.354,0.5914804,0.22174288,0.34131,0.06785,0.25669158,0.29309005,3.8400066,-0.1975935,0.11603
540.0,4.561615,-0.5834034,0.1730925,0.3111975,0.03305,-15.396937,0.046565,0.13374999,0.5822492,0.10305,0.3563995,0.1183109,0.2120173,0.28961653,0.3379,0.61510074,0.16203846,0.35495,0.05938,0.23831287,0.29602763,3.7277167,-0.19844285,0.10096
531.0,4.262924,-0.59959656,0.1512575,0.2785825,0.031,-14.380792,0.0412025,0.11125,0.5315986,0.0835,0.3817401,0.19008265,0.20366225,0.32497576,0.31449997,0.57594293,0.18076316,0.3352875,0.060425,0.26908147,0.32323787,3.3556318,-0.24724936,0.08347
528.0,5.074197,-0.572432,0.15233,0.2968425,0.0326,-14.5319395,0.042,0.121549994,0.5249862,0.0946,0.3546272,0.13223141,0.24636573,0.29337463,0.31774998,0.60072064,0.17815293,0.3552525,0.0602325,0.24943727,0.32372507,4.521004,-0.24172723,0.09744
531.0,4.490745,-0.6026432,0.1591225,0.267005,0.0288,-14.282894,0.0452175,0.1069,0.5850257,0.0796,0.33995625,0.14285713,0.21220101,0.3191083,0.2946,0.6472491,0.14191006,0.3171925,0.058665,0.21414544,0.31839883,3.6045692,-0.20941496,0.0965875
531.0,4.740725,-0.5671463,0.14078,0.30732,0.0317,-13.805087,0.04233,0.10795,0.4424719,0.0868,0.3566586,0.14054202,0.2727449,0.30655962,0.292,0.49680498,0.22535901,0.3555825,0.05927,0.3361794,0.33611447,3.5837328,-0.32929468,0.0818475
534.0,4.804798,-0.60675937,0.18432625,0.289665,0.03605,-15.024292,0.04954875,0.154,0.6183685,0.1061,0.2994939,0.03322679,0.112383924,0.26005122,0.28294998,0.7236483,0.13575068,0.3253325,0.0631475,0.1603295,0.2761294,4.2205954,-0.17003947,0.123015
535.0,5.221861,-0.6332948,0.1974575,0.282185,0.0365,-15.345366,0.05223,0.1631,0.69734025,0.10625,0.27906314,0.024178168,0.1122177,0.23641764,0.3168,0.73179615,0.10489507,0.32102874,0.06428875,0.15487099,0.25255355,4.697415,-0.10017386,0.13254374
538.0,5.2249804,-0.6169901,0.180215,0.2970075,0.03365,-15.558444,0.0452725,0.1417,0.60317737,0.09575,0.33548146,0.073011935,0.16619383,0.26258117,0.32340002,0.6679845,0.1694458,0.3372125,0.0598475,0.19905192,0.28303266,3.749821,-0.17638615,0.1069825
549.0,3.3611376,-0.4687783,0.1773825,0.310015,0.06645,-14.123354,0.0502775,0.1764,0.5401194,0.1208,0.30784315,0.04067352,0.13170017,0.21644191,0.3526,0.6083575,0.13108462,0.35210374,0.06571875,0.24358742,0.22374372,4.6073313,-0.22187689,0.11351375
527.0,5.688468,-0.5799018,0.152055,0.2563625,0.0306,-15.083088,0.04464,0.1302,0.5734019,0.08985,0.27566338,0.013000099,0.20090187,0.23575631,0.2636,0.6427566,0.1116319,0.29775,0.06147,0.21746583,0.26031345,4.656006,-0.1878574,0.1043425
527.0,4.7461157,-0.5721751,0.1557675,0.24297,0.0389,-15.244194,0.0456025,0.1639,0.6285563,0.10305,0.26805037,-0.033540946,0.081239395,0.21372029,0.2535,0.69878507,0.054554436,0.3014625,0.0675475,0.17731196,0.22848624,2.9735167,-0.14879557,0.1114375
550.0,3.9063458,-0.60069686,0.2560875,0.25379124,0.0491,-16.04405,0.0651275,0.13575,1.051648,0.13115,0.35165334,-0.023679,-0.02843809,0.29986116,0.4171,0.42485875,0.29085216,0.4464425,0.0788225,0.4036479,0.2055109,2.776437,0.055448253,0.1092375
551.0,4.150649,-0.61560625,0.278885,0.252815,0.0494,-16.213602,0.06884,0.1202,1.1284845,0.136,0.34971356,-0.10905647,-0.12976386,0.28797317,0.3864,0.4221179,0.29142186,0.49729,0.08039,0.40635318,0.19446868,2.9776454,0.1082115,0.11053
550.0,4.3391857,-0.5370371,0.17954125,0.18022875,0.0419,-17.123203,0.05614875,0.14125,0.975924,0.11775,0.2105472,-0.20802878,-0.090089686,0.19984554,0.23969999,0.66644824,0.057952154,0.24033,0.071865,0.2001573,0.13388725,3.9353876,0.06829018,0.1208975
552.0,4.323305,-0.54423743,0.185165,0.19039,0.0419,-16.118265,0.0566575,0.1159,0.9854067,0.11735,0.2401481,-0.21246551,-0.114045985,0.2025862,0.2818,0.6522241,0.07639421,0.2664,0.0747525,0.21048954,0.13145645,4.7716866,0.061330624,0.1251875
548.0,4.2781196,-0.5335346,0.17134625,0.1894825,0.04125,-16.572556,0.05557125,0.1433,0.8951291,0.1105,0.23294924,-0.11608771,0.012274412,0.2171979,0.2825,0.6793927,0.10080289,0.276795,0.0745325,0.19090669,0.14909479,3.4704218,0.044009157,0.1230975
549.0,4.265009,-0.51491606,0.16697375,0.194625,0.04315,-16.017975,0.05452625,0.1202,0.8582177,0.1179,0.22100158,-0.18476498,-0.018630054,0.19714965,0.2604,0.7019697,0.08632325,0.2636225,0.07016,0.17510907,0.14857268,3.499187,0.018478457,0.118065
536.0,4.542174,-0.52517456,0.1896475,0.20173375,0.0394,-17.517645,0.06041125,0.12805,0.9182877,0.123,0.26848873,-0.17306188,-0.01491807,0.24786958,0.3204,0.6723767,0.17147471,0.3719725,0.0798125,0.19590282,0.14630577,3.0974042,0.048513047,0.1201275
536.0,4.4535394,-0.5445625,0.17712125,0.20755,0.0417,-17.185486,0.06038375,0.12325001,0.8541809,0.1261,0.23468098,-0.13997631,-0.009386868,0.25950208,0.33920002,0.65058374,0.15174109,0.3457925,0.0833875,0.21169254,0.15699658,2.5145283,0.019342607,0.11559
531.0,4.500377,-0.5317869,0.1807375,0.1812875,0.0379,-17.445997,0.060865,0.1423,0.95465827,0.1163,0.21198311,-0.2195122,-0.06499429,0.21920443,0.2744,0.76770157,0.07455223,0.3302825,0.0822325,0.1314127,0.11669368,2.9811635,0.09499081,0.1212
532.0,4.6118546,-0.5145405,0.1690225,0.19336,0.0382,-17.317202,0.055805,0.132,0.86513823,0.1235,0.24372157,-0.22576532,-0.02850356,0.28876156,0.2698,0.69509864,0.14128128,0.3442525,0.082975,0.17987236,0.122676566,3.014292,0.03186422,0.1146
583.0,3.3501768,-0.3690607,0.104645,0.1175975,0.0402,-20.072222,0.0464275,0.12375,0.91508824,0.1086,0.17319591,-0.2499302,-0.04543155,0.08890948,0.1375,0.72313124,-0.035034604,0.2307325,0.07121875,0.16529694,0.040967103,2.861692,0.13631065,0.108825
587.0,3.6241307,-0.40873018,0.11337625,0.12547626,0.0389,-19.143635,0.04690875,0.1235,0.88332117,0.1144,0.13436513,-0.26594087,-0.047689445,0.11043564,0.1644,0.7484842,-0.04580152,0.20051,0.07181,0.1475698,0.03953149,3.0537295,0.101395026,0.1112175
592.0,4.1792994,-0.429211,0.1260125,0.1591225,0.0348,-17.776896,0.0496725,0.1407,0.8348286,0.1167,0.0913835,-0.230226,0.005235587,0.12773496,0.1857,0.8810427,0.00917356,0.18203,0.0618825,0.06324009,0.08778627,3.0020847,0.07493322,0.11801
585.0,3.9781637,-0.45054945,0.13441375,0.16741376,0.0396,-16.671814,0.0502775,0.1462,0.8521214,0.1122,0.23172782,-0.17866002,-0.029336756,0.14293477,0.208,0.6621349,0.030723492,0.329155,0.079015,0.20327179,0.14184651,2.9685988,0.058715712,0.118065
590.0,4.034864,-0.43263757,0.1208975,0.1513125,0.0374,-17.370686,0.046015,0.1288,0.8506943,0.1142,0.2057843,-0.22198118,-0.021650106,0.1632242,0.249,0.6893629,0.0819031,0.2872725,0.081435,0.18387826,0.10162601,2.807297,0.07354837,0.11559
593.0,3.6856856,-0.37701562,0.13286,0.1571425,0.0395,-18.45863,0.053495,0.1382,0.83855593,0.1255,0.08656472,-0.23991764,-0.01852878,0.13215074,0.195,0.88992286,-0.01211306,0.1603875,0.065375,0.05824426,0.04207473,2.8607244,0.091582365,0.11999
599.0,3.7536976,-0.34982488,0.129065,0.15784375,0.0419,-18.241238,0.0539625,0.1295,0.82356936,0.1199,0.08372567,-0.22726882,0.014448954,0.1503946,0.207,0.8571998,-0.017543843,0.1567575,0.06422,0.07689005,0.037113458,2.782174,0.082524136,0.11361
597.0,3.826389,-0.3752643,0.13957,0.16377,0.0415,-19.512236,0.0526425,0.1348,0.8430304,0.1245,0.20086576,-0.2462908,-0.03437621,0.14408506,0.1914,0.6400376,-0.03284486,0.38810125,0.08441875,0.24419676,0.049696937,2.8515432,0.0947667,0.12407375
599.0,3.819034,-0.38065195,0.1425675,0.168665,0.0417,-17.980667,0.05201,0.1455,0.8599642,0.1211,0.094056614,-0.21212119,-0.038355332,0.14646111,0.1968,0.8759734,-0.005558382,0.1634125,0.0660075,0.06611321,0.04372019,2.9677966,0.08878356,0.1185325
595.0,3.42455,-0.342238,0.117075,0.1524125,0.03975,-18.320036,0.0508275,0.1258,0.80069005,0.1147,0.15789141,-0.25635538,-0.018829387,0.16189209,0.233,0.7267184,0.055014703,0.202215,0.06272125,0.1672016,0.037288852,2.9890232,0.073511496,0.10199125
601.0,3.5323148,-0.3678359,0.11868375,0.14904375,0.0371,-17.746727,0.050415,0.11555,0.8403694,0.11315,0.16251266,-0.25072062,-0.02152819,0.15470785,0.1953,0.7144798,0.033827275,0.1664925,0.03970375,0.17576452,0.06955488,2.7265255,0.0872088,0.0867975
600.0,3.6295667,-0.34193105,0.124445,0.151725,0.03965,-17.80982,0.050855,0.1186,0.8523181,0.11785,0.18747742,-0.20957854,-0.0011175394,0.15557139,0.2092,0.68548524,0.050992217,0.17335375,0.0534125,0.20040336,0.037497014,2.7012856,0.082408145,0.08312625
600.0,3.7570148,-0.37058154,0.120155,0.1500475,0.0388,-16.646803,0.0500575,0.126,0.81523085,0.1166,0.088373974,-0.22972973,-0.015456403,0.17039773,0.21790001,0.86501,0.052315272,0.1554375,0.064605,0.07238028,0.03753691,2.6435056,0.07427527,0.11262
605.0,3.7312212,-0.38612536,0.12164,0.1530175,0.0389,-18.208633,0.049975,0.13409999,0.8299956,0.11545,0.106883034,-0.23094836,-0.025308581,0.17001648,0.20975,0.8613488,0.05844707,0.161845,0.0639725,0.07448962,0.044257812,3.027914,0.08368116,0.1124825
592.0,3.8431957,-0.42494714,0.14293875,0.1648975,0.0404,-18.381113,0.054925,0.1314,0.8496327,0.1222,0.077270016,-0.22631578,-0.037593976,0.1866295,0.2706,0.9508412,0.08827669,0.1639075,0.06565,0.025198784,0.090227954,2.7661676,0.08138787,0.1334925
597.0,3.763177,-0.36955786,0.12228625,0.14863124,0.0389,-18.504509,0.05064875,0.1174,0.8282651,0.116,0.08626382,-0.2502171,0.0071469005,0.20049813,0.2712,0.8763037,0.16896552,0.15629,0.06356,0.06592554,0.06963388,2.7971141,0.083209544,0.115205
595.0,3.5210328,-0.36228698,0.125325,0.15611126,0.0413,-19.339256,0.05311,0.12795,0.819995,0.1199,0.12743692,-0.21780178,-0.017604131,0.16904354,0.2215,0.7111684,0.05695384,0.18735126,0.0441725,0.16915542,0.05979869,2.7070787,0.07915136,0.1009875
599.0,3.699606,-0.37076813,0.13314874,0.163385,0.04215,-18.770575,0.05542,0.12895,0.81783116,0.1258,0.16371797,-0.25450018,-0.023123425,0.1752183,0.2204,0.70661473,0.06325044,0.2007575,0.06257,0.1865956,0.047688067,2.7781417,0.080883846,0.09921375
600.0,3.608369,-0.3614802,0.1319525,0.154365,0.0433,-18.518295,0.0526975,0.1379,0.83560514,0.1271,0.0844416,-0.24028674,-0.015173342,0.14585102,0.2073,0.8881629,-0.024240987,0.1672075,0.0683725,0.059230637,0.049886897,2.7243705,0.08463231,0.12538
622.0,3.788465,-0.46969315,0.16020875,0.16509,0.04165,-18.64763,0.05733125,0.1376,0.98860455,0.1241,0.16748819,-0.24499007,-0.100922376,0.13448465,0.162,0.8139585,0.0012699129,0.1758425,0.05003,0.10256105,0.09279668,2.6506584,0.096833125,0.095845
626.0,3.934111,-0.46987954,0.1479025,0.15344375,0.0416,-21.073668,0.05521375,0.1363,0.9152902,0.1225,0.1854939,-0.2627551,-0.084329344,0.13041906,0.1501,0.7919453,0.01676124,0.14703625,0.05716625,0.11738037,0.10314802,3.160935,0.0789568,0.07512375
629.0,3.8297915,-0.4756604,0.15888876,0.16936626,0.04035,-18.808851,0.06351875,0.13555,0.95038635,0.12225,0.19892472,-0.26337847,-0.09068085,0.1982059,0.2377,0.67817503,0.09855856,0.171525,0.06549875,0.19535072,0.07565261,3.418976,0.10301699,0.08155875
630.0,3.8546178,-0.47050327,0.15118875,0.1563725,0.0402,-18.152737,0.057125,0.1525,0.9488102,0.12365,0.22146446,-0.26273236,-0.09297267,0.12483145,0.2295,0.74050885,-0.019131765,0.2950275,0.13334125,0.15003534,0.0784833,3.616244,0.0952083,0.1356375
632.0,3.8594468,-0.47487667,0.16001625,0.16047,0.0405,-18.57466,0.0569325,0.13595,1.0152044,0.1245,0.18341124,-0.2560606,-0.0985442,0.16674834,0.24024999,0.79084086,0.07825596,0.4754275,0.2812775,0.11679381,0.08376213,3.1782086,0.13806237,0.2594425
631.0,3.7497246,-0.47143584,0.151065,0.1627525,0.04135,-18.702108,0.06015,0.1447,1.008211,0.1251,0.16661017,-0.265345,-0.090212114,0.08620145,0.152,0.89767855,-0.06172843,0.2073575,0.09623,0.054334868,0.08156722,3.3820815,0.14911337,0.13121
594.0,3.6761315,-0.38345256,0.134895,0.15531375,0.0391,-18.973717,0.05383875,0.1327,0.8419805,0.1178,0.08136017,-0.23431064,-0.019642975,0.17343651,0.2554,0.89519006,0.10730545,0.158215,0.06488,0.05530311,0.059892133,2.7714298,0.08088429,0.12032
589.0,4.1598744,-0.44338536,0.15794,0.18841,0.0426,-17.977499,0.05619,0.12275,0.8598616,0.1267,0.08106285,-0.20280898,-0.054004557,0.20143421,0.2198,0.9836099,0.08094549,0.17114,0.0662,0.008262759,0.08534217,2.4406147,0.08049958,0.14309
583.0,3.6693547,-0.38835442,0.11002125,0.11867,0.0389,-20.202255,0.04798125,0.1173,0.9323501,0.1118,0.21693036,-0.27272728,-0.039737813,0.11159632,0.1478,0.77191085,-0.044850484,0.3163675,0.0849275,0.12872496,0.033387642,3.189898,0.14067511,0.1208975
589.0,2.4212964,-0.2842481,0.1329975,0.165585,0.0645,-16.641102,0.0582525,0.13425,0.8318481,0.1267,0.1762202,-0.13486293,0.01850051,0.16113986,0.2334,0.7148806,0.109726064,0.23910625,0.07146625,0.17381707,0.08877473,2.5527818,0.05957315,0.113335
586.0,4.0950356,-0.4316821,0.1273325,0.157665,0.0386,-19.187737,0.050415,0.1366,0.8481457,0.1192,0.093669176,-0.21500722,-0.016661773,0.17536975,0.2975,0.8838047,0.06306953,0.1806825,0.06246,0.06168119,0.11011806,2.8250318,0.081951484,0.129395
536.0,4.4338818,-0.5244463,0.1864575,0.27806,0.04225,-15.50566,0.05718,0.15259999,0.6593265,0.122,0.27771443,0.008773148,0.14150111,0.27294138,0.40100002,0.69762105,0.25597602,0.2838075,0.0682075,0.17811923,0.22274357,2.9875169,-0.12630415,0.11691
540.0,4.10661,-0.46083787,0.1895925,0.21558,0.0425,-18.562254,0.0594075,0.1373,0.8566098,0.1197,0.2301167,-0.19840217,0.008069566,0.18383233,0.2522,0.7160592,0.12113806,0.2896925,0.071535,0.17093582,0.13337846,2.8084745,0.036786683,0.12439
546.0,4.515273,-0.44692206,0.15063874,0.17233625,0.04395,-18.616077,0.05933875,0.15015,0.8794104,0.14285,0.19240662,-0.2734472,-0.007505781,0.14311004,0.23925,0.73467463,0.09331327,0.2412925,0.06830375,0.16069299,0.10826225,2.097196,0.09362092,0.1160025
552.0,4.2639804,-0.5044466,0.166905,0.189235,0.0463,-17.311443,0.0558875,0.1622,0.874966,0.1311,0.1764823,-0.21017507,-0.023519455,0.20178042,0.2762,0.8263856,0.15395863,0.244565,0.07093,0.09505899,0.1082688,3.7290754,0.0498158,0.13429
559.0,4.4324656,-0.5101728,0.169545,0.18368,0.0428,-17.413883,0.0540725,0.1652,0.83472764,0.1297,0.18412864,-0.21750662,-0.061080243,0.19339937,0.2478,0.86835235,0.093153454,0.23626,0.070655,0.0704619,0.09899416,3.5205576,0.032302894,0.1363525
549.0,4.919991,-0.56855345,0.20748125,0.2854025,0.0444,-14.7744875,0.0604525,0.1574,0.6954634,0.1235,0.2776595,-0.04388716,0.10815635,0.253439,0.366,0.6277513,0.15713349,0.355445,0.07031125,0.22897223,0.22128583,3.7977366,-0.099084936,0.1265625
554.0,4.861445,-0.57809067,0.22579625,0.28609,0.04655,-15.837208,0.06302375,0.13495,0.8037748,0.13115,0.2576145,-0.08268124,0.038498666,0.2837716,0.3492,0.74323255,0.21098173,0.34208,0.07082,0.14729384,0.2022838,3.6585317,-0.031236386,0.14661
549.0,4.760345,-0.5686437,0.16601124,0.31217375,0.0359,-14.262663,0.04794,0.1629,0.5139212,0.0969,0.3230643,0.11879049,0.2566824,0.26704162,0.3419,0.5896663,0.17270197,0.37068,0.0621575,0.2581257,0.29376256,2.7066815,-0.2587943,0.10712
539.0,4.723143,-0.57224905,0.16986126,0.30507874,0.03605,-14.885098,0.0481875,0.1177,0.54158276,0.09555,0.36388388,0.13920636,0.2465643,0.31162506,0.3696,0.55303085,0.22797929,0.39807,0.06378,0.2878044,0.31148988,3.6639593,-0.23145667,0.0990075
578.0,3.586693,-0.6307978,0.24506,0.23769,0.0459,-15.790625,0.0621025,0.1643,1.0584632,0.1246,0.25352582,-0.06211076,-0.13301024,0.2705455,0.3788,0.81273,0.2168681,0.35902,0.0867975,0.103308275,0.17688067,3.1447604,0.07532517,0.1781525
581.0,3.790142,-0.6490633,0.2442625,0.2093925,0.0464,-15.697259,0.0599575,0.1822,1.1919612,0.12155,0.27177843,-0.11548593,-0.20434514,0.22490346,0.3828,0.7771772,0.094496064,0.373705,0.0755775,0.12538019,0.17700641,3.2955468,0.124199755,0.0955975
463.0,3.1413693,-0.4931607,0.219045,0.3566825,0.04765,-15.926811,0.071095,0.151,0.6213278,0.14605,0.31277168,0.14315131,0.17405896,0.2699608,0.35259998,0.5950774,0.17214991,0.39268,0.0807475,0.25385764,0.29829115,2.562905,-0.16231425,0.1223275
460.0,3.2211573,-0.49539596,0.2215475,0.332345,0.0547,-16.054506,0.07269,0.1508,0.66535276,0.1432,0.0,0.064290255,0.12467215,0.2674277,0.3192,0.0,0.10800884,0.0,0.0,0.0,0.27372548,2.3466554,-0.13409701,0.0
455.0,4.500416,-0.56920373,0.21353126,0.2653825,0.044,-14.53288,0.05887125,0.1594,0.7797305,0.11715,0.2866355,-0.055347364,0.021617623,0.24555619,0.37405,0.507292,0.14513315,0.2645025,0.03001,0.32688293,0.22509806,2.6028476,-0.04774383,0.074395
502.0,4.0899086,-0.5651921,0.20616125,0.286035,0.0436,-14.875937,0.05856875,0.18245,0.7174346,0.1246,0.2688254,0.029702999,0.10117105,0.2530013,0.4074,0.7744528,0.1542578,0.3415025,0.085285,0.12710802,0.2609955,2.9042056,-0.08809,0.1248575
513.0,4.548404,-0.5474234,0.17565,0.310895,0.0394,-14.572437,0.05172125,0.1265,0.5548125,0.1128,0.29941252,0.045996577,0.17355956,0.2980022,0.3683,0.46019396,0.19834708,0.2817725,0.0451625,0.36968106,0.28602856,3.5531118,-0.21578814,0.0699125
512.0,4.1296506,-0.5185189,0.18775,0.31195375,0.0532,-14.043829,0.055585,0.1416,0.57614714,0.12425,0.26477486,0.008565897,0.17520201,0.2885651,0.3532,0.4569297,0.17108752,0.1799675,0.0333925,0.3727498,0.273006,3.6277995,-0.18406789,0.0478025
519.0,4.243125,-0.54881746,0.1807925,0.308915,0.0462,-14.416051,0.05399,0.1253,0.57894826,0.1151,0.0,0.06356587,0.17093718,0.30205128,0.3564,0.0,0.19112,0.0,0.0,0.0,0.279618,3.3817425,-0.20453551,0.0
505.0,3.7861795,-0.4993969,0.234445,0.2465175,0.0634,-17.742222,0.0716175,0.1812,0.9215987,0.155,0.30696082,-0.16299558,-0.059934296,0.20701484,0.3652,0.584769,0.13021977,0.3948525,0.0856975,0.26201358,0.14266784,2.8856251,0.044450145,0.1224375
504.0,4.388651,-0.5467177,0.2219875,0.3020675,0.04965,-16.385525,0.0619375,0.143,0.71436113,0.12595,0.2985208,-0.06419437,0.08370282,0.2235447,0.3088,0.6642363,0.12824857,0.3646575,0.07451875,0.20622836,0.22327524,2.8193364,-0.09291585,0.13056375
500.0,4.2106204,-0.51408494,0.1976775,0.3066875,0.04925,-15.518109,0.058225,0.1135,0.63476866,0.1178,0.326252,0.028382206,0.16028354,0.2632313,0.28625,0.5799067,0.18650347,0.37591875,0.07036625,0.26999277,0.25443017,3.0561602,-0.14815807,0.11101125
522.0,5.4672422,-0.56338644,0.172075,0.24572,0.04025,-18.537848,0.05344,0.1616,0.69441724,0.12855,0.18225288,-0.14164492,0.06815381,0.1870592,0.21790001,0.78474903,0.053522617,0.281195,0.07214,0.120605744,0.19812566,3.530792,-0.07302066,0.1526325
520.0,5.0439806,-0.50378215,0.1557675,0.25530374,0.0385,-17.396032,0.0529725,0.1485,0.5907452,0.1176,0.26568964,-0.102158286,0.16344795,0.20123456,0.2643,0.7015159,0.15188491,0.3714775,0.0843775,0.19224593,0.21067223,2.8834782,-0.13451885,0.13314874
523.0,5.0346403,-0.48756945,0.15303124,0.2438225,0.0405,-17.026731,0.0531375,0.1535,0.62592757,0.1197,0.2450022,-0.14619543,0.08263188,0.20274056,0.2464,0.75875026,0.12127416,0.34648,0.08216375,0.15521555,0.17453514,3.0591037,-0.0995893,0.138085
550.0,4.511096,-0.5661912,0.2023525,0.2551525,0.04995,-15.530624,0.05707,0.1724,0.7896632,0.12565,0.30818784,-0.093218975,0.027380522,0.22472034,0.30339998,0.62576544,0.05255943,0.350385,0.06302375,0.24154882,0.19960937,3.2814395,-0.040945098,0.11119
549.0,4.8462114,-0.5727948,0.1961925,0.2554,0.04315,-15.032652,0.054815,0.1319,0.755061,0.12225,0.31668428,-0.056220282,0.068065256,0.29521775,0.2978,0.611621,0.2329114,0.36287,0.06302375,0.25163224,0.21647309,3.7537131,-0.06368019,0.10971875
549.0,4.7728796,-0.56278604,0.1925625,0.25604624,0.0442,-14.68032,0.05452625,0.10355,0.7445928,0.11505,0.33948037,-0.064191855,0.074477516,0.2894483,0.3492,0.5381903,0.2925084,0.38498,0.0650725,0.30022925,0.22456914,4.2454686,-0.06974909,0.10217
553.0,4.8040724,-0.5580971,0.187585,0.25549626,0.04355,-14.960221,0.053385,0.0848,0.7577108,0.1157,0.33196133,-0.055744257,0.06093,0.2823422,0.2489,0.5360986,0.26201653,0.39244625,0.06566375,0.30861187,0.21175241,2.5850725,-0.06442551,0.10116625
547.0,4.2526917,-0.53391963,0.17236374,0.26468125,0.0444,-14.952366,0.05003,0.1309,0.63766056,0.106,0.33443427,0.0,0.16285211,0.26086956,0.3265,0.5167951,0.16027007,0.3572325,0.05983375,0.32113042,0.23667102,3.7950997,-0.14959912,0.090125
548.0,4.3452635,-0.543319,0.17420626,0.2576,0.0449,-13.598562,0.0520375,0.122,0.6786753,0.1081,0.36536422,0.0036095956,0.1718253,0.3050413,0.3912,0.47098914,0.26405397,0.3568475,0.0617725,0.35962933,0.24212793,3.9899344,-0.11844726,0.0906475
537.0,5.388408,-0.54243904,0.1377825,0.276575,0.0323,-14.231683,0.04002,0.0985,0.49377936,0.0825,0.31564632,0.06594683,0.28557953,0.2810253,0.3704,0.42508408,0.25512186,0.37541,0.05344,0.40342596,0.3166054,4.1041164,-0.26843986,0.08853
558.0,4.567355,-0.5499596,0.16983375,0.2631,0.0387,-14.438687,0.05042875,0.1258,0.62439793,0.10405,0.28900462,-0.013027967,0.12821522,0.23180592,0.3299,0.5345466,0.17962468,0.3902325,0.0648525,0.30331656,0.2318903,3.652814,-0.15630732,0.1185325
555.0,4.716019,-0.5381855,0.15585,0.25969,0.03615,-13.995565,0.0473075,0.1198,0.5865911,0.09515,0.29516545,-0.033986945,0.17047611,0.25423726,0.312,0.5360596,0.239403,0.3291275,0.06114,0.30204877,0.23511538,3.7909067,-0.18297802,0.0902625
559.0,4.5944695,-0.5391909,0.1506525,0.2446475,0.03735,-14.430878,0.0489575,0.13730001,0.6107366,0.1,0.28927854,-0.013620917,0.16342619,0.2302241,0.32230002,0.5113676,0.1679328,0.2333725,0.0519275,0.32527718,0.22495393,3.5465603,-0.16551302,0.07787375
544.0,5.730739,-0.5515493,0.13424875,0.27760625,0.0311,-14.225261,0.0396625,0.1061,0.45323086,0.0807,0.32842538,0.06264503,0.3004884,0.267179,0.30475003,0.4705035,0.24186558,0.335315,0.05323375,0.36014682,0.30613926,3.3213084,-0.31022704,0.08274125
528.0,4.3788385,-0.5743544,0.25353,0.31117,0.0532,-15.522446,0.06422,0.2044,0.743977,0.1366,0.2723943,-0.037433162,0.07402235,0.2363161,0.3347,0.84459156,0.0046525258,0.3485975,0.0773375,0.08425088,0.23809521,3.5694857,-0.075947486,0.1683625
529.0,4.8108377,-0.5497113,0.16564,0.337845,0.0405,-14.008245,0.0588025,0.1175,0.50346893,0.1043,0.29484746,0.13426842,0.3165059,0.30079034,0.3485,0.54327446,0.2862069,0.40479374,0.0733775,0.29719222,0.29386547,3.959558,-0.26673636,0.11981125
525.0,5.289038,-0.6043464,0.17827626,0.3264875,0.0337,-13.9323015,0.051185,0.1428,0.55510503,0.0997,0.3011984,0.10060832,0.25865436,0.30780417,0.346,0.6614232,0.17718816,0.36871374,0.06747875,0.20556933,0.30216926,4.0201893,-0.21553084,0.13226876
575.0,5.6430273,-0.57391626,0.1309075,0.32866,0.0319,-14.022497,0.0372975,0.097,0.40159985,0.0823,0.38278636,0.1111111,0.31582266,0.34833723,0.3692,0.4379358,0.28779766,0.3752175,0.0539075,0.39107424,0.34593725,4.5748296,-0.3660365,0.07938625
545.0,5.2480617,-0.64197063,0.193965,0.2798475,0.0367,-15.279897,0.0486275,0.1135,0.6266846,0.1143,0.33179212,0.059125956,0.14718528,0.29261452,0.3859,0.5402089,0.22640806,0.36568874,0.0600125,0.29917744,0.27012193,4.219252,-0.15737683,0.101455
549.0,5.450934,-0.61848956,0.1809575,0.27883,0.0352,-15.117881,0.0495625,0.1115,0.6369947,0.1113,0.30163145,-0.023622043,0.12520504,0.28493014,0.3151,0.5841318,0.21067414,0.382175,0.06269375,0.2625261,0.27488425,4.2614574,-0.15417807,0.1087975
554.0,5.454861,-0.6316906,0.1900325,0.305175,0.037,-14.856851,0.051515,0.1101,0.6398446,0.11365,0.33245027,0.03561515,0.157698,0.30384168,0.3635,0.60734147,0.32850868,0.42104626,0.06423375,0.2442908,0.2913015,3.509753,-0.15672645,0.11593375
570.0,4.9748516,-0.62734586,0.211895,0.30853,0.0408,-14.700061,0.0556675,0.1489,0.6773108,0.1116,0.31601948,0.063197024,0.13161288,0.270098,0.34,0.59346884,0.20958085,0.33890375,0.05678125,0.25612208,0.27162707,4.9477196,-0.12896335,0.09948875
542.0,5.3878827,-0.620249,0.1782625,0.2603775,0.03555,-14.681711,0.04971375,0.12355,0.7169767,0.1027,0.335728,-0.007603144,0.11060625,0.31795797,0.34504998,0.62724984,0.23035863,0.36947,0.0641375,0.22906756,0.27076635,4.763636,-0.09024543,0.11119
519.0,4.3387504,-0.62266695,0.17852375,0.30763626,0.0337,-13.955836,0.04611125,0.0957,0.5526005,0.10395,0.4328419,0.16652122,0.26172134,0.38258064,0.4211,0.50369483,0.30837345,0.42898,0.06576,0.3300571,0.3580096,2.847236,-0.23330048,0.0913075
521.0,4.169813,-0.61154276,0.17829,0.31668374,0.0325,-14.27751,0.04965875,0.1026,0.5346137,0.1056,0.3668756,0.23512745,0.26321468,0.39929742,0.4616,0.48645103,0.3260569,0.4437475,0.06785,0.34548664,0.36396265,3.4172692,-0.25475273,0.0888875
501.0,5.194159,-0.5805428,0.2245725,0.2720375,0.04655,-15.3216095,0.0601775,0.1398,0.80288625,0.14185,0.30739328,-0.11643211,0.04971586,0.21576054,0.3298,0.49703297,0.023291895,0.323105,0.0820125,0.33597592,0.23489775,4.585421,-0.026484787,0.11559
492.0,5.01128,-0.6154513,0.21966375,0.26255,0.0461,-14.543781,0.0589125,0.13159999,0.88221014,0.1332,0.3152356,-0.1256977,-0.005865235,0.18938982,0.26775,0.6189102,0.069519624,0.41755375,0.06651625,0.25537494,0.22557145,3.9082289,0.010224047,0.1181475
477.0,4.394231,-0.5930749,0.1782075,0.3010775,0.0388,-15.055313,0.04728,0.1078,0.55195355,0.11465,0.4653401,0.14552593,0.22026472,0.35411328,0.40935,0.43644863,0.27605718,0.4620625,0.05356375,0.39239663,0.3312904,2.9357016,-0.22957999,0.07325375
489.0,4.4216986,-0.6123337,0.17125,0.3366625,0.0311,-15.275623,0.0433475,0.1015,0.48016533,0.10575,0.2793596,0.20341165,0.23984808,0.37749603,0.4323,0.4556602,0.31752512,0.38927,0.0746425,0.37394702,0.34328613,3.47128,-0.33041644,0.0947725
510.0,4.462027,-0.6131106,0.1705075,0.3094375,0.03055,-14.176726,0.04453,0.0987,0.49168426,0.1007,0.4393849,0.19865982,0.2537722,0.36932907,0.4236,0.45189247,0.18856491,0.42722,0.0630375,0.37751248,0.35890266,2.5091655,-0.27276087,0.0751925
505.0,4.645293,-0.6197059,0.1821125,0.337735,0.03305,-14.361252,0.048655,0.0993,0.53215426,0.10995,0.45725444,0.17945443,0.24309306,0.40479636,0.46670002,0.46449125,0.3248424,0.44482,0.0462625,0.36566195,0.35476628,3.891604,-0.23446712,0.0769525
523.0,4.2944355,-0.6166178,0.16086875,0.3360025,0.02845,-14.135649,0.0465925,0.0938,0.5013735,0.0867,0.42520595,0.24036771,0.2564413,0.39316535,0.3863,0.46879357,0.30179662,0.4209225,0.06456375,0.3617186,0.38096768,3.239621,-0.28248054,0.07985375
543.0,4.5087695,-0.6151767,0.1603325,0.3136175,0.03555,-14.703955,0.0458225,0.0928,0.4944147,0.10585,0.42412642,0.11443466,0.20074885,0.39099216,0.3856,0.45280164,0.305637,0.41353875,0.05502125,0.37739277,0.2973772,3.6111174,-0.27623945,0.07533
544.0,4.4925675,-0.6285254,0.15292124,0.31547374,0.027,-14.839964,0.0448875,0.08845,0.48714715,0.0895,0.42859846,0.27019498,0.27532518,0.39960256,0.39034998,0.45126268,0.3106345,0.42154124,0.06021875,0.37858772,0.3888092,3.6070921,-0.29135424,0.075495
551.0,4.188863,-0.61678976,0.1472975,0.2987125,0.0278,-15.086003,0.04343,0.0881,0.5102621,0.088,0.43789753,0.24853294,0.26578817,0.3984064,0.4036,0.41437414,0.3168991,0.4170175,0.0647975,0.414053,0.37085855,3.1572316,-0.25883535,0.0670525
568.0,4.193126,-0.5934021,0.1555475,0.3140025,0.0286,-14.319687,0.04619375,0.0854,0.52276367,0.0963,0.41612694,0.23896499,0.25009936,0.3967816,0.41565,0.40337968,0.3314424,0.35011,0.0523125,0.42514172,0.375,3.1132524,-0.24851096,0.057345
533.0,4.4049225,-0.5974148,0.150515,0.3117475,0.03005,-14.942081,0.0464275,0.0902,0.49916676,0.09445,0.45049414,0.23599847,0.28479168,0.39872524,0.4008,0.41364053,0.3036266,0.42491,0.064605,0.41478682,0.3778334,3.414397,-0.2823755,0.066585
541.0,4.222143,-0.6030904,0.1657225,0.3097675,0.0313,-14.813237,0.04781625,0.0923,0.52989423,0.10205,0.39640278,0.2058826,0.24340962,0.3886098,0.3902,0.40657938,0.31219217,0.2217125,0.03533125,0.42191765,0.36764607,3.1865776,-0.26197833,0.039415
534.0,4.6031775,-0.61570996,0.1525775,0.2895825,0.0307,-14.542894,0.05025,0.08765,0.54592675,0.088,0.0,0.1548387,0.20630746,0.39641827,0.39635,0.0,0.3077085,0.0,0.0,0.0,0.3440752,3.5971365,-0.25587133,0.0
540.0,4.1848125,-0.5726496,0.1567025,0.286915,0.0362,-15.240468,0.04729375,0.0888,0.51226276,0.0936,0.0,0.17156866,0.23685741,0.38445228,0.4008,0.0,0.32255402,0.0,0.0,0.0,0.34952867,3.3311596,-0.26842818,0.0
547.0,4.129609,-0.5910055,0.15520374,0.30433625,0.0305,-15.119376,0.0468675,0.0861,0.49146932,0.0927,0.41620713,0.19775596,0.2735374,0.3899892,0.3752,0.3736324,0.30436292,0.26421374,0.0431275,0.45736036,0.37461054,3.53662,-0.29723546,0.04083125
560.0,4.065632,-0.5976027,0.1596175,0.32867375,0.03,-14.471356,0.0508,0.0872,0.49209288,0.0942,0.40912038,0.22147654,0.2769936,0.40403283,0.3863,0.43444154,0.31183845,0.3203,0.04803625,0.3943576,0.37685272,3.3248174,-0.28217736,0.05760625
563.0,4.27322,-0.60034525,0.157335,0.332015,0.0322,-15.204921,0.050415,0.0838,0.5049139,0.0938,0.44040406,0.15995646,0.22897507,0.39780822,0.402,0.43779892,0.34568876,0.3952375,0.051625,0.3910151,0.37026703,2.8953817,-0.2709745,0.0700775
560.0,4.0810843,-0.6190878,0.1618175,0.3016825,0.0299,-15.151647,0.05102,0.08865,0.52525234,0.0869,0.44891235,0.21399729,0.24563761,0.40410838,0.40100002,0.44378105,0.31188527,0.449715,0.05784,0.38525158,0.37150937,3.1464381,-0.25694188,0.0759075
542.0,4.389295,-0.62089086,0.16658875,0.28750625,0.0315,-15.1067095,0.045465,0.09015,0.5813133,0.0861,0.4423904,0.14215559,0.19649181,0.3967615,0.3896,0.46113485,0.3107007,0.4145425,0.05311,0.36879903,0.33014455,3.5275688,-0.22536716,0.0739
536.0,4.6099224,-0.62681055,0.16579124,0.3221425,0.02905,-15.763252,0.0514875,0.0899,0.51738703,0.0774,0.43404952,0.22266813,0.27001128,0.39046943,0.3876,0.46057054,0.30209908,0.4023325,0.0667775,0.3693279,0.37587637,3.4473658,-0.2463826,0.07313
543.0,3.8603773,-0.57602936,0.1650075,0.28059,0.0355,-14.02244,0.0493975,0.093449995,0.55994874,0.0915,0.43432665,0.115879826,0.18350211,0.38398436,0.38459998,0.4678722,0.3084105,0.3877025,0.0539075,0.36251643,0.32627985,3.372411,-0.21655129,0.0722775
553.0,4.261354,-0.6032317,0.161075,0.2790775,0.0332,-14.946071,0.049205,0.08895,0.57062244,0.0938,0.42189357,0.1265973,0.17976631,0.3772948,0.35425,0.49022207,0.2758348,0.365895,0.0590775,0.34208187,0.34565395,2.930756,-0.21459454,0.07544
593.0,4.2957153,-0.59798133,0.1608275,0.30479,0.0286,-15.0308075,0.045465,0.08895,0.5250427,0.0802,0.40106785,0.22958116,0.2856919,0.3782972,0.36795,0.50494564,0.285948,0.3669125,0.053825,0.32895166,0.34934348,3.579316,-0.24182515,0.07698
603.0,4.975314,-0.5808123,0.1986675,0.289445,0.0379,-14.97973,0.055255,0.1165,0.6567358,0.10985,0.35992473,-0.011063179,0.14579217,0.32236993,0.3936,0.5120644,0.22712308,0.37952125,0.060755,0.32526314,0.26848942,3.9445288,-0.13700932,0.09134875
606.0,4.6691947,-0.61203116,0.1723775,0.3068525,0.03115,-14.305865,0.0446675,0.0931,0.5568129,0.08695,0.39201352,0.1399901,0.22987725,0.37009475,0.3896,0.42549077,0.29390857,0.24594,0.03896125,0.40389872,0.3472961,3.4286299,-0.232633,0.04539625
613.0,4.207003,-0.6213885,0.1817275,0.3075675,0.0326,-15.177466,0.049205,0.09525,0.566065,0.0918,0.43353465,0.14771242,0.22817765,0.37405157,0.3906,0.45134774,0.30434284,0.3825875,0.057565,0.3780295,0.33446288,3.460493,-0.22835936,0.068235
604.0,3.9600563,-0.60590404,0.17521,0.2588375,0.0338,-14.665916,0.0508825,0.0984,0.6786289,0.0946,0.43442988,0.12184873,0.14997059,0.38288164,0.393,0.4520707,0.28956392,0.4004075,0.0519825,0.3773434,0.31002477,3.3906128,-0.14817576,0.0759625
600.0,3.931653,-0.59926987,0.1807375,0.278555,0.03445,-15.406748,0.04838,0.0921,0.64883953,0.09155,0.43588242,0.10856181,0.13943547,0.37511277,0.36805,0.4705193,0.2878331,0.388995,0.049425,0.36006376,0.3165267,3.487147,-0.16184348,0.07093
546.0,4.0903826,-0.6171269,0.16862375,0.3500825,0.036,-14.942902,0.04880625,0.0871,0.4903808,0.0958,0.42448124,0.23801516,0.3022594,0.4071983,0.4176,0.4409783,0.32805395,0.37387,0.0481325,0.38794598,0.35939366,3.5995395,-0.29514402,0.06312
568.0,3.8907607,-0.61614347,0.1652825,0.3544825,0.034,-14.9218445,0.0489575,0.0892,0.4928772,0.09,0.39452714,0.24390244,0.27008578,0.40730983,0.3995,0.45069748,0.3071364,0.368645,0.05551625,0.37881956,0.38538682,3.3095407,-0.293976,0.0723875
541.0,4.214585,-0.59185976,0.1737525,0.35099,0.03465,-14.723041,0.0477475,0.0867,0.48843,0.0867,0.4137008,0.21633099,0.29838765,0.41190007,0.42945,0.4276372,0.33440438,0.43168876,0.058115,0.4009179,0.370483,3.546305,-0.29816318,0.07226375
525.0,3.7874591,-0.5879641,0.1688025,0.324095,0.0373,-15.133507,0.046455,0.0893,0.49271992,0.095,0.4049225,0.2423431,0.27841786,0.38787225,0.4277,0.4631906,0.28893107,0.3940825,0.0538525,0.36687595,0.3640852,3.237316,-0.28427806,0.0761
554.0,3.9278748,-0.58464223,0.17433,0.36711875,0.0372,-15.068943,0.04740375,0.0884,0.48892635,0.0912,0.41203913,0.21749008,0.2722032,0.40250084,0.3955,0.43725035,0.32402557,0.4211975,0.0594625,0.391546,0.36919832,3.6210604,-0.3008227,0.07962
535.0,4.396681,-0.6174713,0.1752375,0.35061875,0.037,-15.842155,0.0460975,0.08849999,0.50645345,0.0872,0.40828997,0.21043271,0.27889445,0.4094909,0.4381,0.42900062,0.33094662,0.4291175,0.0584725,0.39957952,0.3707231,3.4307582,-0.2846518,0.075605
506.0,4.8196983,-0.635804,0.17569125,0.34461,0.0311,-15.613176,0.04633125,0.0955,0.5120528,0.0855,0.4332623,0.27381498,0.29309198,0.40422806,0.41,0.43314263,0.3250275,0.42172,0.05460875,0.39554587,0.39573655,2.8010828,-0.27813447,0.06835875
518.0,3.587602,-0.592155,0.16496626,0.32133126,0.03515,-15.221458,0.05053875,0.09460001,0.5308188,0.0946,0.41122857,0.21207206,0.2754994,0.4204452,0.44795,0.4436165,0.3280392,0.41975376,0.06101625,0.38541675,0.3374666,3.5573857,-0.2577227,0.07737875
326.0,2.6664357,-0.43024537,0.143915,0.3027,0.05655,-18.220657,0.052065,0.10304999,0.4794889,0.12765,0.21173094,0.20499186,0.30606654,0.113555394,0.18465,0.43369567,0.1140574,0.2708,0.06169,0.3949962,0.29015204,1.6947769,-0.29449496,0.075165
327.0,2.7446337,-0.37653565,0.1512575,0.3248375,0.0446,-19.529037,0.0510475,0.07574999,0.4439369,0.12065,0.26206973,0.22505765,0.3662284,0.22602808,0.1708,0.42990804,0.08318523,0.154585,0.0442,0.39869136,0.31989244,1.8585082,-0.35827062,0.0416425
326.0,2.3816333,-0.3195419,0.1316775,0.32086375,0.0512,-19.329872,0.055145,0.0471,0.4519372,0.1168,0.35096234,0.20628683,0.25524223,0.19315895,0.1216,0.38712093,0.23335485,0.33702,0.055145,0.44183534,0.2886345,1.4543169,-0.30644435,0.06268
327.0,2.7255309,-0.38758442,0.15178,0.31118375,0.0469,-18.732643,0.05267,0.0675,0.46849346,0.1075,0.3408165,0.21482499,0.33151034,0.19506656,0.1262,0.4428681,0.12677346,0.3742275,0.0525325,0.38612807,0.29458284,1.6012391,-0.27868187,0.05861
324.0,2.5630383,-0.35375604,0.138525,0.31429124,0.0467,-18.055271,0.06008125,0.0712,0.48436442,0.1059,0.3357358,0.1982926,0.24917448,0.17440225,0.1572,0.47144532,0.10070007,0.3203275,0.0547875,0.3592078,0.30847886,1.6601121,-0.29641235,0.0558875
326.0,2.4889762,-0.37477055,0.14694,0.3081175,0.06145,-17.43345,0.062075,0.0806,0.47287425,0.1292,0.330902,0.15006849,0.29888278,0.20082922,0.247,0.42825177,0.13141182,0.327395,0.0551175,0.40031335,0.30604604,1.5845141,-0.29333478,0.0628175
337.0,2.8202991,-0.4747878,0.15476374,0.33009,0.0496,-17.976374,0.06532,0.1166,0.46792027,0.127,0.20412865,0.22988507,0.32443258,0.15680921,0.1301,0.8643587,-0.04967132,0.3088325,0.0781075,0.07275494,0.31565183,1.5351257,-0.27407742,0.1090725
341.0,2.628779,-0.37538058,0.1442725,0.3471675,0.0526,-18.781948,0.0556125,0.0694,0.47356117,0.1284,0.26681435,0.22476192,0.32699418,0.17760979,0.15,0.5399067,0.19536781,0.157555,0.0561075,0.29878,0.30777133,1.5231453,-0.28846115,0.0565475
537.0,2.8150418,-0.42934784,0.1575275,0.260845,0.0448,-16.910603,0.05751,0.16295001,0.57081336,0.1218,0.19557166,0.08765655,0.15055764,0.16490766,0.23545,0.9997044,-0.0720402,0.23098,0.07269,0.0001478137,0.25594947,2.168537,-0.18853179,0.12516
536.0,2.9155786,-0.42400226,0.1480675,0.2866675,0.0492,-18.058477,0.05587375,0.11490001,0.4946346,0.1112,0.25030765,0.15333572,0.25193515,0.11994527,0.1837,0.56802434,0.021748353,0.22257875,0.06032875,0.28775722,0.29117885,1.8863751,-0.25429383,0.07570125
457.0,3.261437,-0.4635294,0.1319525,0.27806,0.0359,-18.944372,0.047995,0.22524999,0.46552923,0.1029,0.2056516,0.21674415,0.31803626,0.1295318,0.21555,1.2159258,-0.16931342,0.24820875,0.10058875,-0.097347826,0.30142567,2.0509725,-0.28508562,0.1989425
461.0,2.5537093,-0.3972081,0.1191925,0.251385,0.0608,-18.21713,0.0561625,0.22555,0.47815245,0.1215,0.20831332,0.21796887,0.28188407,0.12312247,0.20225,0.4866312,-0.17187324,0.1512575,0.0568775,0.34532356,0.28002298,2.159451,-0.28208026,0.0436775
444.0,3.1035795,-0.4540684,0.121475,0.24275,0.04135,-17.350513,0.047885,0.11405,0.5035494,0.1096,0.3147392,0.12201124,0.21564895,0.20027834,0.24605,0.44367376,0.20628563,0.2291375,0.0633675,0.38535455,0.26880437,2.537147,-0.25761124,0.0629275
447.0,3.234173,-0.48833707,0.1460325,0.2752825,0.0382,-15.684785,0.05595625,0.1534,0.5557438,0.0992,0.1908365,0.1293673,0.20575064,0.1755407,0.2438,0.6331174,-0.03461985,0.34802,0.1302475,0.22465174,0.29941005,1.7356822,-0.1962022,0.1497175
449.0,3.3867185,-0.48085395,0.15347125,0.2802875,0.0359,-16.765617,0.0558325,0.1699,0.544151,0.0989,0.222658,0.1981982,0.2654018,0.1882202,0.2568,0.6516143,0.035261717,0.341475,0.1034075,0.21093646,0.31184465,2.6600602,-0.21308418,0.1414675
451.0,3.2646358,-0.44154245,0.1488375,0.295275,0.0441,-17.17354,0.05135,0.1695,0.50220686,0.1116,0.26259294,0.1508408,0.2657672,0.17130849,0.26,0.6473719,0.022652226,0.265025,0.0605625,0.21405496,0.29276252,2.784933,-0.26226762,0.098925
465.0,2.794979,-0.43488264,0.12593,0.27867875,0.0395,-17.574026,0.05092375,0.2073,0.4922427,0.1212,0.17624381,0.20993787,0.26974198,0.12576103,0.21795,0.90879273,-0.108719945,0.26849,0.096395,0.05517575,0.29268292,2.462411,-0.2586589,0.1720475
467.0,2.8972034,-0.42936036,0.12481625,0.28816625,0.045,-16.023457,0.0492325,0.17975,0.4738114,0.1228,0.17370869,0.20648648,0.3163108,0.15371837,0.22985,0.85316384,-0.073796034,0.30153126,0.09847125,0.0930455,0.30407768,2.5818424,-0.2713491,0.17972
464.0,3.2850106,-0.428795,0.1196875,0.2404675,0.0443,-17.301836,0.04737625,0.1186,0.49238607,0.1184,0.21553291,0.14588237,0.31173688,0.20741042,0.20455,0.8484777,0.011304845,0.307265,0.10668,0.0819714,0.30996016,2.4583771,-0.2498784,0.1682525
466.0,3.0516663,-0.3980392,0.1222725,0.26369125,0.0438,-18.564198,0.04682625,0.1801,0.47479406,0.0916,0.19295536,0.100219436,0.26776612,0.16174075,0.2457,0.95084536,0.0005714382,0.3127375,0.1234275,0.025196586,0.29140833,2.640046,-0.2637091,0.20117
464.0,3.1866417,-0.4684385,0.12759376,0.29740626,0.0388,-18.032167,0.04674375,0.2444,0.44607854,0.0945,0.17007837,0.17434508,0.29225275,0.14843978,0.2522,0.89275324,-0.1538236,0.3130675,0.1180375,0.06751981,0.30132157,2.8446083,-0.28980666,0.19579375
461.0,3.1444616,-0.42561653,0.137975,0.26882,0.0455,-16.845255,0.051955,0.1323,0.48861217,0.1093,0.26436839,0.088729,0.20231472,0.24399999,0.233,0.721253,0.005233405,0.27801874,0.08457,0.16632228,0.27013254,2.317992,-0.2189141,0.11849125
462.0,3.6985068,-0.43239808,0.1271675,0.262605,0.0377,-17.032793,0.04652375,0.1333,0.4631245,0.09895,0.27355072,0.16312653,0.3322738,0.24368793,0.2392,0.6843822,0.028817212,0.32338,0.0828375,0.19340481,0.3038423,2.5894556,-0.29218113,0.12638375
483.0,3.2828987,-0.419932,0.12483,0.2467925,0.0353,-16.553717,0.044365,0.117249995,0.4816026,0.0971,0.2668653,0.17406692,0.29449305,0.24648675,0.21815,0.61182165,0.06020885,0.271955,0.07520625,0.2537555,0.32669976,2.6878862,-0.2628919,0.09951625
470.0,3.3755805,-0.44693968,0.12707125,0.28038374,0.0314,-16.170685,0.04503875,0.1261,0.4394117,0.0998,0.3233902,0.21525885,0.31700143,0.25384614,0.2129,0.49982342,0.09286999,0.3032775,0.062735,0.3334903,0.3169231,2.4177907,-0.2958516,0.0720025
454.0,2.8729517,-0.43292302,0.12421125,0.31599626,0.03455,-17.401,0.04960375,0.0931,0.41731688,0.0879,0.23781915,0.28871614,0.33515736,0.24114189,0.3208,0.7963026,0.20663348,0.26872376,0.09315,0.12321933,0.32141212,2.918411,-0.35321707,0.13424875
447.0,3.0506938,-0.37287685,0.1073675,0.3082275,0.0422,-17.54025,0.05641,0.0846,0.4004963,0.07415,0.2291354,0.1948972,0.40762824,0.21396995,0.21145,0.46146792,0.17647696,0.17159376,0.074285,0.36907595,0.32778788,2.4993029,-0.32608536,0.05493875
445.0,2.5445244,-0.3952934,0.1203475,0.2637875,0.03655,-19.323406,0.062295,0.0741,0.42850792,0.10945,0.24099448,0.190512,0.29910162,0.18800102,0.15259999,0.6669659,0.15584445,0.2173675,0.06202,0.19978458,0.28797138,2.2765384,-0.28031766,0.0783825
445.0,2.7380373,-0.35162094,0.1125375,0.2708275,0.045,-16.770035,0.05113,0.1245,0.44162798,0.1061,0.2157127,0.19282511,0.3159732,0.18184662,0.2512,0.70181394,0.08458167,0.2525675,0.06816625,0.18299551,0.28984946,2.4608731,-0.30621192,0.089025
447.0,2.9191191,-0.36733863,0.1320625,0.361055,0.04655,-17.685717,0.0638075,0.15495,0.37016663,0.0906,0.2506164,0.25458908,0.3876157,0.1883237,0.23705,0.82992136,0.045960926,0.2286975,0.085175,0.09294314,0.31048957,2.6726003,-0.39218983,0.0980175
442.0,2.7874854,-0.39229313,0.1130875,0.28774,0.0342,-17.980394,0.06257,0.0577,0.45852342,0.0802,0.22752836,0.2903226,0.3714002,0.24267924,0.1989,0.47644922,0.3077859,0.192095,0.072085,0.3550649,0.3303671,1.7325425,-0.3055045,0.058665
449.0,3.212635,-0.35049966,0.11087375,0.34368876,0.0371,-19.568428,0.04935625,0.0659,0.33181465,0.09105,0.24234986,0.22430207,0.44442776,0.27659577,0.2459,0.43445715,0.3435639,0.116525,0.053275,0.39425567,0.32645682,2.0018713,-0.39935452,0.0344925
441.0,2.8850808,-0.39243415,0.12052625,0.39398625,0.0387,-20.343313,0.04979625,0.098900005,0.32602605,0.0808,0.22872269,0.32250354,0.45704266,0.2657409,0.36115,0.5473549,0.21340597,0.2275975,0.05806,0.29252833,0.35545996,2.3920321,-0.44870394,0.0586375
439.0,2.9218233,-0.35343662,0.11453125,0.3510175,0.03895,-16.655111,0.05416875,0.10255,0.33942088,0.08655,0.2876979,0.26722533,0.42594782,0.20086385,0.20985,0.5152811,0.09937351,0.29159,0.0574825,0.31988713,0.35616213,2.2083125,-0.40684974,0.077805
443.0,2.8118315,-0.3862575,0.1207325,0.36012,0.0304,-18.250816,0.0482975,0.128,0.31450585,0.0846,0.18045661,0.33880422,0.38178605,0.1765548,0.22855,0.4757181,0.062210526,0.203205,0.05135,0.35527238,0.3421425,2.212124,-0.40679517,0.04673
166.0,2.2721539,-0.48616973,0.389985,0.2767675,0.1026,-16.09824,0.1380025,0.2255,1.432571,0.2286,0.1850098,-0.13360798,-0.24372709,0.22946778,0.4094,1.081811,0.062502265,0.3616875,0.129065,-0.039297976,0.076115474,3.0411599,0.23277794,0.2736325
174.0,2.1243215,-0.44076797,0.39464626,0.27092376,0.1148,-19.507538,0.1421,0.19835,1.4798716,0.25055,0.18231906,-0.14297958,-0.23792966,0.26454657,0.337,1.3840109,-0.079026364,0.30611,0.153155,-0.16107765,0.07914906,2.5428262,0.24648115,0.2691775
173.0,2.184986,-0.45314908,0.36445126,0.2598825,0.1125,-18.62175,0.13264,0.20775,1.4250174,0.23555,0.20234142,-0.13545704,-0.23834598,0.20558614,0.2715,1.1498758,-0.09524318,0.2837525,0.12901,-0.06971366,0.06555059,1.881057,0.23311745,0.19248
179.0,3.2987087,-0.5286666,0.40361124,0.3156525,0.0972,-18.003208,0.13248876,0.36975,1.2585877,0.26455,0.13680431,-0.17367582,-0.15961845,0.122139655,0.3778,1.191759,-0.17899454,0.3301175,0.14166,-0.087490916,0.12608798,3.031668,0.18849225,0.3072375
175.0,2.9762912,-0.53198254,0.3577825,0.289225,0.0892,-17.949772,0.11887625,0.246,1.3284945,0.2181,0.33483702,-0.16866621,-0.20987655,0.23391727,0.4516,0.70444065,0.087167904,0.3665,0.069335,0.17340548,0.0899227,3.2364523,0.2055543,0.1286525
174.0,2.1271102,-0.49749658,0.3841275,0.24081124,0.1104,-17.56414,0.11917875,0.2088,1.61238,0.2179,0.16158696,-0.12614521,-0.28233403,0.20403685,0.396,1.250842,0.045290127,0.3570675,0.14221,-0.1114436,0.059487294,3.603442,0.26002803,0.3162025
167.0,2.6117256,-0.53248996,0.386905,0.27234,0.112,-16.871056,0.1175975,0.1919,1.4666399,0.2294,0.18768221,-0.14863387,-0.2653061,0.19190998,0.32279998,1.1135948,0.067549326,0.3235175,0.1222175,-0.053744834,0.06878983,3.0702012,0.22830349,0.24275
182.0,2.9865406,-0.55059224,0.370845,0.26398,0.0906,-18.641098,0.1061575,0.2791,1.4580144,0.2179,0.1642225,-0.17305589,-0.24209942,0.1709195,0.2783,1.4068825,-0.24354562,0.28899124,0.12258875,-0.16864488,0.11614467,2.3331249,0.23219831,0.26446125
180.0,3.2409222,-0.58945507,0.389105,0.274595,0.0887,-18.02494,0.104095,0.2124,1.4779974,0.2054,0.16046765,-0.17549685,-0.26781243,0.21833876,0.3364,1.2170805,0.031822767,0.3283575,0.08919,-0.09791276,0.08264813,2.9042404,0.22788215,0.1970725
186.0,2.660887,-0.49354002,0.396035,0.2932675,0.1126,-18.209133,0.13099,0.3037,1.3514485,0.2598,0.24890588,-0.16426246,-0.20991288,0.14330041,0.356,1.1683617,-0.2021515,0.3269825,0.0909775,-0.077644624,0.083041236,2.8838792,0.21145673,0.2065875
178.0,2.735532,-0.4845263,0.39213,0.317055,0.1137,-16.268835,0.1273325,0.2625,1.2571476,0.2672,0.329306,-0.17100444,-0.19149882,0.21539177,0.4508,0.6758382,0.10026147,0.42205,0.0728275,0.19343266,0.067284465,3.2775655,0.20078623,0.143915
176.0,2.4574013,-0.48845485,0.3796175,0.281085,0.1181,-17.515045,0.13017875,0.21605,1.3981442,0.2447,0.21712756,-0.14753239,-0.23474485,0.20384091,0.3258,1.083076,-0.027327256,0.321345,0.12681,-0.029123766,0.081650674,2.748382,0.22010326,0.24809875
176.0,2.5908933,-0.48397163,0.37871,0.2717625,0.1084,-17.923075,0.1274975,0.3256,1.4077089,0.25545,0.17625539,-0.16409153,-0.22007883,0.15289932,0.33,1.0936409,-0.21965168,0.326515,0.14639,-0.04472637,0.07343707,2.515756,0.22766364,0.27377
174.0,2.8150716,-0.51524913,0.370295,0.27218875,0.099,-20.512463,0.1160025,0.312,1.3687192,0.2378,0.30558214,-0.15035965,-0.20674932,0.19359007,0.3224,1.1778818,-0.18016867,0.295715,0.0923525,-0.08167652,0.16633046,2.020476,0.22145873,0.179665
177.0,2.510494,-0.47519293,0.398895,0.322225,0.1154,-17.089098,0.134455,0.3042,1.3295656,0.2636,0.1739084,-0.15555553,-0.20382167,0.17971808,0.34719998,1.2144719,-0.15866508,0.3407875,0.16454,-0.09685014,0.0952279,2.21757,0.21142127,0.2935425
168.0,2.974919,-0.5124579,0.40779126,0.31627125,0.1052,-16.763525,0.14258125,0.22775,1.2855631,0.2656,0.20611538,-0.17773017,-0.19721577,0.19017102,0.3908,0.96460956,0.09537723,0.37314126,0.12663125,0.023613492,0.06441244,2.978798,0.19482757,0.24840125
156.0,2.6630778,-0.4344033,0.3594325,0.2879325,0.1198,-17.56385,0.1343175,0.2518,1.2636042,0.2728,0.192427,-0.17609815,-0.15401071,0.15743683,0.3022,1.0846306,-0.1274832,0.34241,0.11812,-0.040597398,0.061570045,2.723868,0.19551158,0.194295
159.0,2.8048506,-0.50966674,0.37176624,0.30936876,0.1038,-18.09261,0.11493,0.2473,1.1890599,0.23065,0.1637619,-0.13026547,-0.18100753,0.20965166,0.3852,1.0047814,0.010565005,0.3623475,0.1129225,-0.0023849593,0.06861315,3.3717723,0.14557683,0.261615
167.0,2.8943665,-0.5442516,0.40115,0.3036625,0.107,-22.254072,0.13358875,0.1747,1.3824407,0.2399,0.15380897,-0.17667043,-0.25328004,0.20459992,0.3,1.2178572,-0.018969413,0.3695525,0.145015,-0.09713724,0.017776236,2.8925703,0.21102883,0.33527374
164.0,2.6008132,-0.45727485,0.39192376,0.31035876,0.1224,-19.369541,0.14948376,0.28345,1.2776669,0.2901,0.17718297,-0.17107585,-0.1873321,0.12542306,0.323,1.193506,-0.19659653,0.2562525,0.1202375,-0.08821769,0.057993382,2.4500036,0.1921082,0.2228125
167.0,2.4259624,-0.42221102,0.4325,0.35317624,0.1597,-17.08802,0.16499375,0.25585002,1.184243,0.3343,0.18005572,-0.15578218,-0.16013736,0.18290389,0.401,0.9897326,0.057510167,0.4143775,0.12758,0.0051601715,0.024449628,2.9787388,0.1649356,0.243135
156.0,2.7169101,-0.52788574,0.393505,0.28037,0.1187,-20.665651,0.1196325,0.1371,1.4089743,0.2358,0.17479157,-0.15197583,-0.23851599,0.25630596,0.2548,1.221035,0.06842328,0.3226375,0.12377125,-0.099419154,0.097409196,2.9025562,0.20704095,0.2206675
170.0,2.7359066,-0.5126517,0.34784126,0.279655,0.1008,-18.09251,0.11475125,0.1881,1.2726208,0.2289,0.22386172,-0.13130128,-0.19606185,0.22240598,0.3312,0.9462426,0.036336932,0.3272575,0.1146,0.027621126,0.080660075,2.993928,0.17820922,0.187255
178.0,2.7146945,-0.49211788,0.33728126,0.25744876,0.1058,-17.709164,0.1045625,0.1382,1.2967352,0.2379,0.21784417,-0.15840515,-0.2,0.31563705,0.3676,1.0377604,0.16939718,0.31629875,0.1063225,-0.0064860513,0.068696626,2.7287529,0.18798783,0.20315
174.0,3.1406722,-0.5631156,0.3271475,0.2645575,0.0807,-17.944113,0.1060475,0.1557,1.3251833,0.1943,0.31558955,-0.15829316,-0.20668124,0.27455005,0.3176,0.7629837,0.10824924,0.3148825,0.07379,0.13444045,0.09232058,2.8587384,0.18671948,0.139405
179.0,3.4319406,-0.5324278,0.2996475,0.2299075,0.0836,-18.445887,0.0896025,0.1673,1.2916847,0.207,0.19341,-0.17070144,-0.1596951,0.25017917,0.3272,0.91083574,0.054571748,0.2930475,0.10668,0.04666245,0.063422404,2.951141,0.18159008,0.2075225
176.0,2.7190275,-0.54284286,0.27982,0.24143,0.0727,-17.10531,0.0833875,0.1952,1.2185745,0.1592,0.21397033,-0.12584056,-0.22445223,0.21258572,0.2876,1.040553,0.007593295,0.30780125,0.0932875,-0.0133036915,0.09003797,2.5600398,0.16648692,0.19089875
185.0,3.314141,-0.5599525,0.2954675,0.28247374,0.0692,-17.666302,0.08527125,0.1449,1.1402577,0.1849,0.37890494,-0.106346466,-0.14074583,0.2926532,0.3676,0.57882965,0.1625553,0.3300075,0.0760175,0.26676112,0.117199786,2.9616048,0.12883765,0.0987875
191.0,2.2909086,-0.46275398,0.5264813,0.3643,0.1666,-23.098864,0.18064125,0.42804998,1.4478087,0.347,0.15800346,-0.1408802,-0.22623885,0.12802969,0.4242,1.1820387,-0.043304846,0.41967124,0.15949374,-0.08342594,0.014673009,2.1894913,0.22411123,0.32283
191.0,2.9155877,-0.48183164,0.299565,0.31629875,0.1094,-19.032309,0.1117675,0.21055001,1.1357253,0.25545,0.1569094,-0.1685495,-0.16098486,0.1729236,0.27539998,1.1755725,-0.032299712,0.32949874,0.12803376,-0.0805469,0.074382246,1.9930408,0.1565206,0.26041874
176.0,2.5048442,-0.48549116,0.3082275,0.2891425,0.0917,-17.199972,0.1083575,0.1396,1.142173,0.18845,0.22654985,-0.12197662,-0.21142764,0.30933163,0.4084,0.93060094,0.2345623,0.3092725,0.07467,0.035946872,0.022500023,2.7499104,0.13470596,0.13022
181.0,2.6868057,-0.4943645,0.3770325,0.300885,0.1114,-17.224085,0.12352375,0.191,1.2204373,0.2297,0.3726909,-0.11870967,-0.16425756,0.24341454,0.3972,0.57541376,0.19026151,0.3878675,0.0752475,0.26950777,0.056426674,2.8274632,0.15785111,0.1020875
437.0,2.4319966,-0.44388396,0.2798475,0.2520175,0.0919,-16.170568,0.10052,0.1997,1.0920317,0.1796,0.33862323,-0.07184872,-0.110503115,0.22530334,0.3877,0.5275694,0.13661048,0.44856,0.0869075,0.3092695,0.13100089,2.6687088,0.1107818,0.12461
437.0,2.5971072,-0.4446024,0.2475075,0.2739625,0.0789,-16.144484,0.08655,0.18834999,0.88861793,0.1706,0.29356328,-0.02286485,-0.01927268,0.23515104,0.3576,0.59542763,0.12818338,0.4022775,0.084295,0.25368816,0.15577348,2.9594338,0.017943643,0.135225
437.0,2.002799,-0.38992578,0.279215,0.260185,0.0985,-16.860516,0.1056625,0.1861,1.1425812,0.1962,0.28536358,-0.07899573,-0.1550308,0.20354933,0.3748,0.7299118,0.05995904,0.3948525,0.0916375,0.1561283,0.07115453,2.6246436,0.14280088,0.1550525
436.0,2.0417178,-0.38276362,0.2668675,0.249405,0.1178,-16.368229,0.1040125,0.25375,1.227163,0.188,0.20769331,-0.07990867,-0.15085323,0.15445656,0.35935003,0.9486452,-0.06305424,0.3966125,0.114765,0.026354123,0.07628467,2.64392,0.16702682,0.1912975
436.0,2.6650975,-0.4795571,0.2878775,0.3187325,0.0821,-15.145851,0.09788,0.14865,0.8994474,0.1868,0.3004207,-0.014345983,-0.019454071,0.3088462,0.48079997,0.59339935,0.26807824,0.40484875,0.08221875,0.25551036,0.13370936,2.645446,0.034759004,0.13092124
438.0,2.5096722,-0.4565352,0.2748975,0.2656025,0.0882,-15.902415,0.0909225,0.1719,1.0152435,0.1789,0.30679035,-0.06935124,-0.0843838,0.3046324,0.4784,0.5526945,0.26326904,0.4489725,0.0794275,0.28909877,0.11816235,3.4127855,0.07416825,0.127305
570.0,4.312921,-0.5907703,0.19606875,0.39877126,0.0375,-16.14891,0.0508825,0.1281,0.49241886,0.1023,0.12615095,0.25900897,0.32798648,0.17674287,0.1938,0.7767236,0.040816337,0.1549425,0.0637525,0.12566748,0.3814815,2.8177228,-0.2874758,0.0968625
585.0,4.328521,-0.59506804,0.1925625,0.4321975,0.03515,-17.139902,0.053275,0.1117,0.47557852,0.1004,0.3302059,0.21695991,0.2890985,0.2950697,0.25585002,0.47668546,0.17959373,0.28412375,0.0537425,0.35482952,0.3602238,3.4797688,-0.31614274,0.069225
579.0,3.6959965,-0.43888944,0.14566125,0.14786126,0.0406,-21.26541,0.0602875,0.13115,0.9561814,0.12765,0.13108808,-0.2674812,-0.09407494,0.1446945,0.17915,0.87321293,0.040987734,0.1687475,0.0591875,0.06768428,0.064615525,2.9876552,0.1284179,0.1047275
591.0,3.8963723,-0.57132715,0.17213,0.2594425,0.0368,-16.583204,0.0503875,0.1195,0.6902018,0.0977,0.22889766,0.14708996,0.17377694,0.3587503,0.4064,0.67167294,0.22594269,0.342905,0.06873,0.1964063,0.30619365,3.2645886,-0.12931152,0.1067625
588.0,4.042791,-0.55355537,0.1619825,0.2810575,0.0368,-16.32339,0.0511025,0.12095,0.61996394,0.1028,0.41204646,0.14668903,0.2659842,0.37026855,0.49555,0.46606568,0.32827002,0.52265877,0.074065,0.36537245,0.32963684,2.9731348,-0.1606105,0.09965375
596.0,4.3023,-0.5797665,0.200455,0.44449,0.03875,-15.643811,0.0546225,0.1268,0.4663916,0.10985,0.40237445,0.27022398,0.3243791,0.37074643,0.57105,0.4758979,0.33360925,0.384925,0.0655675,0.35510728,0.37868008,3.3167543,-0.29549333,0.0826175
596.0,4.29526,-0.58059853,0.1999875,0.37404874,0.03965,-16.022842,0.05359125,0.12035,0.5442729,0.11085,0.27333724,0.2428383,0.28126407,0.3884263,0.6333,0.5657684,0.36786342,0.32212874,0.06835875,0.2783288,0.3559125,3.9468827,-0.23947735,0.10353125
554.0,2.3752127,-0.30469066,0.12109,0.15695,0.05985,-18.174072,0.0595175,0.11395,0.7739606,0.1299,0.2645709,-0.12724754,0.00841657,0.22201462,0.26335,0.60994065,0.20525561,0.29894626,0.0671625,0.2423182,0.109620795,3.430799,0.0067911353,0.09926875
557.0,4.4440193,-0.4710215,0.1347025,0.2497625,0.0439,-16.84542,0.0486,0.1087,0.6124573,0.1135,0.15442577,-0.023112146,0.21745645,0.30882815,0.4129,0.7288061,0.33778414,0.2169,0.074945,0.15695079,0.22159782,3.4375982,-0.1320739,0.10712
560.0,3.2290335,-0.3245002,0.1289,0.2335375,0.0575,-15.810003,0.0565475,0.1047,0.56271195,0.10855,0.25599846,-0.016417058,0.24053788,0.25976354,0.2897,0.622189,0.24468315,0.262935,0.0579775,0.23935643,0.19264325,3.409949,-0.16447434,0.0870175
553.0,4.1806593,-0.45342132,0.15165626,0.24116875,0.04415,-15.854281,0.05771625,0.1263,0.6422085,0.1143,0.30886254,-0.053916335,0.18114907,0.21051025,0.2734,0.5678381,0.15973642,0.4093175,0.0803625,0.2759647,0.19848691,3.5579,-0.09894781,0.11351375
543.0,2.0650418,-0.24404167,0.14222375,0.1686375,0.079,-14.324947,0.07237375,0.1172,0.87436706,0.1391,0.31008762,-0.10363188,-0.0028991392,0.24147342,0.3072,0.5121718,0.25697744,0.37473625,0.07225,0.32263577,0.066050895,3.6595547,0.07679208,0.10107
538.0,2.2812068,-0.29111618,0.158545,0.166465,0.0747,-15.553014,0.0766225,0.1294,0.96654665,0.1459,0.21716844,-0.14510487,-0.031131808,0.23380727,0.31445003,0.64610714,0.19625947,0.32954,0.1008225,0.21498775,0.050510615,3.1501663,0.124251194,0.14012
519.0,4.55603,-0.5936485,0.16427875,0.2992625,0.0314,-16.24759,0.0475825,0.1942,0.5497869,0.0933,0.15870453,0.19069768,0.23386207,0.17291315,0.3034,0.79857916,0.027832335,0.2157175,0.0740925,0.111988865,0.34770232,3.469626,-0.23854397,0.1250775
519.0,4.333536,-0.6135021,0.16603875,0.2885925,0.032,-15.907011,0.04905375,0.1521,0.57248,0.0975,0.19131729,0.15550512,0.19112624,0.20800264,0.3191,0.7763567,0.04572568,0.226745,0.0742025,0.1259,0.32730922,3.3882546,-0.22577608,0.119495
517.0,3.8564925,-0.5877747,0.1639625,0.31132126,0.0335,-16.855896,0.04915,0.1646,0.5375485,0.1003,0.16130117,0.22696747,0.2991613,0.2605571,0.3268,0.7729718,0.07606187,0.2011975,0.07247,0.12804951,0.3459977,3.468628,-0.24090037,0.1123175
226.0,2.865369,-0.47408205,0.2236925,0.2802325,0.04615,-16.818121,0.072305,0.12435,0.80767876,0.14075,0.26186705,0.14745292,0.20073184,0.2651199,0.337,0.779255,0.23714466,0.3093275,0.078465,0.12406597,0.27729934,2.4318235,-0.032608557,0.141
343.0,3.3259842,-0.4886209,0.175925,0.240605,0.0412,-12.088828,0.0528075,0.12100001,0.73014283,0.11305,0.3837568,-0.0063815694,0.1185266,0.29536647,0.3934,0.5676192,0.20785986,0.30221874,0.05463625,0.28365684,0.30882052,2.566795,-0.07839614,0.07764
225.0,2.8155518,-0.5334608,0.20073,0.20348,0.0484,-16.480497,0.06136,0.1207,0.93217,0.1109,0.4317802,-0.011876465,-0.078256674,0.30962715,0.3574,0.49980533,0.23073994,0.38971,0.0535225,0.3335064,0.13786146,2.32099,0.028094865,0.078355
249.0,2.8249898,-0.45283592,0.19006,0.3017925,0.048,-16.784409,0.069995,0.1519,0.6796752,0.1425,0.35105306,0.11464245,0.14209318,0.26565143,0.3684,0.43883857,0.23420076,0.40489,0.0795925,0.39001,0.2715689,2.3454566,-0.11925219,0.0882
926.0,3.7342331,-0.5668088,0.1320075,0.27213374,0.0377,-6.9363136,0.039855,0.1196,0.48221898,0.1207,0.39705175,0.21912818,0.23191819,0.34987345,0.4296,0.48708352,0.26251727,0.2986025,0.047995,0.34491438,0.3645835,3.0119798,-0.2924884,0.062515
1143.0,3.7357113,-0.49383378,0.0783,0.218495,0.0342,-10.1616535,0.0249775,0.05555,0.3856802,0.0857,0.43372366,0.28432733,0.40112522,0.41692382,0.3236,0.38946423,0.40706456,0.26838,0.0323475,0.43940374,0.42138985,3.3357208,-0.3886504,0.0385075
876.0,3.7752037,-0.5017182,0.09799,0.2274875,0.0228,-11.472199,0.0309175,0.056450002,0.43552375,0.0647,0.39591113,0.24839126,0.38062894,0.39762965,0.28649998,0.4070134,0.35632434,0.26421374,0.03903,0.4214581,0.3973856,3.2286549,-0.32426304,0.0472525
1697.0,4.3658705,-0.57538,0.10921,0.2327675,0.0178,-17.839483,0.03034,0.065,0.4861996,0.0592,0.0,0.23943447,0.31958646,0.35561463,0.27969998,0.0,0.29923135,0.0,0.0,0.0,0.38412955,3.5774305,-0.28503603,0.0
1127.0,3.1244419,-0.45377126,0.113335,0.2654375,0.0244,-16.56596,0.0394975,0.0662,0.4272432,0.0786,0.40027487,0.3023952,0.3923872,0.39543375,0.3111,0.3858599,0.36268067,0.220255,0.0369125,0.4431473,0.41157022,2.7500596,-0.33322972,0.035455
1495.0,4.001653,-0.51575047,0.11845,0.27719375,0.0224,-16.436966,0.03428625,0.0612,0.43200964,0.071,0.364375,0.26036483,0.37621292,0.39971277,0.3112,0.4207427,0.3498117,0.35022,0.0464275,0.40771446,0.3977739,3.1936846,-0.33947864,0.0686475
672.0,3.8296325,-0.5474047,0.08325,0.2206675,0.03125,-12.588881,0.028965,0.086500004,0.37157595,0.0845,0.35349324,0.28272822,0.36977234,0.3920474,0.4334,0.3990324,0.37032357,0.27895376,0.04039125,0.42991424,0.39785364,3.5584927,-0.40893203,0.05524125
674.0,4.3816404,-0.635239,0.16421,0.34648,0.0204,-17.390865,0.0414225,0.093899995,0.4666145,0.07205,0.3775342,0.32602555,0.31286487,0.38205028,0.37440002,0.4478807,0.28760767,0.40941375,0.0567675,0.3817632,0.38766015,3.6131883,-0.3194882,0.08081625
702.0,3.9180107,-0.51015526,0.119165,0.3199975,0.0191,-14.359478,0.0352075,0.0674,0.3779854,0.0695,0.40777087,0.331307,0.43918052,0.39222902,0.35855,0.3988001,0.38772756,0.32245874,0.04025375,0.42980066,0.40888667,3.6743279,-0.4046985,0.05240875
530.0,3.791493,-0.5373032,0.1627525,0.324205,0.0343,-17.46546,0.0518175,0.1002,0.5063017,0.0953,0.44014412,0.2765152,0.3083387,0.37070706,0.3828,0.43138924,0.27524084,0.449055,0.0579775,0.39724398,0.36624718,2.911337,-0.26799124,0.0749725
498.0,3.4486072,-0.57421833,0.13353375,0.23951875,0.0369,-11.049152,0.03648625,0.0962,0.5495558,0.0851,0.4021258,0.21698292,0.20461732,0.36236784,0.31625003,0.5320334,0.23657961,0.3341325,0.049645,0.30545458,0.3677841,3.2056553,-0.24173898,0.068125
569.0,4.047545,-0.5623447,0.1303575,0.25145376,0.0344,-12.004295,0.03736625,0.1128,0.52513736,0.08785,0.3890269,0.2045492,0.25278717,0.37008744,0.4245,0.5468198,0.2850667,0.3372125,0.0578675,0.29297546,0.3634275,3.0709612,-0.270508,0.0783275
661.0,4.745634,-0.6186736,0.16289,0.3682875,0.0276,-20.755562,0.04772,0.0877,0.45468724,0.0825,0.41283014,0.19528179,0.2688844,0.39412782,0.3891,0.41377142,0.31697407,0.3892425,0.05003,0.41472998,0.37763372,4.2201495,-0.33154064,0.0651825
653.0,3.2170367,-0.57983506,0.18819,0.3225825,0.03175,-11.485522,0.055915,0.12415,0.57831717,0.10535,0.37082654,0.3041123,0.2413259,0.364261,0.43465,0.5681442,0.27056095,0.30589,0.0601225,0.27539736,0.3672684,3.175696,-0.22016844,0.08043125
623.0,3.5389116,-0.50548816,0.1037375,0.2541075,0.0252,-9.65122,0.037545,0.079,0.42062184,0.0674,0.40706792,0.2669173,0.35470793,0.401366,0.4209,0.4263891,0.38825476,0.2917275,0.04567125,0.40214348,0.39780018,3.3702564,-0.35041702,0.05436125
737.0,4.104407,-0.48671845,0.10932,0.22235875,0.0488,-7.297573,0.03711875,0.0939,0.4962313,0.1114,0.3985527,0.13061225,0.29851446,0.39328277,0.4311,0.39281923,0.37166122,0.3186225,0.050525,0.43593654,0.3407653,3.8100488,-0.27815574,0.056245
1088.0,3.5218306,-0.53004295,0.12091125,0.3060275,0.024,-15.099487,0.03584,0.0644,0.38937816,0.0735,0.4409264,0.207531,0.3150254,0.4098991,0.3477,0.40056133,0.37570095,0.34542125,0.0409,0.42807904,0.39588118,3.3922074,-0.38563016,0.0525875
978.0,4.3602195,-0.5810858,0.11218,0.27344,0.01985,-13.318846,0.034905,0.0724,0.4042648,0.06525,0.39304894,0.28056166,0.3603558,0.40413576,0.3488,0.4164665,0.36504352,0.3215925,0.042935,0.4119642,0.40590277,3.883063,-0.37091312,0.054045
751.0,3.3776455,-0.5236161,0.13396,0.28532,0.027,-12.841904,0.03837,0.0805,0.46853718,0.0844,0.39030018,0.2151899,0.27907553,0.37692595,0.3002,0.4427855,0.28537548,0.339825,0.0495625,0.38620746,0.36661464,3.1356428,-0.31094432,0.0663925
630.0,4.0248466,-0.49817154,0.1499925,0.26222,0.04945,-13.444746,0.0424125,0.08655,0.5632018,0.0893,0.43081748,0.14467786,0.25916862,0.3987242,0.43635,0.40382552,0.37987745,0.38246375,0.0481875,0.42487493,0.33340976,3.6638985,-0.22416833,0.0629
243.0,3.4405825,-0.5140661,0.13473,0.256445,0.0403,-13.2555685,0.04552,0.0853,0.52543217,0.0954,0.41419646,0.16012949,0.21010529,0.3822766,0.3857,0.42597127,0.3371468,0.407805,0.05716625,0.40261984,0.34996417,2.6832373,-0.25950873,0.06885375
840.0,3.38003,-0.5129296,0.11845,0.3104825,0.0247,-8.523725,0.0359775,0.08185,0.37957573,0.08705,0.40944335,0.3155004,0.35869953,0.39561474,0.40579998,0.3683144,0.35336265,0.38568124,0.04979625,0.46170124,0.41279486,2.968704,-0.39485496,0.05620375
913.0,3.959835,-0.53984433,0.137205,0.35202125,0.02355,-17.426374,0.04336125,0.079349995,0.38819647,0.07985,0.39049414,0.3104611,0.3800476,0.40306452,0.39405,0.40728703,0.35197753,0.38267,0.0566025,0.42117417,0.41553143,3.1639266,-0.38891482,0.0606725
770.0,4.445201,-0.57511234,0.13583,0.3632275,0.0148,-20.884315,0.042165,0.07015,0.38043043,0.0637,0.4309213,0.3260628,0.42248616,0.4036807,0.36255,0.38312104,0.36363763,0.421775,0.0504975,0.44600505,0.42141232,3.9477453,-0.39976728,0.0639175
672.0,4.4138637,-0.5434492,0.1134175,0.330585,0.0225,-14.49806,0.03480875,0.066599995,0.35184896,0.0647,0.41941082,0.28568336,0.4141728,0.4099935,0.38814998,0.35820147,0.41755885,0.3712025,0.04266,0.47253576,0.42371833,3.206721,-0.42083642,0.04998875
658.0,3.770142,-0.52105266,0.2249575,0.3198875,0.0499,-14.287282,0.07225,0.1124,0.659582,0.13905,0.30065244,0.03954603,0.0932487,0.3369105,0.3544,0.5846011,0.25333333,0.33235875,0.07726875,0.263252,0.2663003,3.4265223,-0.12017881,0.1106125
190.0,3.2189877,-0.559115,0.2697,0.2462975,0.0695,-17.163464,0.07907,0.1282,1.1740203,0.16585,0.2711285,-0.1062874,-0.16786765,0.20517182,0.2964,0.88529223,0.09387933,0.2860075,0.0680425,0.07128851,0.122076705,2.2180543,0.13784151,0.13955624
187.0,3.3367474,-0.57879233,0.273715,0.25673375,0.0574,-16.498936,0.07676,0.1224,1.249969,0.1343,0.22453268,-0.097561,-0.17701529,0.34033385,0.3448,1.0792565,0.21921591,0.2306775,0.0630925,-0.038117755,0.14049114,2.7078662,0.16087954,0.1522475
470.0,0.083900236,0.7834395,0.0,0.0,0.0354,-30.731863,0.0,0.01,0.0,0.0138,0.24892601,0.43726236,0.19685039,0.08507221,0.0193,0.41827664,0.011695941,0.0599575,0.068345,0.4101734,0.11999998,0.10357923,0.0,0.0150775
470.0,0.07988281,0.7787234,0.0,0.0,0.0364,-28.280418,0.0,0.0125,0.0,0.0152,0.23779003,0.41935483,0.043478254,0.07836301,0.0183,0.42476624,-0.49623623,0.05669875,0.06576,0.4037436,0.047619056,0.13943757,0.0,0.01483
472.0,0.13661176,0.49617738,0.03940125,0.05771625,0.03365,-28.770771,0.05587375,0.0492,0.63125485,0.01815,0.20494792,0.36934263,-0.13431747,0.15470608,0.0517,0.5783595,0.006546664,0.076045,0.07154875,0.2671473,0.17783095,0.4180387,-0.12778808,0.0327325
473.0,0.046717726,0.6238864,0.04415875,0.065595,0.0301,-27.964912,0.06409625,0.0218,0.6724176,0.01315,0.21587597,0.40512305,-0.30610546,0.10798126,0.0234,0.52327096,-0.25832015,0.0707375,0.0669975,0.31296465,0.106906936,0.17602645,-0.10203676,0.019395
480.0,0.1539982,0.55570644,0.13187,0.140395,0.03405,-26.830341,0.0933425,0.16525,0.80359536,0.0329,0.19025636,0.23284681,-0.031363495,0.13076104,0.21704999,0.9316618,0.06152957,0.18654,0.0996675,0.035390984,0.1100569,1.7979107,0.038953867,0.11051625
485.0,1.7230109,-0.32925576,0.28184125,0.26195875,0.0479,-17.961512,0.10405375,0.12155,1.188995,0.1117,0.3489151,-0.063055016,-0.120589934,0.2447228,0.31445,0.62076527,0.1615613,0.3857225,0.06838625,0.23398992,0.14290933,2.7088666,0.1450246,0.1076975
416.0,1.0515003,0.8606326,0.015545,0.13407,0.1155,-28.986294,0.141165,0.017450001,0.112777725,0.20635,0.15969418,-0.06180261,0.8336473,0.07576583,0.032899998,0.21397568,0.473078,0.146445,0.1527425,0.6474795,0.12625837,0.2600902,-0.10920662,0.0237125
693.0,0.44556123,0.122412525,0.0455475,0.0619375,0.02695,-25.817791,0.04244,0.035,0.710341,0.02245,0.12802976,0.15895632,-0.054712977,0.091815196,0.034649998,0.78266114,-0.11337089,0.0766775,0.0498925,0.12191821,0.07649461,0.5288686,-0.063909255,0.0489025
706.0,0.69098794,-0.19292293,0.05111625,0.08617875,0.049,-21.832355,0.04292125,0.0762,0.60578614,0.0557,0.20276755,0.095560476,-0.24091251,0.21993627,0.0877,0.60364527,-0.04362051,0.11279875,0.04866875,0.24923256,0.21110511,0.8910308,-0.14806253,0.04787125
405.0,0.22675736,0.78859705,0.0,0.0,0.0958,-28.775465,0.0,0.0145,0.0,0.0962,0.0,0.1064852,0.44657534,0.10804844,0.02485,0.0,0.25181597,0.0,0.0,0.0,0.13114755,0.14621586,0.0,0.0
407.0,0.2438485,0.8690176,0.0,0.0,0.1044,-28.142204,0.0,0.0133,0.0,0.1173,0.0,0.07402235,0.5440729,0.10738256,0.0372,0.0,0.34677416,0.0,0.0,0.0,0.13941482,0.21436422,0.0,0.0
423.0,0.6060699,0.6996337,0.021485,0.112235,0.108,-27.720932,0.1209525,0.01825,0.1914287,0.1555,0.18982488,-0.035343014,0.54876035,0.13646488,0.07925,0.31031492,0.48535553,0.1124825,0.1368475,0.5263506,0.17777781,0.5168016,-0.074243344,0.0237675
421.0,0.5648403,0.37571463,0.05782625,0.11145125,0.0857,-26.53671,0.1106675,0.04135,0.517896,0.1302,0.17650478,-0.014690793,0.10799657,0.22659002,0.1021,0.42478144,0.17622498,0.136105,0.13022,0.40383485,0.21981898,0.7419001,0.0015422265,0.037105
423.0,0.6033103,0.18536477,0.07377625,0.12539375,0.0959,-26.143759,0.11345875,0.0648,0.5751452,0.16055,0.2164648,-0.028173273,-0.08175254,0.18316384,0.10695,0.4928418,0.1856756,0.14496,0.1245825,0.34024194,0.122256115,0.74035543,0.019995816,0.04492875
160.0,2.003028,-0.4845679,0.216735,0.21193625,0.0429,-16.349564,0.06002625,0.09995,1.0169755,0.0873,0.29095286,0.10151694,-0.061728366,0.32122153,0.2256,0.5879643,0.06802205,0.29764,0.081875,0.2594742,0.2518111,1.9052287,0.05829988,0.102335
172.0,0.2695889,0.37825915,0.05971,0.07402375,0.03155,-27.289082,0.05229875,0.0257,0.81459236,0.0288,0.31519637,0.1589194,-0.09765285,0.13019395,0.0277,0.43036613,-0.15030678,0.06200625,0.04607,0.39883348,0.09048357,0.25008604,0.03755204,0.0141975
217.0,0.19979784,0.61776066,0.0,0.0,0.0636,-27.90199,0.0,0.0443,0.0,0.0475,0.0,0.25825825,0.10582162,0.06643204,0.0345,0.0,-0.31274134,0.0,0.0,0.0,0.095516585,0.2977415,0.0,0.0
243.0,0.1958155,0.6550207,0.0,0.0,0.0586,-27.549696,0.0,0.05505,0.0,0.0708,0.10929475,0.20724371,0.20302667,0.055981386,0.060599998,0.77906126,-0.02039894,0.1060475,0.1108875,0.12418838,0.038032163,0.37715507,0.0,0.0663375
221.0,0.16308111,0.78962976,0.0,0.0,0.0625,-27.854101,0.0,0.0423,0.0,0.05885,0.122290455,0.2392152,0.2743004,0.052720778,0.041100003,0.77847844,-0.21065235,0.1146275,0.1010425,0.12455679,0.045489665,0.2627018,0.0,0.068785
262.0,0.6127846,-0.0072505805,0.1488375,0.162285,0.0556,-25.870274,0.07841,0.0627,0.89003253,0.0614,0.23041917,0.11971806,-0.122233935,0.17908901,0.0854,0.70807236,0.048528846,0.1463075,0.0896575,0.17091058,0.21392673,0.66156375,0.07641223,0.055035
267.0,0.9482768,-0.06947201,0.0776125,0.1481225,0.0511,-21.265278,0.05425125,0.0456,0.50832635,0.0668,0.24973737,0.09247557,0.050872087,0.2473498,0.0835,0.5486535,0.03370788,0.15838,0.0583625,0.29144448,0.22476049,0.8862065,-0.18435775,0.045685
593.0,0.26271683,0.4689006,0.0,0.0,0.043,-27.140276,0.0,0.033150002,0.0,0.03985,0.124638505,0.19888002,0.071293205,0.06624489,0.0403,0.55890113,-0.032347143,0.053055,0.05168,0.282955,0.0748884,0.32048222,0.0,0.02308
611.0,0.3309746,0.49431655,0.025885,0.0613875,0.0308,-28.514536,0.04937,0.0387,0.42166564,0.03195,0.15494643,0.2796782,0.16072695,0.1137088,0.0507,0.63661736,0.021148056,0.0647425,0.059985,0.22203274,0.14075081,0.47804582,-0.19833769,0.0275075
186.0,0.21535753,0.57894737,0.0,0.0,0.0535,-29.442806,0.0,0.0171,0.0,0.0331,0.23581551,0.24637681,0.059659094,0.10715506,0.0087,0.66199076,-0.17127071,0.077585,0.06824875,0.21554308,0.07475318,0.07589223,0.0,0.0331175
175.0,0.22859281,0.64053535,0.048765,0.0794,0.0808,-26.857338,0.0702425,0.01845,0.5850856,0.074,0.0,0.12225155,0.20682304,0.13828143,0.044299997,0.0,0.28216177,0.0,0.0,0.0,0.17374516,0.30346224,-0.0975081,0.0
167.0,0.20917876,0.6163522,0.05128125,0.08342875,0.0874,-26.000038,0.07462875,0.0218,0.61507344,0.0806,0.0,0.123856984,0.15585895,0.16056827,0.03515,0.0,0.038907476,0.0,0.0,0.0,0.12609974,0.30413342,-0.08127533,0.0
174.0,0.2209733,0.61976373,0.0,0.0,0.083,-26.799173,0.0,0.04935,0.0,0.0851,0.0,0.13846156,0.21357286,0.14768425,0.0669,0.0,0.027962632,0.0,0.0,0.0,0.18318318,0.6086498,0.0,0.0
394.0,0.13170484,0.62816584,0.04198625,0.080005,0.04855,-27.646038,0.0695,0.0441,0.51597697,0.02685,0.23702817,0.28753272,-0.008866373,0.044420354,0.0254,0.5445537,-0.30978262,0.16828,0.11757,0.2948724,0.14813097,0.18623285,-0.11708838,0.05652
414.0,2.358094,-0.3431734,0.1597825,0.1811775,0.0578,-23.53773,0.0772,0.13365,0.80185527,0.1453,0.32155535,-0.015610677,0.052008167,0.316822,0.4252,0.5548288,0.24581847,0.44263375,0.0904,0.2865547,0.1367589,2.9735346,0.05050661,0.12723625
632.0,0.47721824,0.16474968,0.03931875,0.06027375,0.02685,-24.736696,0.03579875,0.02885,0.5605305,0.0246,0.19732748,0.20175524,0.007246377,0.13424857,0.0363,0.67397964,-0.05986785,0.08543625,0.0583075,0.20609139,0.15401118,0.37317836,-0.13696776,0.039085
491.0,0.11589775,0.6514384,0.03456125,0.06013625,0.0402,-28.00257,0.05345375,0.0277,0.5742704,0.02095,0.14251262,0.3028157,0.02571796,0.07925803,0.0338,0.6340581,-0.08647987,0.07157625,0.0747525,0.22855775,0.05964346,0.19086891,-0.11954134,0.03478125
500.0,0.3928883,0.4059131,0.0416425,0.084625,0.04175,-23.059732,0.047335,0.1445,0.49208272,0.03555,0.28390935,0.15975517,0.1210264,0.17719777,0.2048,0.57558036,-0.01922693,0.2577925,0.054925,0.2693735,0.20155756,2.324628,-0.17186593,0.07566
514.0,0.27868357,0.49373436,0.0584725,0.0872925,0.062,-27.420803,0.05542,0.07485,0.66984564,0.0498,0.1243428,0.17897095,0.061224498,0.11126608,0.118300006,0.42351776,0.00017668594,0.1009875,0.0395525,0.40497017,0.06417111,0.8228934,-0.09754787,0.03331
469.0,0.3604463,0.3114129,0.10855,0.1315675,0.073,-31.269695,0.1150125,0.0434,0.8250518,0.083,0.14269099,0.07556211,-0.028556943,0.14542891,0.06635,0.6217173,-0.016335497,0.13704,0.1482325,0.2332606,0.06363654,0.40150145,0.035696093,0.0663375
455.0,1.7919155,-0.47833937,0.22480625,0.17129125,0.0819,-10.29635,0.0886125,0.32639998,1.3273165,0.1315,0.08019084,-0.069973454,-0.30278087,0.0149287665,0.1855,1.1601536,-0.31437084,0.21452124,0.1025825,-0.07401586,0.021576965,1.6923852,0.155643,0.22241375
426.0,2.6220982,-0.43345472,0.23082875,0.1982275,0.08435,-8.287826,0.09200875,0.2675,1.1507642,0.1799,0.104996555,-0.16307011,-0.1423552,0.061940894,0.2022,0.9391935,-0.20335525,0.27136374,0.115095,0.034443274,0.044300605,2.261988,0.14578313,0.20228375
419.0,1.0475999,-0.62436324,0.3384775,0.10760125,0.0816,-9.615494,0.0772825,0.2232,3.129733,0.086,0.336839,0.008723265,-0.60306007,0.30628023,0.1228,2.5168643,-0.5352006,0.137865,0.0883925,-0.43131158,0.3147676,1.0286412,0.41915908,0.16773
406.0,1.6972264,-0.44251385,0.2924425,0.231805,0.1158,-5.908829,0.0970275,0.4367,1.2593567,0.1451,0.08063821,0.030023087,-0.18323657,-0.02485659,0.2845,1.1524076,-0.21397981,0.274155,0.1222175,-0.07080799,-0.0026385232,1.5014607,0.12421444,0.2627975
393.0,2.9695694,-0.49975657,0.21811,0.220585,0.07125,-12.478013,0.074175,0.29545,0.9861586,0.12545,0.12511359,0.0072515667,0.015607552,0.04800645,0.2237,0.96070087,-0.20642918,0.27895376,0.0904825,0.020851979,0.09183694,1.918364,0.04121642,0.209255
405.0,1.3216236,-0.27617326,0.127965,0.2132425,0.0746,-19.208866,0.056025,0.13170001,0.6095704,0.1003,0.25696033,-0.010676117,-0.15844405,0.104999915,0.107549995,0.5612497,-0.13616726,0.24407,0.069005,0.28102508,0.088339254,1.2414423,-0.15498158,0.0850375
394.0,2.2494178,-0.36851773,0.20931,0.21416375,0.0773,-14.025756,0.09057875,0.23685,0.978771,0.1385,0.13047534,-0.089030504,-0.045653723,0.079917066,0.21814999,0.90631694,-0.07852614,0.2594975,0.1111075,0.049143475,0.06614207,2.1970656,0.059884273,0.1840925
340.0,1.4806834,-0.51342356,0.22427,0.168885,0.0815,-15.094255,0.0785475,0.16084999,1.3734722,0.11715,0.10782327,-0.02926541,-0.3782284,0.069829635,0.1609,1.1818712,-0.07381666,0.215855,0.0880075,-0.07929574,0.0121523775,1.4212124,0.17436004,0.20775625
327.0,2.1678107,-0.45711932,0.2417325,0.22251,0.0864,-13.612385,0.0954875,0.26275,1.1137738,0.15925,0.13706867,-0.05244052,-0.16331019,0.06046675,0.2698,0.76239586,-0.0038687538,0.3028925,0.10135875,0.13481884,0.055141013,2.0342386,0.0984205,0.19622
631.0,1.8180991,-0.38847494,0.18163125,0.20634,0.07955,-16.71233,0.0801975,0.18495,0.9162364,0.154,0.15969117,-0.0725811,-0.19912595,0.11084359,0.19685,0.7636009,-0.10147422,0.269315,0.105635,0.13404343,0.06873163,1.8222651,0.06476419,0.140945
632.0,1.5164014,-0.44434085,0.27256,0.19457,0.0994,-11.677822,0.09249,0.3485,1.3605515,0.1419,0.050271098,-0.039380077,-0.27311283,0.012821724,0.20030001,1.3993326,-0.290942,0.2283675,0.112895,-0.16643487,0.009507331,1.4277029,0.19217284,0.2703875
633.0,1.9450105,-0.33507308,0.2257275,0.201665,0.0934,-4.726896,0.0901525,0.24735,1.1605912,0.1656,0.099220835,-0.1037288,-0.11456559,0.05445266,0.22600001,0.98145515,-0.1006223,0.24616,0.102995,0.009359207,0.039091516,1.8226147,0.15329264,0.210135
626.0,2.2201679,-0.45100108,0.2227025,0.206175,0.0814,7.389943,0.0745325,0.28315002,1.0735414,0.1701,0.14768244,-0.12115732,-0.1990029,0.025946263,0.18325001,0.9521842,-0.23419598,0.2444275,0.0811325,0.024493495,0.011526877,2.1646929,0.10513612,0.1725975
622.0,2.4066033,-0.4422636,0.2689575,0.2555925,0.0976,-13.1552105,0.0991175,0.2739,1.05297,0.2059,0.11257482,-0.10057236,-0.12754087,0.07648412,0.28890002,0.93181896,-0.05171575,0.29099876,0.10206,0.03533074,0.055250376,2.5211575,0.15178789,0.21630874
626.0,1.6748377,-0.48107544,0.257325,0.16894,0.0848,-12.7819605,0.08909375,0.36769998,1.5082389,0.1408,0.018448597,-0.03274215,-0.28574663,-0.02187581,0.18425,1.4372743,-0.3187312,0.1971,0.0946625,-0.17941119,-0.0132524455,1.560093,0.23024225,0.26321
616.0,1.8386935,-0.4196614,0.192095,0.1978425,0.0716,-9.033467,0.0643025,0.23075,0.8867155,0.1276,0.11209728,-0.052500002,-0.19717163,0.041486043,0.1797,0.8807594,-0.15015528,0.2532275,0.0722225,0.063400246,0.026720995,1.5325947,0.022595141,0.17807
632.0,2.3383424,-0.450072,0.26322374,0.20772874,0.08655,-11.3443365,0.09759125,0.30945,1.3182757,0.154,0.08680318,-0.07674145,-0.13765919,0.025510153,0.26375002,1.0375215,-0.09859834,0.28983,0.1214475,-0.018360803,0.01887968,2.0411,0.17844298,0.25761375
653.0,2.1025774,-0.49810293,0.2262775,0.1776575,0.07585,-14.608855,0.0867425,0.2886,1.3449283,0.1472,0.08317356,-0.11000219,-0.27844635,0.021497892,0.1681,1.1860976,-0.29582834,0.22882125,0.10003875,-0.08511795,0.020563722,1.8585373,0.19717349,0.228725
659.0,1.7409383,-0.3403345,0.2080175,0.1817275,0.0796,-17.923004,0.08325,0.2421,1.1546375,0.1189,0.079041414,-0.06388528,-0.14339386,0.032549474,0.2001,1.1098287,-0.12229491,0.21074,0.08985,-0.052055772,0.03514566,1.6200255,0.14214368,0.1965225
680.0,2.0189161,-0.45986393,0.1913525,0.1522475,0.0604,-13.311104,0.07335,0.2351,1.2568516,0.1287,0.07513186,-0.11336569,-0.25757223,0.032111973,0.1476,0.9895213,-0.25006744,0.238735,0.0870725,0.005704902,0.008734583,2.0726488,0.18088336,0.2046625
684.0,1.010695,-0.28741914,0.21735375,0.20409875,0.109,-17.237974,0.07082,0.2856,1.1162246,0.1389,0.10518252,0.06393963,-0.2064153,0.007133108,0.1903,0.8287446,-0.20604683,0.2905725,0.087815,0.09364643,0.023261825,0.89922345,0.10552417,0.19446
698.0,1.4520572,-0.29306307,0.17879875,0.1501575,0.0802,-9.199258,0.08402,0.15865001,1.2032477,0.10305,0.16599104,-0.03549025,-0.1655619,0.090277,0.14414999,0.8615738,-0.10964731,0.2005925,0.083525,0.07457557,0.06564849,1.2363954,0.124161884,0.131485
687.0,2.1558857,-0.39225423,0.24884126,0.215305,0.0987,-11.001034,0.08741625,0.3227,1.1907235,0.1874,0.101571836,-0.12937064,-0.14106919,0.028693201,0.2676,1.0060467,-0.11471937,0.252265,0.0985675,-0.0030142295,0.021307603,1.9900663,0.165827,0.2196225
683.0,1.9423251,-0.421627,0.2443725,0.21184,0.08745,-11.476553,0.083195,0.26095,1.1136225,0.1504,0.047628075,-0.0446985,-0.11324481,0.049796112,0.25925,1.0287743,-0.062194914,0.2549875,0.0954875,-0.014183091,0.019186523,1.7901464,0.09772895,0.2386525
678.0,1.3691865,-0.29980507,0.22911,0.185715,0.1137,-9.9990015,0.09271,0.2868,1.206809,0.14125,0.026860686,0.0006444181,-0.16188276,-0.0042124176,0.1926,1.2008507,-0.17527859,0.20007,0.10316,-0.09126047,-0.0009192688,1.1612165,0.15361421,0.2389
656.0,2.1955166,-0.3713027,0.20632625,0.207825,0.0736,-17.45829,0.08780125,0.22264999,0.98891854,0.1531,0.10503472,-0.083665356,-0.06795355,0.06311157,0.22029999,0.9361391,-0.06378136,0.26360875,0.10919625,0.033340663,0.06161745,2.1432197,0.08076583,0.20711
653.0,2.7372024,-0.4528325,0.2135725,0.21496125,0.066,-17.58573,0.084845,0.19515,1.001911,0.15665,0.14465438,-0.09463214,-0.06760393,0.10267224,0.2319,0.79876643,0.03371342,0.28103,0.08661875,0.111884475,0.089432985,2.5285,0.09864762,0.1687475
618.0,2.180718,-0.40425533,0.23082875,0.2082375,0.0759,-13.721466,0.09415375,0.231,1.113719,0.1657,0.10705133,-0.07803993,-0.10706153,0.09966209,0.2446,0.94342,-0.05680537,0.25813624,0.107395,0.02911432,0.072872594,2.3631222,0.1375693,0.20827875
614.0,1.9753609,-0.29533675,0.2182475,0.20209125,0.0995,-14.935126,0.10122125,0.2402,1.12245,0.167,0.1008843,-0.089523815,-0.059675645,0.062180582,0.2478,0.9384841,-0.041771118,0.20951626,0.088035,0.032756183,0.044502106,1.8846701,0.12532735,0.16212
596.0,2.3491473,-0.42930076,0.195615,0.20986,0.07175,-14.119137,0.08567,0.22279999,0.96438223,0.12875,0.09611089,-0.12384111,-0.13443223,0.08285282,0.23095,0.92258334,-0.0667057,0.2372775,0.10074,0.040267013,0.05780234,1.6486497,0.07362323,0.1653925
464.0,1.9240396,-0.35690543,0.1888225,0.19578,0.0796,-15.264367,0.0809125,0.20995,0.90813154,0.14,0.10109641,-0.010549666,-0.028323537,0.077166915,0.21625,0.89987093,-0.058680404,0.2323275,0.09478625,0.052707978,0.068470016,2.167969,0.0234734,0.16872
460.0,1.7279817,-0.2935223,0.21625374,0.24617375,0.118,-12.7552805,0.09689,0.2605,0.8714189,0.1617,0.12573577,0.0052539315,-0.02707462,0.062280092,0.2692,0.8882379,-0.052779734,0.27289,0.10353125,0.05919008,0.054833237,1.9119304,0.0008253493,0.19150375
461.0,1.3668693,-0.36800724,0.2154975,0.23786876,0.1249,-10.590051,0.091995,0.26560003,0.90025634,0.15415,0.12922844,0.0025980428,-0.21855026,0.049145747,0.2431,0.85723716,-0.13402082,0.2762725,0.10479625,0.07693478,0.03330924,1.4275283,0.0052493135,0.18275875
449.0,1.5241587,-0.27033848,0.245115,0.28873,0.1435,-17.222881,0.108165,0.26585,0.8339481,0.1652,0.13384476,0.013396039,-0.06142628,0.06063056,0.243,0.8369658,-0.10018598,0.3258825,0.12483,0.08875191,0.0752159,1.4722601,-0.007409352,0.2052125
499.0,1.4784094,-0.35442632,0.18754375,0.16267,0.0836,-14.374434,0.08752625,0.22065,1.1552899,0.1314,0.055324137,-0.0609319,-0.20839083,0.018634297,0.15715,1.0597744,-0.20792612,0.19215,0.10344875,-0.029018618,0.011065022,1.5205804,0.12109062,0.19336
518.0,2.2275295,-0.47157994,0.2998125,0.2118675,0.0897,2.431116,0.1030225,0.37385,1.4639585,0.16275,0.051716868,-0.056633417,-0.1787874,0.006190587,0.27045,1.3416855,-0.15111326,0.24396,0.11766625,-0.14580365,-0.0066711367,1.9884883,0.18581556,0.2956875
520.0,1.34322,-0.47540814,0.27839,0.18867125,0.1043,-1.1632818,0.095845,0.37115002,1.5755947,0.14645,0.026273493,0.011865798,-0.36053336,-0.011909745,0.15990001,1.3866135,-0.3775963,0.216625,0.1047825,-0.16199249,-0.017293917,1.2242754,0.20913999,0.2746225
530.0,4.1953435,-0.60985154,0.173175,0.26569876,0.03215,-15.243731,0.04594625,0.111,0.7131646,0.0918,0.33480534,0.07137038,0.07623155,0.3214833,0.346,0.59827125,0.22107792,0.31244874,0.05689125,0.25792667,0.28145924,4.3121834,-0.118360996,0.097495
523.0,4.085352,-0.59131366,0.1724325,0.2482775,0.0405,-15.2497425,0.046015,0.1179,0.7455761,0.0999,0.29194516,-0.010622165,0.042054024,0.3153153,0.3199,0.592119,0.23896204,0.2752825,0.0552825,0.2561875,0.24811192,4.0431705,-0.09113473,0.09931
518.0,4.5654798,-0.61939484,0.18559125,0.2852375,0.0295,-14.635311,0.0512675,0.1109,0.6899157,0.0925,0.34453017,0.07253268,0.10964121,0.32661417,0.3732,0.5724283,0.26423872,0.33796874,0.0583075,0.27651867,0.2790137,4.2560763,-0.12371862,0.0924625
508.0,3.6515172,-0.5696353,0.16020875,0.28373876,0.0289,-15.568837,0.04748625,0.0991,0.57586014,0.0917,0.37413788,0.21488407,0.22397362,0.35587865,0.3728,0.4655028,0.27213785,0.3967775,0.05592875,0.3666808,0.32106876,3.5576408,-0.20936765,0.085505
510.0,4.159502,-0.5912882,0.1679225,0.28895,0.0321,-14.951092,0.044475,0.1033,0.5955847,0.0878,0.3456754,0.14950164,0.19712818,0.3469388,0.3631,0.5692187,0.24719682,0.35572,0.0581975,0.27451962,0.31213498,3.9436946,-0.2103802,0.094305
554.0,4.3905478,-0.606899,0.1785375,0.2346375,0.032,-16.1162,0.0484075,0.1596,0.7800117,0.0938,0.2973752,-0.017241385,0.027869642,0.2672176,0.34,0.60798645,0.08850729,0.35825,0.063835,0.24379157,0.24088031,4.2035966,-0.053551003,0.119165
543.0,4.2956076,-0.58685446,0.1653925,0.27933875,0.0298,-15.266857,0.04685375,0.122,0.57896626,0.0888,0.34874284,0.1350211,0.19011728,0.3033202,0.3779,0.51979816,0.22794476,0.34792376,0.0572625,0.31788343,0.32602116,4.2165275,-0.20520411,0.086275
537.0,4.2833323,-0.5906149,0.167565,0.26965874,0.0308,-16.06173,0.04547875,0.119,0.60629773,0.0814,0.35501578,0.14138818,0.19554245,0.32166666,0.3812,0.53652996,0.23146501,0.34140626,0.05678125,0.30460697,0.32268173,3.950206,-0.19417104,0.08576625
531.0,3.4391966,-0.5480527,0.172405,0.226635,0.0403,-16.02892,0.0519275,0.14340001,0.6381627,0.10355,0.28374043,0.054120433,0.086809434,0.26732782,0.38120002,0.6242325,0.17542702,0.3183475,0.0666125,0.23567845,0.21628042,2.5802634,-0.15034284,0.10793125
530.0,3.783957,-0.5482514,0.175925,0.21844,0.0408,-16.054485,0.0545675,0.15715,0.8315809,0.1083,0.2957785,-0.047298193,-0.023766581,0.23433347,0.30769998,0.66916966,0.087392695,0.330585,0.064715,0.20280126,0.20181026,3.4348495,-0.016144432,0.11471
628.0,4.1750655,-0.57082206,0.1755675,0.25634876,0.033,-14.858307,0.04695,0.121199995,0.689529,0.0996,0.28284234,0.058039952,0.13557892,0.2950731,0.3639,0.50770926,0.23384437,0.2680225,0.048875,0.3265157,0.24862835,4.0261674,-0.1121432,0.0760725
630.0,4.3048635,-0.58015525,0.19331875,0.23635624,0.0378,-14.077546,0.05304125,0.1587,0.74895525,0.112,0.0,-0.021806875,0.060582217,0.21879587,0.2663,0.0,0.033572666,0.0,0.0,0.0,0.21471433,4.5903163,-0.060125627,0.0
620.0,3.9946084,-0.56130403,0.167125,0.2555925,0.0345,-14.930961,0.0491225,0.1272,0.6257911,0.1044,0.3123947,0.05123338,0.10090866,0.28380632,0.275,0.6390747,0.10207401,0.2518525,0.04794,0.22103852,0.25544792,3.9951649,-0.165938,0.08468
619.0,3.8172956,-0.5785838,0.1626975,0.252925,0.0309,-14.89099,0.0451075,0.1156,0.5874864,0.0947,0.35044506,0.17344752,0.19302724,0.30277446,0.3308,0.579023,0.22745027,0.33307374,0.05372875,0.26698822,0.28347337,3.899766,-0.19567597,0.09209125
626.0,4.613088,-0.5541964,0.201995,0.2525125,0.0414,-15.6487055,0.0566025,0.1216,0.791003,0.1168,0.23183794,-0.08832808,0.017379066,0.22170915,0.26459998,0.7607346,0.124534644,0.31117,0.0645225,0.1358895,0.18331015,3.8322165,-0.042737868,0.121915
625.0,4.2142954,-0.54470384,0.189015,0.2582875,0.04225,-15.982872,0.0548975,0.103,0.71289414,0.1169,0.26596242,-0.053777162,0.05360372,0.25739005,0.2504,0.7312996,0.14299755,0.3274775,0.0872375,0.15520158,0.19524848,3.7175086,-0.087725915,0.128515
626.0,3.9547896,-0.5876599,0.18616875,0.25507,0.0347,-13.622453,0.0495625,0.1187,0.68194896,0.1004,0.18795359,0.091314,0.10487268,0.31996563,0.3046,0.68253124,0.1386916,0.350935,0.115425,0.1886852,0.27796805,3.5768545,-0.12987837,0.1728725
626.0,3.8068273,-0.5632637,0.16927,0.25529,0.0338,-14.752978,0.0479125,0.122,0.65470326,0.0913,0.21279994,0.09834468,0.14309414,0.295612,0.2909,0.66073567,0.13699433,0.343565,0.0726625,0.20428559,0.28151983,3.6763446,-0.14333805,0.1595625
622.0,4.4793134,-0.617309,0.2017475,0.237855,0.0377,-15.3570595,0.0509925,0.1493,0.88440853,0.11,0.263024,-0.05351171,-0.043174863,0.26377726,0.3117,0.6695849,0.13285753,0.2113175,0.04882,0.19790258,0.22134285,3.9039805,-0.00081203587,0.0825625
620.0,4.308882,-0.5445108,0.1614875,0.2731925,0.03305,-15.127607,0.047555,0.1227,0.57761693,0.102,0.3484998,0.094133586,0.1985934,0.30269253,0.3796,0.55716556,0.25664437,0.2848525,0.053935,0.28438497,0.2753582,3.9200654,-0.19670278,0.0766775
646.0,4.3863106,-0.5689354,0.17338125,0.27796376,0.0375,-15.96214,0.049315,0.1394,0.6435721,0.1001,0.28520632,-0.010566763,0.052449804,0.29140836,0.34845,0.5909007,0.12359207,0.40220875,0.07985375,0.25718364,0.2403288,3.8350089,-0.14883178,0.1158375
647.0,3.8183143,-0.5570768,0.17343625,0.29852,0.03355,-14.846161,0.05125375,0.1384,0.55753744,0.09405,0.29317862,0.1344542,0.22892183,0.29941788,0.3383,0.69965494,0.22395079,0.3760425,0.0629275,0.17670941,0.3027612,3.827879,-0.2233879,0.11977
647.0,4.127229,-0.57486975,0.16735876,0.27172124,0.0325,-13.8585,0.045685,0.1168,0.6212257,0.0835,0.34844926,0.1181714,0.18280375,0.315847,0.35225,0.5982912,0.22948498,0.3721375,0.05817,0.2513364,0.3025774,3.6072607,-0.1696539,0.093205
649.0,4.371355,-0.5597671,0.1743025,0.2284775,0.03535,-14.879006,0.04849,0.1439,0.707474,0.10495,0.2745157,-0.024772901,0.07782685,0.24302997,0.3508,0.66479,0.17876346,0.3454625,0.062295,0.20135276,0.21767554,4.3762903,-0.09119355,0.11174
654.0,4.029471,-0.5758227,0.1823325,0.259855,0.03385,-14.499317,0.0535775,0.1434,0.7001886,0.1065,0.2962246,0.055510443,0.07500442,0.23119779,0.33319998,0.69362426,0.18625502,0.31667,0.06378,0.18089946,0.25085264,3.3952432,-0.10547352,0.10679
654.0,4.2132254,-0.5409615,0.1784825,0.234555,0.039,-15.781995,0.05344,0.1264,0.7560774,0.10825,0.25440717,-0.03140589,0.053941265,0.23349856,0.2686,0.58996403,0.17729561,0.3445,0.0748625,0.2578901,0.20589763,3.618947,-0.051749334,0.1251875
658.0,3.7539518,-0.5661199,0.189565,0.2839175,0.0342,-13.808205,0.0529175,0.1332,0.67555845,0.1054,0.25330463,0.15464458,0.13862276,0.22339341,0.2724,0.6641277,0.20451026,0.28833124,0.0608925,0.20669554,0.30143678,4.1212277,-0.1075548,0.11035125
643.0,4.079127,-0.58088785,0.1744675,0.2807825,0.03555,-14.56732,0.047775,0.118650004,0.5872565,0.0971,0.39075762,0.11223759,0.1963564,0.3088325,0.375,0.560795,0.23896548,0.3791225,0.0560525,0.28139827,0.29104987,3.771525,-0.18449153,0.08721
495.0,4.2549253,-0.59399617,0.14233375,0.23258875,0.0287,-13.387498,0.04123,0.1204,0.60995126,0.0774,0.34952298,0.14252687,0.17025547,0.2834293,0.33,0.65014917,0.14127617,0.3118575,0.05463625,0.21205,0.3078463,3.0655053,-0.17007725,0.08634375
498.0,4.6736255,-0.59136873,0.153595,0.22904125,0.03135,-14.875132,0.04446125,0.118650004,0.70476013,0.0838,0.33951414,-0.016067956,0.058034156,0.29365113,0.31594998,0.63822436,0.124524005,0.28772625,0.054375,0.22469899,0.26767543,3.929618,-0.098788075,0.0937275
544.0,3.9400663,-0.5831193,0.1562625,0.33262,0.0296,-16.451279,0.04629,0.11165,0.461924,0.0967,0.31655154,0.24873094,0.27686745,0.36350787,0.41185,0.44271147,0.25224045,0.3516225,0.060755,0.38627857,0.36143744,2.8010747,-0.32206473,0.0889975
541.0,4.0209236,-0.57109773,0.1465,0.30351126,0.0298,-15.345081,0.04344375,0.1055,0.49581397,0.0874,0.31469473,0.22048365,0.2630837,0.3706376,0.38994998,0.4903144,0.25872672,0.40361124,0.06610375,0.34453192,0.3562527,2.859488,-0.28452763,0.08906625
544.0,3.9872644,-0.57366467,0.16447125,0.26941124,0.03495,-15.626972,0.04630375,0.1029,0.6178783,0.09195,0.2929197,0.05164002,0.10472318,0.3537453,0.39319998,0.54507285,0.3294985,0.40368,0.07302,0.29443735,0.29413596,3.4784982,-0.18221514,0.1052225
549.0,4.5206904,-0.583572,0.16804625,0.2422275,0.0335,-15.17408,0.04781625,0.12315,0.6883758,0.0909,0.2918154,-0.0016443369,0.063400425,0.32230544,0.4102,0.5437165,0.25950626,0.408355,0.071975,0.2955747,0.25944686,4.0802584,-0.12155042,0.104975
544.0,3.7582483,-0.57556266,0.18379,0.233235,0.03185,-14.921832,0.04937,0.1167,0.82011473,0.09115,0.31269655,0.08345743,0.08980275,0.3206831,0.4232,0.48416466,0.29309055,0.402855,0.06653,0.34762472,0.24793123,2.856155,-0.03989997,0.10421875
537.0,4.2798343,-0.5978128,0.17591125,0.24922626,0.03285,-15.329111,0.0488475,0.123799995,0.7423847,0.09,0.3005525,0.06066578,0.097409695,0.2888398,0.40240002,0.51677984,0.25506502,0.36199,0.05441625,0.31881326,0.26140964,3.1039612,-0.07859298,0.1123175
541.0,4.462613,-0.59988254,0.1668225,0.23107626,0.0321,-15.079502,0.04919125,0.1211,0.7624354,0.09235,0.31858268,-0.015866568,0.058077477,0.2916442,0.4056,0.4955905,0.31386024,0.41477624,0.0677125,0.3377069,0.24934065,2.9987752,-0.06782715,0.10094625
552.0,3.8981864,-0.59531194,0.1618175,0.245775,0.033,-15.325756,0.0478575,0.12535,0.62952906,0.088,0.31169683,0.0769231,0.04691591,0.33233014,0.4062,0.47443196,0.22361815,0.37330624,0.0674925,0.35645464,0.266317,3.1067889,-0.15694906,0.09701375
553.0,4.2770543,-0.597578,0.16058,0.2603775,0.0302,-15.429227,0.04365,0.1253,0.6541428,0.084,0.3655022,0.090776,0.110971294,0.31103015,0.35425,0.46253672,0.18271334,0.30622,0.0551175,0.36748704,0.30641183,3.9062083,-0.16745667,0.0884475
556.0,4.0414157,-0.5578331,0.14639,0.26112,0.0303,-15.585644,0.0425225,0.1104,0.5745868,0.0823,0.3317625,0.15686274,0.19404374,0.348979,0.3908,0.58219534,0.2663683,0.3850075,0.05608,0.2640664,0.317944,3.3340786,-0.20914523,0.0868525
552.0,4.45304,-0.59215367,0.153595,0.2825425,0.0312,-15.68593,0.0440075,0.1097,0.5531474,0.0896,0.3226682,0.15514016,0.1840685,0.29581153,0.3116,0.48023954,0.290825,0.32129,0.0618,0.35113266,0.31295165,3.277538,-0.2253046,0.0979625
555.0,4.86007,-0.6047888,0.157665,0.2408525,0.03135,-15.244086,0.045355,0.1052,0.63828486,0.08385,0.25499287,0.061975695,0.11694349,0.28895468,0.3164,0.6478141,0.22121255,0.3203275,0.0782175,0.21372916,0.28445277,2.233099,-0.15607233,0.1178725
515.0,4.5261664,-0.562787,0.184175,0.2751725,0.0345,-14.405504,0.0511575,0.1293,0.6931364,0.09975,0.31738576,-0.021649694,0.09382112,0.28841868,0.3276,0.4872162,0.19057892,0.3637225,0.0603975,0.34479436,0.26083067,3.4203029,-0.119925916,0.09326
518.0,4.58129,-0.5620472,0.1604975,0.2776475,0.0323,-15.073816,0.0493425,0.12785,0.5743155,0.09245,0.30036718,0.069166325,0.17699128,0.25985008,0.32099998,0.60579824,0.1984876,0.2872725,0.05476,0.24548647,0.2443639,3.927278,-0.20281638,0.095955
531.0,4.380987,-0.5615707,0.1807375,0.1812875,0.0388,-19.10455,0.060865,0.1502,0.95465827,0.1287,0.21198311,-0.21981004,-0.094153166,0.21852238,0.259,0.76770157,0.03843088,0.3302825,0.0822325,0.1314127,0.11193391,4.2164454,0.09499081,0.1212
533.0,4.6322,-0.5292296,0.17514125,0.18856125,0.0393,-17.376213,0.0591875,0.12805,0.89648044,0.123,0.22844581,-0.2057646,-0.009323432,0.24786958,0.3067,0.69370484,0.16512252,0.33625,0.0831125,0.18084328,0.14630577,2.8716419,0.055623475,0.11108
532.0,4.6348724,-0.514603,0.1690225,0.19336,0.0396,-18.060226,0.055805,0.1128,0.86513823,0.1195,0.24372157,-0.19947849,0.00804886,0.2923463,0.3076,0.69509864,0.1978193,0.3442525,0.082975,0.17987236,0.14049114,2.8250353,0.03186422,0.1146
547.0,4.076628,-0.49252456,0.2334275,0.2157175,0.0484,-17.021519,0.061855,0.1267,1.0100116,0.1299,0.20627137,-0.13977043,-0.09367683,0.15165167,0.24,0.759989,0.047390748,0.23626,0.0745875,0.13637075,0.15147857,3.702953,0.106700644,0.1181475
552.0,4.523229,-0.5664805,0.18544,0.18776375,0.04175,-16.892237,0.056135,0.1144,0.9954542,0.11555,0.22047698,-0.18385464,-0.09769817,0.2140158,0.2654,0.64279175,0.0849301,0.2594425,0.0734875,0.21743976,0.13976161,4.035558,0.06496951,0.12802
530.0,4.2130814,-0.58246607,0.2070275,0.2129675,0.0449,-15.611473,0.0559425,0.1524,0.9734786,0.1205,0.27311713,-0.117384836,-0.027947616,0.2570641,0.3367,0.6734756,0.18163444,0.37673,0.0779975,0.19664603,0.18964657,2.96665,0.057426024,0.12000375
627.0,3.7773225,-0.4704543,0.1669875,0.1774375,0.04605,-19.418873,0.06305125,0.152,0.9725578,0.1321,0.18337266,-0.24077141,-0.08914876,0.094699234,0.165,0.8308757,-0.031425353,0.1871725,0.08254875,0.09238644,0.07980659,3.2372396,0.110160366,0.1072025
631.0,3.7725527,-0.47998598,0.15464,0.15728,0.04125,-17.328648,0.0575925,0.14775,1.0078042,0.1245,0.1626795,-0.2656911,-0.099644326,0.17350954,0.3046,0.88617885,0.09454471,0.27658874,0.1408625,0.06162511,0.072162114,3.4365273,0.13527425,0.1680875
631.0,3.7468343,-0.47323126,0.15949374,0.1695725,0.0412,-18.862347,0.0643025,0.14895,0.9476299,0.12345,0.23228794,-0.26276362,-0.092755,0.16748263,0.2257,0.77460897,0.06891862,0.22961874,0.07578375,0.1274068,0.06855267,3.4493701,0.10184327,0.11277125
629.0,3.913207,-0.4768682,0.1657225,0.1823875,0.0407,-19.10254,0.059105,0.1548,0.9086286,0.1252,0.21434698,-0.25892302,-0.09146598,0.120927565,0.21869999,0.7004947,-0.027084902,0.399225,0.14122,0.17612833,0.08386275,3.604483,0.07966864,0.18093
632.0,3.7801418,-0.48272556,0.16001625,0.16047,0.0404,-18.98517,0.0569325,0.148,1.0152044,0.1234,0.18341124,-0.2485017,-0.111270405,0.14847939,0.21515,0.79084086,0.0033260148,0.4754275,0.2812775,0.11679381,0.07586131,3.3452969,0.13806237,0.2594425
583.0,3.6099775,-0.3876543,0.1087425,0.11504,0.0408,-19.515587,0.047665,0.1205,0.9324279,0.1146,0.21827717,-0.27601808,-0.047150474,0.11376056,0.1875,0.73991024,-0.017703127,0.3214275,0.0845425,0.14948457,0.026907498,3.12296,0.14131771,0.119715
586.0,4.2222967,-0.4483718,0.13132,0.1650075,0.03655,-17.007689,0.04789875,0.1552,0.8754938,0.1121,0.10834827,-0.20775291,-0.008683692,0.13843924,0.2192,0.88130707,0.034397256,0.195395,0.072965,0.06309066,0.12333679,2.7877338,0.07344604,0.14221
602.0,3.6605341,-0.3707304,0.12525626,0.15453,0.03775,-17.931593,0.05306875,0.1234,0.82977045,0.11525,0.12875727,-0.2548176,-0.02741555,0.17452095,0.2488,0.7078388,0.08812595,0.216295,0.07361125,0.1806443,0.056498226,2.7030087,0.083053,0.11123125
591.0,3.9780192,-0.42829102,0.158435,0.1875575,0.0421,-18.973755,0.05663,0.12955001,0.86024004,0.1272,0.07105269,-0.18666326,-0.04102656,0.18903336,0.23615,0.9988836,0.09843132,0.1724325,0.0662,0.00055850117,0.095334135,2.446258,0.076153316,0.1493875
598.0,3.7481058,-0.40229368,0.1196325,0.13831875,0.03795,-19.906628,0.0519,0.1252,0.851872,0.12535,0.08627161,-0.283739,-0.062982455,0.16428566,0.2181,0.7714362,0.08822066,0.256445,0.1239225,0.13067478,0.05267527,2.7145138,0.10354087,0.159975
598.0,4.006436,-0.39555553,0.12956,0.1536775,0.0404,-18.033215,0.052615,0.14570001,0.85700583,0.1217,0.09565217,-0.2689139,-0.025137486,0.16002734,0.22805,0.8842105,0.0153092025,0.16245,0.0663925,0.061452515,0.046153836,2.962087,0.09178851,0.11856
601.0,3.835487,-0.39959198,0.1376725,0.1586825,0.0408,-18.381687,0.0534675,0.13685,0.8632647,0.12425,0.10891964,-0.23503567,-0.024587793,0.13755287,0.1979,0.82918334,0.05467256,0.166465,0.06741,0.093384124,0.05017188,3.0373237,0.08843529,0.110915
601.0,3.7548754,-0.3995859,0.135885,0.1523025,0.0401,-18.581347,0.05124,0.1387,0.8825324,0.1234,0.107279584,-0.2599034,-0.043513313,0.1403509,0.1772,0.90533274,-0.037731525,0.1641275,0.065595,0.04968542,0.07345067,2.9564934,0.102825046,0.1197975
603.0,3.7428153,-0.3979237,0.1337675,0.155025,0.04105,-19.254469,0.05311,0.1253,0.90482354,0.1283,0.12591466,-0.27263707,-0.05161392,0.056284435,0.1417,0.8230481,-0.035583764,0.1888225,0.0750275,0.09706376,0.04121116,3.0981898,0.09792765,0.12065
606.0,3.836493,-0.38580394,0.1336025,0.1535675,0.04,-18.70669,0.05344,0.12665,0.9114075,0.1244,0.10879918,-0.28091168,-0.03376206,0.058181845,0.1446,0.8753036,-0.03173508,0.1729,0.0706275,0.06649396,0.045528468,3.4153636,0.1035617,0.12164
605.0,3.858502,-0.38469493,0.1201825,0.15068,0.0394,-19.377813,0.0512125,0.12955001,0.87543356,0.1235,0.10651408,-0.28362012,-0.029490614,0.048660766,0.13440001,0.84448063,-0.034400627,0.167455,0.06895,0.08431609,0.03545051,3.1080449,0.10114581,0.1141875
604.0,3.8161745,-0.39189947,0.1264525,0.1541725,0.0414,-21.150778,0.05135,0.12745,0.90304923,0.1251,0.099426925,-0.27598652,-0.045353454,0.04472939,0.1259,0.85444015,-0.043944117,0.16531,0.0678225,0.07849262,0.029358555,3.3969958,0.10765391,0.1157
603.0,3.8153114,-0.38372177,0.11967375,0.15189,0.04005,-21.087881,0.05081375,0.1233,0.85762215,0.12535,0.103334114,-0.27435136,-0.026437815,0.05720081,0.1311,0.8342702,-0.043478247,0.16278,0.067355,0.09035191,0.045565248,3.2997289,0.09239077,0.110365
604.0,3.8324103,-0.39632025,0.118175,0.133685,0.0393,-20.443499,0.0496175,0.12685001,0.89426637,0.1181,0.1056178,-0.27952522,-0.04603173,0.053958878,0.12755,0.82240015,-0.05499753,0.14133,0.0537975,0.09891273,0.03616414,2.9891496,0.098580144,0.09514375
607.0,3.7654214,-0.38461536,0.1127575,0.1322825,0.0371,-20.005062,0.04827,0.1191,0.8727474,0.1167,0.12405743,-0.28926793,-0.03275799,0.062137503,0.131,0.75549763,-0.028064972,0.3084475,0.1280475,0.14169168,0.042219568,3.087446,0.09626454,0.16961375
605.0,3.872748,-0.38959286,0.120265,0.14672,0.0394,-21.273401,0.0502225,0.1142,0.8950194,0.12035,0.10787166,-0.2787206,-0.02783769,0.060960848,0.1289,0.8547815,-0.039043833,0.15926,0.0657875,0.078294136,0.042583775,3.0174518,0.10231806,0.1096225
607.0,3.8812532,-0.3935484,0.1172675,0.139515,0.0402,-21.707,0.0517625,0.128,0.87287503,0.1248,0.10368447,-0.286052,-0.032455117,0.05544147,0.1252,0.86160827,-0.050724633,0.16036,0.0663925,0.07433988,0.042620625,3.0485203,0.10198465,0.1122075
621.0,4.7208476,-0.62509125,0.170865,0.34252,0.0289,-12.724574,0.0457125,0.0998,0.49916655,0.08585,0.3942189,0.23929708,0.29108557,0.40212548,0.484,0.46268815,0.32149965,0.3846775,0.0529725,0.36734545,0.40424404,3.5540574,-0.29099545,0.0766775
620.0,4.674844,-0.64291567,0.17849626,0.36164626,0.0314,-14.870082,0.04699125,0.0786,0.49826065,0.0903,0.41159162,0.2631579,0.2780807,0.39349517,0.3581,0.4338202,0.31896868,0.4229575,0.0554475,0.39487505,0.41269842,2.7758331,-0.27904677,0.076485
636.0,4.2923737,-0.62376314,0.17026,0.3412825,0.0317,-13.749236,0.04519,0.15,0.4779863,0.09425,0.40543962,0.25689852,0.29432696,0.29879922,0.4628,0.4615891,0.27697986,0.40808,0.0526975,0.36837366,0.39132386,2.5227668,-0.29127365,0.07632
634.0,5.0664115,-0.63996625,0.171855,0.32771125,0.0324,-14.274179,0.04663375,0.0909,0.49282992,0.0857,0.41625947,0.23410405,0.3033839,0.41257298,0.42,0.42192525,0.31655705,0.4113525,0.051295,0.4065437,0.40894902,4.04653,-0.28315148,0.0728275
633.0,4.3186135,-0.630311,0.1712225,0.333225,0.0292,-14.577122,0.045245,0.091749996,0.5138345,0.087,0.4124523,0.17180617,0.2765693,0.42422077,0.44414997,0.45647594,0.32181796,0.40115,0.0522025,0.3731775,0.3822576,3.3541718,-0.26238444,0.0720025
629.0,4.0298443,-0.6313402,0.1807925,0.378765,0.0299,-14.182288,0.0490125,0.0997,0.4930727,0.0855,0.45922425,0.2631579,0.29091462,0.4127144,0.4803,0.4099513,0.3112925,0.4490275,0.0541825,0.4184887,0.40826246,3.4579966,-0.2815823,0.07874
642.0,3.5381804,-0.5668165,0.17412375,0.3291825,0.0374,-14.043011,0.04935625,0.0889,0.5271852,0.0977,0.45071873,0.26358145,0.30074388,0.4150534,0.39875,0.43713725,0.3397713,0.45802,0.0515975,0.39165553,0.38528895,3.3174138,-0.26879197,0.07258
634.0,4.4069333,-0.63162243,0.174275,0.36408,0.0306,-14.080282,0.0481875,0.1007,0.4886426,0.0863,0.40846503,0.25593755,0.30123428,0.41028857,0.4682,0.41768894,0.310649,0.3634475,0.04938375,0.41075906,0.40483192,3.870309,-0.2835168,0.0673
651.0,4.3788247,-0.63652027,0.17470124,0.343455,0.0305,-14.831556,0.04476375,0.08984999,0.5100992,0.0908,0.36754102,0.19714287,0.25136304,0.40455064,0.40710002,0.4440943,0.33323008,0.33524624,0.04641375,0.3850149,0.36482936,3.1192048,-0.28446174,0.06745125
631.0,3.9536672,-0.60145384,0.17741,0.3653175,0.03215,-15.194012,0.0473075,0.0916,0.49210617,0.08845,0.41700447,0.27768084,0.3002128,0.40907586,0.4436,0.4213455,0.32417414,0.4342325,0.056025,0.4071487,0.38465777,3.4524515,-0.2991933,0.076595
647.0,3.6464748,-0.5959082,0.18016,0.3640525,0.03505,-13.832484,0.05333,0.0889,0.49487367,0.09875,0.39657265,0.20053785,0.2571365,0.39994696,0.4611,0.42465326,0.35585368,0.3999675,0.0541,0.40385038,0.33993444,3.6291924,-0.2902637,0.0720025
636.0,3.832551,-0.6050633,0.18566,0.3568475,0.0327,-14.459648,0.05157,0.1042,0.56879175,0.0912,0.43521354,0.25017717,0.295497,0.40910625,0.4645,0.4156185,0.32218802,0.4693225,0.0577025,0.41281,0.36687028,3.2134364,-0.23226035,0.07786
644.0,3.8446066,-0.6122636,0.1827175,0.351595,0.0317,-14.359231,0.0548975,0.1043,0.5055248,0.09325,0.40777335,0.27121824,0.28352183,0.4132208,0.4916,0.41802147,0.32870126,0.43118,0.0548975,0.4104159,0.40080288,3.3403933,-0.28144747,0.075825
644.0,4.296436,-0.64748806,0.17807,0.35341,0.02815,-14.061623,0.05058,0.0913,0.506508,0.09005,0.4034962,0.25184578,0.30334935,0.40072203,0.4172,0.44495013,0.32318425,0.4252125,0.0547875,0.38413084,0.40397844,3.0508125,-0.26883137,0.0798125
668.0,4.11368,-0.6373673,0.1794175,0.34393626,0.0332,-14.067654,0.05036,0.09545,0.536176,0.0866,0.395148,0.2601432,0.26649892,0.40063715,0.4221,0.44584653,0.318212,0.38861,0.05201,0.38327268,0.37868318,3.8424213,-0.2636098,0.07423
653.0,3.637442,-0.6185971,0.18709,0.3499175,0.0381,-14.921184,0.0536325,0.0968,0.52026045,0.09945,0.3832171,0.26997215,0.25010794,0.41054192,0.4504,0.45383498,0.34010726,0.43666625,0.06261125,0.37567374,0.3573726,3.1174302,-0.256618,0.08216375
647.0,4.2552423,-0.6340355,0.172845,0.338505,0.0311,-14.578107,0.0460975,0.0986,0.4950212,0.0874,0.39147794,0.26159558,0.2637236,0.4100688,0.4518,0.4512213,0.3238597,0.44420126,0.050635,0.37815383,0.38985506,4.183632,-0.28986216,0.07966125
663.0,4.148219,-0.6208766,0.17158,0.3256075,0.0295,-13.804933,0.0461525,0.09325,0.5167402,0.09105,0.4102153,0.21880603,0.24837321,0.42052954,0.4484,0.43458572,0.32998827,0.4280725,0.05256,0.3941307,0.3996352,3.9869518,-0.2581889,0.0742025
663.0,4.2370605,-0.6360109,0.1774925,0.32691374,0.02905,-15.196126,0.04800875,0.0925,0.5583252,0.0856,0.42037305,0.3021692,0.28725353,0.41976485,0.4432,0.4342605,0.34390602,0.4262575,0.05443,0.39444685,0.3907189,3.4419951,-0.23830692,0.077035
666.0,4.3769097,-0.6261643,0.1878325,0.305945,0.03185,-13.332187,0.0495625,0.11295,0.61766493,0.09315,0.36674777,0.14828338,0.15351732,0.36322477,0.40135,0.47143593,0.23108926,0.34896874,0.05911875,0.36414796,0.32238862,4.439083,-0.2011428,0.0902625
663.0,4.777313,-0.56121594,0.16377,0.2729725,0.0344,-14.396955,0.051625,0.0977,0.5806502,0.0973,0.32621384,0.012912557,0.2202335,0.34239617,0.37485,0.53089964,0.31442398,0.3578925,0.0704075,0.30642137,0.26605392,4.2950883,-0.19011143,0.0965325
679.0,4.1175017,-0.60984063,0.1900325,0.34558624,0.0339,-14.446606,0.0496175,0.104049996,0.5442034,0.1035,0.31341785,0.2019347,0.2034127,0.40856755,0.48035002,0.5483923,0.3305124,0.31007,0.06136,0.29166234,0.34912282,3.2724338,-0.2549001,0.091225
655.0,4.6338687,-0.5706352,0.177025,0.2665375,0.0357,-13.851046,0.05015375,0.09565,0.62663305,0.10555,0.38170934,-0.040668603,0.10263997,0.35463974,0.36135,0.4334736,0.27635902,0.4162475,0.04915,0.39521232,0.22538,4.675525,-0.14964561,0.0759075
671.0,4.125998,-0.5059322,0.176145,0.2460775,0.0416,-15.753936,0.05718,0.10025,0.71687657,0.1139,0.32181266,-0.109195426,0.055289764,0.31187204,0.32840002,0.49605477,0.26222315,0.28142875,0.05122625,0.33804712,0.19441609,4.043691,-0.07093698,0.07924875
687.0,3.6926281,-0.46886402,0.1400925,0.19413,0.0405,-15.543375,0.0553375,0.0992,0.68844146,0.1092,0.37849143,-0.011691277,0.16104408,0.32085362,0.3496,0.4195942,0.29266036,0.2818825,0.0553925,0.40885332,0.1939158,3.8119576,-0.06445453,0.08314
644.0,4.425039,-0.50331897,0.1685,0.360395,0.0455,-12.241391,0.0504975,0.07265,0.45715806,0.1011,0.38700876,0.108808264,0.28535354,0.3506223,0.3978,0.3596577,0.37648022,0.44394,0.0575925,0.47095847,0.30597013,3.4209557,-0.30406538,0.066255
641.0,4.264647,-0.6309707,0.192535,0.37255,0.031,-14.225099,0.0508825,0.0953,0.47923484,0.0898,0.4163234,0.3071161,0.27304593,0.41006014,0.4676,0.41734055,0.3350597,0.44909626,0.0535775,0.4110938,0.3976365,3.4192147,-0.29830354,0.07317125
517.0,4.3518167,-0.548725,0.23208,0.3338025,0.0536,-13.925369,0.06709375,0.1774,0.6591648,0.146,0.33087292,-0.028643038,0.09961198,0.22292152,0.38349998,0.5409435,0.1512537,0.4609625,0.07581125,0.30044454,0.2311656,3.276941,-0.1217559,0.1299725
520.0,4.44368,-0.5595426,0.23627375,0.31382376,0.05055,-15.321971,0.0647975,0.1465,0.69319123,0.1418,0.28729266,-0.03470259,0.09059774,0.3002124,0.39605,0.6482205,0.22053084,0.35319,0.0776125,0.21342987,0.23451689,3.2976568,-0.095535375,0.14133
518.0,4.3312454,-0.5339233,0.2405225,0.3229125,0.0566,-14.495708,0.07148,0.1637,0.73717684,0.1543,0.28462735,-0.035623398,0.084790066,0.29576254,0.334,0.6381506,0.2285824,0.37072125,0.07715875,0.22405007,0.21915124,3.326989,-0.07370807,0.1337125
525.0,4.3283353,-0.53618133,0.20841625,0.33505374,0.05,-14.049475,0.064055,0.1368,0.6089422,0.1444,0.2947907,-0.0027855106,0.12390048,0.2533753,0.3784,0.59497046,0.22845636,0.37391126,0.07687,0.253984,0.23880596,3.196957,-0.15674306,0.11433875
520.0,4.029414,-0.5317425,0.20841625,0.32966375,0.05105,-15.029076,0.0618275,0.1679,0.6303804,0.1437,0.2640813,-0.0029156175,0.10357541,0.24694592,0.3749,0.66965294,0.13485697,0.3559675,0.07603125,0.19810829,0.22276023,3.1093447,-0.15178023,0.14068376
518.0,4.8312674,-0.58034974,0.23307,0.3086675,0.052,-15.777029,0.0622675,0.164,0.74567574,0.1459,0.32966068,-0.06716416,0.07587768,0.25272125,0.3584,0.5538543,0.14524086,0.48253626,0.0776125,0.28747255,0.22868295,3.1470842,-0.07245392,0.13554125
514.0,4.087104,-0.5562722,0.22185,0.251055,0.0514,-15.084349,0.0622125,0.14275,0.8552459,0.1329,0.32317644,-0.11428608,-0.029343758,0.25896126,0.37115,0.51305103,0.21076733,0.4196025,0.0749175,0.32183248,0.15388733,2.9382114,-0.0020279423,0.1101175
517.0,4.040683,-0.5769638,0.2255075,0.2373875,0.04845,-15.381813,0.06129125,0.1523,0.9274155,0.12735,0.3238183,-0.11229658,-0.063017964,0.2832447,0.4056,0.52042353,0.18862109,0.434425,0.07456,0.31542292,0.14232531,3.2124732,0.032879665,0.11548
522.0,4.285104,-0.57315594,0.2252325,0.234555,0.0496,-16.63082,0.0654575,0.16005,0.96025455,0.1347,0.2643407,-0.14447594,-0.07569724,0.24402809,0.3608,0.6633926,0.17569406,0.39681876,0.08175125,0.2078041,0.13478425,2.9948766,0.052814323,0.14742126
525.0,4.0549183,-0.5780673,0.226855,0.2294125,0.05135,-14.644269,0.0639725,0.17095,0.9840483,0.13585,0.26879597,-0.10763305,-0.061111424,0.22790264,0.34680003,0.6696384,0.15892042,0.37886125,0.08098125,0.20313758,0.1502145,3.1575112,0.060329597,0.14453375
519.0,4.050616,-0.5628638,0.22504,0.2498175,0.0502,-15.063914,0.0644125,0.1682,0.8783848,0.1363,0.29662317,-0.11830636,-0.04868609,0.23441856,0.3556,0.56268334,0.1461315,0.4115725,0.0767875,0.2798498,0.1420266,3.3323514,0.0168878,0.1256275
514.0,4.016323,-0.5527971,0.2250125,0.2437675,0.05205,-15.324488,0.0627625,0.1398,0.8874132,0.1348,0.2929725,-0.103494436,-0.039205413,0.21608041,0.3252,0.6015539,0.15087718,0.4018925,0.079565,0.2487872,0.15145914,3.0975432,0.009803883,0.1322
522.0,4.208321,-0.52507937,0.218825,0.3359475,0.053,-13.630543,0.064715,0.15615,0.6492345,0.1476,0.2595844,0.013192639,0.14428218,0.26660502,0.36065,0.67493427,0.17374083,0.355005,0.078465,0.19451289,0.2331944,3.0528278,-0.13979328,0.14665125
518.0,4.15415,-0.584144,0.2692875,0.27564,0.05575,-15.525363,0.06653,0.20594999,1.0336342,0.14425,0.24494533,-0.08960945,-0.061447904,0.16206996,0.2841,0.8128725,0.011903011,0.34371626,0.08224625,0.11354705,0.19342263,3.638421,0.07134963,0.17184125
511.0,4.1050477,-0.59992445,0.281415,0.26926,0.06055,-17.059862,0.0683175,0.1929,1.1057899,0.1531,0.23204188,-0.10023195,-0.10755529,0.16661961,0.2697,0.8401062,-0.025417719,0.35735625,0.0836075,0.09958112,0.17160557,3.6810575,0.1024877,0.17745125
521.0,4.21003,-0.5371695,0.205295,0.29192,0.0479,-16.167234,0.06026,0.1853,0.699475,0.1249,0.25515434,-0.008978702,0.09833281,0.18674566,0.3245,0.75990254,0.061671842,0.3549225,0.08677,0.13666323,0.203505,2.9340231,-0.10188275,0.156565
515.0,4.231109,-0.5583731,0.20464875,0.28629625,0.0455,-15.401621,0.0606175,0.18024999,0.7099604,0.1262,0.2566855,-0.019804852,0.07926359,0.19518274,0.3168,0.7238247,0.07767794,0.3663625,0.0804175,0.16021077,0.20270331,3.1843488,-0.09597122,0.153815
511.0,3.7575436,-0.5671476,0.2216025,0.27870625,0.0502,-16.036448,0.064165,0.1753,0.7963599,0.1347,0.2592994,-0.054637846,-0.02638408,0.2194197,0.3256,0.80477095,0.0885499,0.320245,0.08105,0.10817385,0.20362447,2.6415606,-0.04170554,0.1520825
511.0,3.8256485,-0.56878966,0.231365,0.295165,0.0488,-14.943865,0.067245,0.1842,0.792909,0.1333,0.24477755,-0.011764672,0.02294831,0.22048242,0.3184,0.82409096,0.086848624,0.30985,0.0788775,0.0965918,0.2157274,3.183614,-0.05032295,0.1549975
511.0,3.5842676,-0.5399984,0.21661125,0.2971725,0.0474,-14.980378,0.06706625,0.15439999,0.7353022,0.12725,0.25879702,0.041891824,0.07012806,0.26782426,0.40615,0.7832387,0.19333363,0.32080874,0.0817375,0.122184984,0.21997377,2.7426958,-0.08358079,0.1476825
513.0,3.6325045,-0.5300137,0.2124725,0.28450876,0.052,-16.03985,0.066255,0.171,0.784969,0.1343,0.26652536,-0.014262563,0.035542116,0.23575416,0.3413,0.7677652,0.14242218,0.3336925,0.086,0.13137195,0.20109817,3.2300384,-0.044960946,0.1518625
514.0,3.745721,-0.5546137,0.206175,0.28785,0.0429,-14.8318615,0.059765,0.1601,0.70638895,0.1215,0.29234362,0.0417619,0.07738593,0.26557183,0.40179998,0.7055334,0.17894216,0.3413375,0.080775,0.17265369,0.22400269,3.1446836,-0.09895262,0.1328875
512.0,3.8484614,-0.5545677,0.2085675,0.2980525,0.04565,-15.121813,0.06376625,0.16475001,0.7032003,0.1217,0.2624003,0.019977158,0.066777244,0.26380983,0.36540002,0.7501181,0.16937146,0.32179874,0.0781075,0.14302444,0.21503489,3.1928642,-0.106353715,0.14067
511.0,3.9092276,-0.56221515,0.2141775,0.2554,0.04655,-16.043337,0.0607275,0.1716,0.8261681,0.1288,0.3152368,-0.045582443,-0.0062262104,0.22199026,0.329,0.59570783,0.11227774,0.3939725,0.082425,0.2533623,0.18004511,2.9541144,-0.030435696,0.12219
512.0,3.9967737,-0.53713936,0.19488625,0.26663375,0.0454,-14.319224,0.06081,0.16605,0.731385,0.129,0.3135894,-0.017543884,0.10078532,0.23255455,0.3204,0.5820683,0.11877625,0.3743375,0.0797575,0.2641679,0.206747,3.0688584,-0.07923315,0.1138575
519.0,4.205197,-0.5397261,0.1899225,0.2729725,0.046,-13.993304,0.0558875,0.1566,0.667923,0.1245,0.3180708,0.021447735,0.13028707,0.26357865,0.3732,0.56409144,0.16279794,0.40014625,0.0805,0.28574485,0.23047347,3.0132604,-0.12314734,0.11024125
520.0,3.9789968,-0.55423486,0.19677,0.26190376,0.0411,-15.817671,0.063725,0.1726,0.7556191,0.11445,0.29971614,-0.014411372,0.062405135,0.22618246,0.3297,0.6231139,0.093169756,0.3822575,0.0826175,0.23901762,0.21231174,3.5921192,-0.06367055,0.11923375
519.0,3.8628492,-0.56997705,0.19897,0.2687375,0.0422,-15.279201,0.0661175,0.1883,0.7416051,0.1118,0.30844247,0.025316471,0.08089263,0.21328598,0.3112,0.6143566,0.03457446,0.39426124,0.07982625,0.24774273,0.21523578,3.38159,-0.072277494,0.11879375
518.0,4.116902,-0.5268698,0.197485,0.2820475,0.04545,-14.450285,0.058665,0.1749,0.66625303,0.11685,0.3122178,0.051965583,0.15562533,0.22898696,0.3145,0.5967657,0.00032457543,0.4165775,0.0803075,0.26254877,0.24503358,3.2718737,-0.12768008,0.11917875
513.0,4.087305,-0.5842481,0.21072625,0.2604875,0.04695,-15.786148,0.0590225,0.1866,0.8186918,0.12625,0.35248843,-0.020985743,0.031138413,0.21184993,0.31809998,0.47475836,0.011847572,0.46451,0.0872925,0.35615438,0.20125768,3.2744007,-0.03711376,0.10558
515.0,3.9128864,-0.53911465,0.22593375,0.251715,0.0536,-17.014793,0.0671075,0.2378,0.88248014,0.1412,0.24518242,-0.090395495,-0.022556417,0.17970398,0.3508,0.8442271,-0.016678315,0.357315,0.09304,0.08446515,0.15232691,3.1494215,0.015423863,0.1939375
513.0,3.7851539,-0.5628336,0.24011,0.25618374,0.051,-18.093634,0.0695825,0.2428,0.9343677,0.1373,0.21408619,-0.09828571,-0.076833986,0.16521034,0.30650002,0.93655753,-0.09399042,0.3419975,0.09601,0.03309528,0.14623217,3.0628407,0.032761373,0.20319125
508.0,4.3545127,-0.56973165,0.207055,0.2787475,0.0472,-15.077842,0.059325,0.18169999,0.75848144,0.12805,0.24247102,-0.011101982,0.057020582,0.19652933,0.3255,0.7203933,0.10339611,0.35077,0.0889425,0.16615811,0.18430553,2.9361937,-0.05576994,0.15473625
497.0,4.3723464,-0.56378603,0.191985,0.26281124,0.0402,-15.228594,0.05674,0.1417,0.73823917,0.1202,0.29662862,-0.049936015,0.06472434,0.2775892,0.40895,0.6056981,0.2113534,0.39098874,0.0674375,0.2550041,0.2171852,2.7851214,-0.07121816,0.1235925
497.0,4.4455614,-0.5546407,0.2048825,0.26431,0.0424,-15.670132,0.06103,0.14675,0.7790172,0.1227,0.29327235,-0.04335258,0.08255282,0.2603188,0.3976,0.6206137,0.14676899,0.3880325,0.0696925,0.24389818,0.20440708,3.0449672,-0.042334978,0.124335
499.0,4.1321445,-0.52857083,0.20502,0.2674725,0.048,-16.1459,0.0644125,0.1502,0.75592583,0.1293,0.26400563,-0.045437396,0.09448695,0.21948135,0.3573,0.5938159,0.22699058,0.3330325,0.0787675,0.25485006,0.20456235,2.8369234,-0.04836337,0.11515
499.0,4.2666516,-0.54267716,0.2096675,0.286365,0.04375,-16.059103,0.0648525,0.1607,0.7224591,0.1246,0.28573737,-0.00947725,0.12475711,0.2683689,0.2847,0.57971555,0.22046831,0.3602025,0.0794825,0.2660507,0.19541147,2.994341,-0.07580658,0.1160025
497.0,4.4000773,-0.5574809,0.18687,0.2538875,0.04,-16.540573,0.05641,0.1412,0.74773276,0.1154,0.26627588,-0.014836825,0.10107906,0.23470238,0.2721,0.64128214,0.12986216,0.3512925,0.060645,0.2235965,0.22215746,2.8273664,-0.06928106,0.12731875
497.0,4.3435173,-0.5572409,0.209035,0.2509175,0.043,-16.84945,0.0588025,0.1471,0.81666666,0.1172,0.26989767,-0.042962972,0.08044445,0.26373264,0.39425,0.66882354,0.19505778,0.34137875,0.06455,0.20128168,0.21505098,2.7176783,-0.025369126,0.1282675
490.0,4.509777,-0.5568005,0.2069725,0.3118025,0.0486,-14.668859,0.06235,0.1523,0.7304031,0.1336,0.2543383,-0.00867411,0.12292471,0.2551947,0.3971,0.6203281,0.13858505,0.37244,0.08193,0.23431791,0.21120888,3.326897,-0.07646419,0.1373425
492.0,4.292819,-0.5486264,0.20792125,0.3083925,0.0492,-14.671855,0.06305125,0.15715,0.65067613,0.13,0.32290232,0.06037616,0.17272124,0.26399016,0.41149998,0.5290569,0.19962339,0.2225375,0.0341075,0.3079958,0.23593707,3.0784495,-0.12604512,0.06026
514.0,4.374954,-0.5962289,0.24617375,0.24540375,0.04945,-17.070108,0.06565,0.20405,0.9699711,0.1295,0.24434549,-0.14519714,-0.09217788,0.20655812,0.32355,0.69278073,0.0020042828,0.393945,0.0880625,0.18148793,0.16764164,3.1183329,0.055195037,0.16333
511.0,4.431148,-0.5765616,0.2345825,0.2450325,0.0469,-16.791216,0.06758875,0.1557,0.9369661,0.1322,0.2916187,-0.14049588,-0.072894834,0.25812784,0.3427,0.6115032,0.13903812,0.42436,0.0850925,0.24107727,0.16103844,3.4655914,0.042170387,0.14232
509.0,4.694468,-0.5705603,0.2124725,0.23395,0.04465,-16.574814,0.0623225,0.1415,0.84679693,0.1259,0.25907943,-0.135732,-0.01846554,0.28390688,0.3344,0.54981095,0.1985663,0.3749425,0.0813525,0.29047996,0.1692682,3.331758,-0.0034446814,0.12131
346.0,2.8416276,-0.46786785,0.1444925,0.3627325,0.0504,-19.42135,0.0607825,0.0809,0.46044794,0.1089,0.2452706,0.31363633,0.35541728,0.09114415,0.1979,0.7406524,0.0892473,0.23971125,0.059985,0.20923352,0.33170903,2.1315246,-0.33073536,0.099805
344.0,2.8924103,-0.49071205,0.15349875,0.36260876,0.0451,-19.41981,0.05735875,0.0743,0.4637477,0.0999,0.32886493,0.29964748,0.36363637,0.26096702,0.3176,0.48429814,0.39783153,0.23907875,0.054375,0.36015278,0.31937173,2.0768914,-0.31487185,0.05062125
346.0,3.1504724,-0.5177906,0.180545,0.37343,0.05455,-18.265219,0.0716175,0.096149996,0.49076802,0.111,0.2486184,0.24742094,0.33152503,0.17576739,0.169,0.6366346,0.08863627,0.20242125,0.07099875,0.23352358,0.3079377,1.6229908,-0.29565614,0.06125
343.0,2.9845896,-0.48828173,0.1641275,0.3465075,0.0552,-18.47667,0.0641375,0.084,0.4738047,0.11495,0.1618435,0.22645222,0.36518905,0.2548346,0.2659,0.73117393,0.23381393,0.247755,0.1032425,0.1552854,0.29285246,2.9829073,-0.31803158,0.130825
339.0,2.8851357,-0.4275975,0.15959,0.32492,0.055,-17.599682,0.06868875,0.0786,0.47986928,0.13165,0.21389325,0.1635801,0.31173962,0.22239344,0.261,0.6732721,0.0670325,0.194295,0.0842125,0.1952629,0.2727658,2.0938683,-0.26714468,0.0880075
343.0,2.755066,-0.47272035,0.1601125,0.309795,0.0528,-18.351,0.06371125,0.26585,0.4957243,0.1084,0.20205683,0.20367937,0.31942156,0.12819967,0.22165,1.1492963,-0.20649253,0.296925,0.0773925,-0.06946289,0.30010104,3.1340714,-0.25764865,0.163715
344.0,3.1873288,-0.48849207,0.1778225,0.35814,0.04555,-16.07562,0.0580325,0.091350004,0.46634215,0.11195,0.22666591,0.2419194,0.33070892,0.26898307,0.3121,0.661363,0.14839354,0.293625,0.0925725,0.20383082,0.30396768,2.1594174,-0.28346416,0.083965
340.0,3.009726,-0.43902436,0.1781525,0.360395,0.0557,-18.682615,0.06081,0.06985,0.4655532,0.1142,0.18707563,0.1313131,0.3178418,0.2557849,0.1555,0.71118295,0.11218667,0.2569125,0.1001075,0.1687821,0.25080386,1.9861131,-0.33313522,0.0746975
346.0,3.038485,-0.45091623,0.14507,0.3226375,0.05,-17.115845,0.0611125,0.16955,0.45581222,0.09265,0.29821435,0.22650474,0.31612366,0.15204425,0.17335,0.63522595,-0.09210898,0.18768124,0.07471125,0.22331022,0.30569717,2.6108155,-0.29797775,0.0666675
348.0,2.679545,-0.45025212,0.1286525,0.2961,0.05135,-18.974842,0.059435,0.0705,0.51456076,0.09025,0.19651592,0.17392518,0.22207174,0.1996067,0.1891,0.7081334,0.20572917,0.1757875,0.048655,0.17086875,0.28889707,2.163168,-0.18867932,0.0524225
346.0,2.8933141,-0.4816967,0.141055,0.333115,0.048,-17.315,0.057675,0.07485,0.46431455,0.0838,0.16751269,0.15997274,0.29753605,0.26160297,0.2385,0.9976624,0.22946429,0.21239,0.0768425,0.0011701575,0.31324202,2.1658928,-0.27624422,0.159315
347.0,2.9084802,-0.49623936,0.13957,0.3104825,0.04095,-18.21875,0.06334,0.0638,0.4905349,0.09625,0.18852176,0.22287156,0.29812044,0.18556699,0.0885,0.9902363,0.21232876,0.23483,0.08708625,0.008151194,0.30512792,1.7136374,-0.29299054,0.140285
350.0,2.6974895,-0.45481056,0.13867626,0.31272376,0.04235,-17.285973,0.05713875,0.084,0.4698383,0.0949,0.25473768,0.22861429,0.3015507,0.16951275,0.2118,0.80351466,0.23578274,0.2949725,0.084295,0.108945794,0.31514198,2.5852187,-0.30907252,0.12428
349.0,2.8353674,-0.46305156,0.14045,0.31029,0.043,-17.20675,0.06686,0.08325,0.49644783,0.1093,0.26533827,0.2246763,0.3326412,0.22004186,0.2714,0.8742063,0.23403345,0.298575,0.0871,0.0671184,0.3112355,2.6010718,-0.28164506,0.1400375
344.0,2.6380131,-0.35536626,0.14441,0.2934875,0.0545,-16.9779,0.0654575,0.0991,0.5419623,0.1302,0.25927,0.05194806,0.31105688,0.19138035,0.1758,0.51887923,0.092005596,0.24188375,0.073185,0.32264194,0.25671077,1.8247708,-0.1860385,0.05685
344.0,2.4709442,-0.30624297,0.14287,0.339605,0.06485,-17.682358,0.0675475,0.0777,0.4470228,0.1251,0.27909383,0.08435571,0.2790371,0.22610192,0.1713,0.55297184,0.11083436,0.22326624,0.070765,0.28925496,0.24921326,2.1314652,-0.30626416,0.06780875
343.0,2.725082,-0.354163,0.14029875,0.2901875,0.0686,-17.778845,0.06739625,0.121599995,0.551258,0.12435,0.293905,0.050036434,0.2917207,0.19434582,0.18110001,0.57984173,0.0650561,0.2340875,0.0623225,0.26594958,0.21784264,2.3224657,-0.21111712,0.0717825
339.0,2.867147,-0.37191746,0.12549,0.27971,0.0507,-16.717314,0.06714875,0.0832,0.53185904,0.1116,0.3092098,0.059393905,0.32706937,0.25243843,0.18900001,0.569232,0.17675093,0.223885,0.05476,0.27450883,0.22255194,2.0883694,-0.17849691,0.0655675
344.0,2.7692187,-0.40442988,0.146555,0.2844125,0.059,-18.82805,0.0650175,0.1256,0.5025682,0.1151,0.21876298,0.098765425,0.24033217,0.17516884,0.1478,1.1668764,-0.122473285,0.3147725,0.1124275,-0.07701241,0.2530864,1.893578,-0.19302893,0.2285325
345.0,2.3877199,-0.38857558,0.186595,0.2296875,0.07135,-18.883244,0.072085,0.0685,0.9932,0.1371,0.16795173,-0.028588952,0.03698508,0.21270964,0.2576,1.0837777,0.3413946,0.2461875,0.09293,-0.040204678,0.15291005,1.7587026,0.06974851,0.1812325
347.0,2.7049031,-0.4442001,0.290435,0.2646675,0.0946,-18.547235,0.08776,0.20185,1.1721469,0.1684,0.18848881,-0.116847835,-0.10672715,0.13354287,0.24105,1.1870341,-0.13877851,0.2805625,0.1257375,-0.08551951,0.14349508,2.1961737,0.14730217,0.2320525
346.0,2.8687766,-0.48457623,0.28983,0.2934325,0.09135,-17.600569,0.0995575,0.1224,1.1342046,0.2045,0.1871839,-0.030408198,0.06876277,0.17600815,0.24024999,1.16124,-0.008879896,0.3119125,0.1256,-0.0746053,0.17072201,2.1278775,0.13761699,0.2361775
347.0,2.8016207,-0.49662566,0.24924,0.2662625,0.0675,-18.207228,0.0922975,0.092199996,1.0334083,0.1301,0.1790778,0.09167993,0.23949888,0.20028967,0.2696,0.82855666,0.14704464,0.31766,0.11579625,0.13011982,0.2436137,1.7324882,0.09811645,0.18875375
350.0,2.3667314,-0.3528616,0.1425125,0.1984475,0.0692,-17.691418,0.0744775,0.0886,0.7258954,0.1365,0.13211697,0.07242849,0.24806868,0.17237088,0.2629,0.9831041,0.12979214,0.2407425,0.10042375,0.008520484,0.16886728,1.6980081,-0.02366424,0.16532375
347.0,2.692691,-0.46574643,0.3626225,0.3042675,0.1185,-20.59087,0.110585,0.1983,1.2982084,0.23345,0.1837523,-0.097718224,-0.015056726,0.1247028,0.2442,1.1916956,-0.1572652,0.32679,0.1431175,-0.08746449,0.13658473,2.0556068,0.1755605,0.2561425
351.0,2.9773893,-0.45014644,0.2914525,0.2895275,0.0789,-17.0788,0.09865,0.1924,1.1968035,0.19155,0.19236597,-0.02122456,0.14549117,0.11706996,0.206,1.1538727,-0.08035714,0.341695,0.125325,-0.07144001,0.21282022,2.1763637,0.15413797,0.2317225
352.0,2.8098166,-0.447564,0.212665,0.247315,0.0648,-18.4214,0.076485,0.1354,0.949502,0.1522,0.25660524,-0.08042486,-0.063350566,0.13676107,0.2097,0.730885,-0.1053754,0.29929,0.07814875,0.19043308,0.15378955,2.2047598,0.05808859,0.12275375
447.0,2.5834506,-0.40393627,0.1233725,0.31033126,0.0428,-18.298159,0.05502125,0.0775,0.45129722,0.1018,0.26921844,0.27596435,0.3631626,0.209967,0.2374,0.4371575,0.20040832,0.2708825,0.0611125,0.3916359,0.3189905,1.7631198,-0.24543849,0.07038
451.0,2.628627,-0.40409473,0.1361875,0.3038275,0.038,-17.312704,0.0517625,0.0807,0.474669,0.1035,0.2759461,0.29400963,0.36137408,0.16787462,0.2348,0.6328441,0.20444594,0.31506124,0.08557375,0.24000157,0.31381908,1.8363829,-0.26821536,0.108275
452.0,2.5655627,-0.34984517,0.1153975,0.24710874,0.0381,-17.722748,0.0544575,0.0912,0.45739752,0.0936,0.21668306,0.30041155,0.3589041,0.1835273,0.2026,0.48615047,0.18316099,0.1367375,0.0536875,0.34575874,0.32464355,1.8771179,-0.22460209,0.0427975
446.0,2.5754817,-0.33318326,0.1235375,0.2583425,0.04045,-17.808437,0.0531375,0.0803,0.44645056,0.1001,0.27512163,0.2767773,0.37458378,0.1918506,0.1779,0.46739104,0.20324655,0.23352376,0.0553375,0.36617014,0.30689058,1.9719975,-0.27970055,0.05705625
452.0,2.6606002,-0.4058566,0.12593,0.3163675,0.03585,-16.423132,0.056685,0.0761,0.47626448,0.09495,0.2746969,0.28245258,0.34555596,0.21915281,0.1957,0.5424258,0.22668813,0.2229225,0.060755,0.2966588,0.32850042,1.9757904,-0.29971325,0.070765
454.0,2.5650785,-0.3890698,0.1344275,0.290215,0.038,-17.064425,0.0577575,0.0802,0.4652444,0.10885,0.23317532,0.25012875,0.32025966,0.21056722,0.21,0.5545115,0.17472766,0.2159375,0.0645775,0.28657782,0.32024747,1.8406743,-0.26984856,0.072965
453.0,2.8613622,-0.4232558,0.130165,0.2702775,0.0382,-16.54862,0.0567125,0.0915,0.5072379,0.096,0.26001015,0.26919138,0.3471783,0.18009143,0.1918,0.53286016,0.11769124,0.2213,0.0614425,0.30475047,0.31272578,1.955488,-0.17789799,0.0721125
458.0,2.7749434,-0.408867,0.11592,0.2494875,0.0479,-17.236698,0.0530275,0.1115,0.46809265,0.145,0.33696532,0.17370893,0.33452597,0.21550626,0.3128,0.5056476,0.24306218,0.292305,0.0515425,0.34417915,0.28907722,2.6543615,-0.26734748,0.0694725
460.0,2.653933,-0.38929442,0.125985,0.29005,0.0433,-17.206806,0.050525,0.0999,0.45187843,0.1186,0.32439986,0.14251779,0.31835714,0.23301345,0.2762,0.55551696,0.1779315,0.27565375,0.0493425,0.3092682,0.29530203,2.3837154,-0.28980163,0.06882625
459.0,2.476564,-0.30979612,0.11427,0.2693425,0.049,-17.041546,0.0498925,0.078150004,0.42425537,0.1106,0.32592434,0.1580247,0.3038348,0.23185846,0.25010002,0.47119534,0.21429002,0.28761625,0.05328875,0.37513894,0.30380312,2.1753528,-0.30842462,0.06147
463.0,2.682395,-0.36152494,0.11119,0.2498175,0.043,-18.049171,0.05323375,0.0857,0.48198253,0.1242,0.27876228,0.18863894,0.3382999,0.20611395,0.212,0.53311986,0.20840064,0.2328775,0.05795,0.3137055,0.28248754,2.1092708,-0.25334683,0.06932125
460.0,2.3214655,-0.35360864,0.103765,0.1923975,0.0501,-19.448359,0.05938,0.1107,0.50273377,0.1123,0.2451197,0.16191286,0.18422137,0.16874687,0.2291,0.623167,0.22183885,0.24383625,0.06571875,0.2542356,0.30143166,1.8975555,-0.21536411,0.08821375
461.0,2.5103176,-0.39362872,0.129505,0.3291,0.0403,-18.126614,0.0585275,0.1093,0.4537415,0.1166,0.20188098,0.2842105,0.33523864,0.1910054,0.2408,0.85630125,0.21349001,0.22777624,0.08941,0.08046066,0.32460135,2.1772714,-0.3168595,0.1304125
463.0,2.452917,-0.35628626,0.1509825,0.3388625,0.0462,-16.885921,0.06030125,0.10245,0.46504825,0.1211,0.17188083,0.23097113,0.29182878,0.1934005,0.2252,0.754929,0.15428893,0.2019675,0.075,0.14599967,0.31282818,2.2269492,-0.28861257,0.106735
465.0,2.733316,-0.4600263,0.13809875,0.2994275,0.03675,-18.355852,0.0614975,0.17755,0.4449943,0.09745,0.2302781,0.28212193,0.28874865,0.14290103,0.21114999,0.7338418,-0.099956214,0.19755375,0.062955,0.19303773,0.32811126,1.9413401,-0.2787987,0.09313625
464.0,2.881925,-0.45017883,0.14178374,0.2943675,0.042,-18.340101,0.05317875,0.1559,0.44665745,0.1284,0.39638284,0.20526892,0.24800344,0.14134622,0.1989,0.36892512,-0.05100637,0.24198,0.042935,0.4610003,0.29324424,2.265633,-0.3072608,0.0434025
467.0,2.439164,-0.3853318,0.14343375,0.31860876,0.04815,-17.592905,0.06574625,0.122,0.4429784,0.1463,0.2546083,0.23647805,0.3172585,0.13951012,0.2468,0.39363033,-0.024141792,0.269865,0.069665,0.43510106,0.30129775,2.330587,-0.266921,0.06511375
467.0,2.3394208,-0.39959434,0.14947,0.33213875,0.0445,-17.22787,0.0621575,0.10425,0.43515372,0.1215,0.22875707,0.3243243,0.3046568,0.21080707,0.2223,0.67592645,0.18573716,0.182855,0.07995,0.20099442,0.30789572,2.0678287,-0.27616525,0.0796475
166.0,3.3812923,-0.58196974,0.39147,0.2755025,0.094,-21.93995,0.105415,0.19855,1.3953164,0.2214,0.2606685,-0.18200694,-0.240095,0.26578605,0.3384,0.9905176,-0.036785815,0.33317,0.0981275,0.004763786,0.15485506,2.8097825,0.21247673,0.19402
163.0,2.8472586,-0.48476696,0.3569025,0.296045,0.1058,-17.812538,0.12973875,0.2201,1.212817,0.24095,0.20343678,-0.1552394,-0.15720667,0.19095755,0.3772,1.0010289,0.064895496,0.35020626,0.122795,0.014576093,0.036843248,3.9556737,0.16994841,0.25645876
167.0,2.728244,-0.49373978,0.3820925,0.29924875,0.1166,-18.19765,0.1357475,0.198,1.2989326,0.27455,0.18098667,-0.17201474,-0.2152713,0.15952305,0.3468,0.772599,-0.036007915,0.327725,0.08963,0.12828678,0.05778651,2.4494638,0.19914007,0.155245
173.0,3.168807,-0.5156716,0.34549,0.2810025,0.0876,-16.88123,0.1107775,0.15735,1.2552183,0.2318,0.3767987,-0.17556068,-0.1725695,0.3026769,0.4706,0.5396245,0.23198724,0.485575,0.07902875,0.29928192,0.1721252,3.033638,0.19275083,0.12621875
174.0,3.0642252,-0.51138085,0.41455626,0.3094925,0.1126,-17.392761,0.13419375,0.35355,1.3452307,0.2654,0.11929244,-0.20060334,-0.21353588,0.11783678,0.37800002,1.1640525,-0.119624205,0.34241,0.0899325,-0.07580802,0.048535205,2.7488897,0.20907328,0.1816725
171.0,3.6709085,-0.5761974,0.405275,0.31759125,0.0972,-21.076284,0.11059875,0.19385,1.2821498,0.2397,0.21239312,-0.19482496,-0.20143399,0.21396804,0.3338,1.1038672,-0.052728385,0.32567626,0.115095,-0.036956277,0.10554873,3.247609,0.1817237,0.23610875
170.0,2.4278972,-0.3921816,0.38355,0.29841,0.1357,-21.131702,0.1553825,0.2169,1.2881615,0.31625,0.24185075,-0.17986117,-0.15515521,0.19967954,0.4284,0.9022247,0.17847297,0.34610876,0.11007625,0.07768499,0.027298765,2.3443348,0.2055887,0.2110975
169.0,3.2403908,-0.54511744,0.3117475,0.27047,0.0744,-17.552153,0.0963675,0.2562,1.1883459,0.2108,0.15817846,-0.18066995,-0.20906553,0.2024903,0.294,1.2818102,-0.07859833,0.31627125,0.12610875,-0.12314135,0.14256078,2.653241,0.16980737,0.25623876
176.0,2.9744809,-0.50141644,0.3635575,0.2877675,0.1102,-16.672045,0.1219425,0.1725,1.2635845,0.2561,0.25749665,-0.1679644,-0.20799778,0.25722504,0.3898,0.9224997,0.13224965,0.356435,0.0963675,0.060700793,0.068801895,3.2639558,0.18999296,0.16942126
196.0,2.6752121,-0.48431838,0.36524874,0.31783876,0.0939,-16.857162,0.12879,0.1134,1.1056696,0.2092,0.40107867,-0.04803491,-0.08790344,0.37208703,0.5016,0.445758,0.31741238,0.44563124,0.0735425,0.38338417,0.08574754,3.0040553,0.12047098,0.0928475
187.0,3.6719036,-0.6083654,0.328275,0.2560325,0.0702,-18.215624,0.093095,0.2957,1.2653614,0.17265,0.20326799,-0.15602693,-0.22849226,0.15861675,0.279,0.88947713,-0.031922992,0.3507425,0.112125,0.058493882,0.15838484,2.53755,0.17357817,0.250285
200.0,2.5574255,-0.42930248,0.34795126,0.281525,0.1145,-18.62062,0.13347875,0.21555,1.226374,0.2626,0.25462627,-0.16738902,-0.15966941,0.21930666,0.4106,0.6956236,0.12580158,0.37319624,0.10259625,0.18156841,0.04462497,2.831554,0.17807604,0.16944875
196.0,2.7056606,-0.54593277,0.4367625,0.3120225,0.1249,-21.18327,0.1303025,0.30150002,1.4144092,0.2371,0.20865,-0.12784044,-0.24517402,0.14057828,0.37575,0.8884219,0.042463813,0.3004175,0.08670125,0.070968576,0.12247326,2.0778587,0.20598704,0.16889875
213.0,4.0153627,-0.5271319,0.2206125,0.31385124,0.0587,-16.079842,0.07863,0.17594999,0.69365627,0.13575,0.20754945,-0.055352416,0.03937304,0.1972119,0.35425,0.9284901,0.12004852,0.3007475,0.07996375,0.037421733,0.19516134,2.7833753,-0.07897432,0.15943874
192.0,3.0204477,-0.49155644,0.3780225,0.305835,0.0502,-20.078825,0.12555875,0.1057,1.2180878,0.13845,0.26202673,0.016707294,0.06469501,0.21992618,0.2443,0.9431935,0.11909264,0.293185,0.0764025,0.029233595,0.21456397,2.375236,0.1695917,0.108935
212.0,2.768078,-0.48942995,0.37253624,0.30177876,0.1123,-17.360863,0.130275,0.2208,1.3262243,0.25135,0.23971206,-0.17461902,-0.19799367,0.16189033,0.3868,0.83607507,0.14939266,0.379975,0.1046175,0.11708617,0.0064386707,2.5891917,0.19523934,0.2052675
205.0,2.4831424,-0.5095745,0.2527325,0.2037825,0.0766,-19.225485,0.0924625,0.1866,1.3196725,0.1759,0.255878,-0.13601366,-0.22548068,0.2157565,0.2547,0.9407837,0.061431285,0.28939,0.104755,0.030511554,0.047961254,2.3840954,0.18525495,0.14859
206.0,2.4481509,-0.43677375,0.32900375,0.28261125,0.116,-17.597027,0.1305225,0.3512,1.1685796,0.2492,0.33488655,-0.12997906,-0.14636473,0.09145881,0.3724,0.5127049,0.0064220247,0.33515,0.0907575,0.32213494,0.042748474,2.611645,0.1620542,0.1039575
217.0,2.18844,-0.41927558,0.37787125,0.2844125,0.1381,-17.452587,0.14969,0.2146,1.3261501,0.29225,0.16465333,-0.14890629,-0.20293066,0.22857535,0.34145,1.2451769,-0.10965923,0.31591374,0.12197,-0.10894523,0.020746866,2.3521385,0.2107687,0.23494
226.0,2.910018,-0.4880926,0.26085874,0.2267175,0.0958,-20.140593,0.0931775,0.1945,1.1497446,0.191,0.2769143,-0.16609587,-0.17039712,0.15312462,0.2368,0.67075515,-0.059606165,0.239945,0.0771725,0.1970635,0.11553653,2.5521655,0.14829059,0.1188075
215.0,2.1123908,-0.35718063,0.3092175,0.28800124,0.1302,-17.38794,0.13510124,0.31315,1.0873771,0.2619,0.25308028,-0.112797156,-0.107662454,0.14591195,0.42185,0.802959,0.043137647,0.43679,0.1106125,0.11610472,0.047440525,2.8011565,0.14126228,0.184395
224.0,2.8034408,-0.543379,0.2860625,0.2561425,0.0847,-17.304579,0.10261,0.1873,1.1048445,0.174,0.3606345,-0.10227273,-0.17871295,0.27906084,0.419,0.6248798,0.115399964,0.4600825,0.079345,0.23086031,0.11277392,2.790511,0.12787476,0.13583
225.0,2.814522,-0.40609333,0.3151025,0.2894725,0.106,-16.897308,0.1235375,0.1907,1.0850753,0.2468,0.2955116,-0.15359828,-0.07446496,0.25812098,0.3955,0.6355992,0.11080564,0.34065,0.08230125,0.22285555,0.07968769,3.4107127,0.15602884,0.1357475
231.0,2.459419,-0.4231951,0.3027,0.2571875,0.1048,-17.666605,0.1183125,0.15015,1.1654276,0.2336,0.3954646,-0.13325474,-0.14587605,0.20135659,0.37315,0.45117548,0.1622853,0.4162475,0.06604875,0.37821868,0.07344124,2.8435917,0.16996175,0.0885025
229.0,2.4947226,-0.5472717,0.2499,0.2061475,0.0667,-17.232878,0.0861925,0.2235,1.2101316,0.1401,0.29795924,-0.13065015,-0.24874374,0.15019013,0.2525,0.67674536,0.009171267,0.376785,0.0831675,0.19278696,0.07170585,2.0658426,0.16931172,0.1261225
255.0,3.3907146,-0.55479306,0.27895376,0.24226876,0.0788,-17.03316,0.08340125,0.20680001,1.146596,0.1982,0.35139316,-0.16896302,-0.17572945,0.18924662,0.3514,0.57224035,0.07246858,0.3663075,0.0682075,0.27209583,0.15274389,2.9153202,0.15319203,0.102005
459.0,3.4988658,-0.5215088,0.1658875,0.30408874,0.0383,-13.111612,0.04971375,0.0899,0.5307239,0.0942,0.37950233,0.0930584,0.14739245,0.3955523,0.3712,0.57680106,0.29563698,0.3186225,0.0564375,0.26839083,0.33141375,2.7951934,-0.24856302,0.082755
452.0,3.6948805,-0.5463372,0.155245,0.272505,0.0382,-14.096571,0.0453,0.0943,0.56273204,0.0992,0.33846486,0.16936354,0.23157895,0.36884058,0.4156,0.5853613,0.2989423,0.32331124,0.06802875,0.27310267,0.34429467,2.9395576,-0.21463136,0.09893875
502.0,3.8250725,-0.49745333,0.15297624,0.3588825,0.0358,-12.967423,0.04652375,0.0974,0.4270689,0.095,0.44951805,0.24736226,0.35018793,0.3835443,0.4664,0.38959658,0.37216187,0.418805,0.05333,0.43926662,0.37221798,3.1020918,-0.34252322,0.061965
480.0,3.2424352,-0.50714284,0.13539,0.2702775,0.0429,-11.502523,0.0423575,0.11095,0.46244204,0.1048,0.36668524,0.19471945,0.2250191,0.356998,0.38175,0.6351398,0.24092664,0.2653825,0.05058,0.22313698,0.36561447,3.073266,-0.3094328,0.0781075
492.0,3.514033,-0.4981229,0.125655,0.3033325,0.0331,-15.841631,0.03953875,0.09475,0.4186267,0.0893,0.41168475,0.22064637,0.29473728,0.37022176,0.34355,0.4621417,0.26561964,0.34604,0.04981,0.3678565,0.39227742,2.670946,-0.34969336,0.064275
454.0,3.4161537,-0.57265544,0.1989975,0.34808874,0.0294,-13.968429,0.05312375,0.108899996,0.5677961,0.10205,0.40982407,0.2874373,0.24360296,0.38162446,0.48885,0.40468583,0.35031497,0.49012625,0.06147,0.4238323,0.35301304,2.890493,-0.23223954,0.08315375
337.0,3.4906833,-0.49782866,0.163275,0.31832,0.037,-14.096419,0.0503325,0.0865,0.50591946,0.0996,0.42857707,0.1826401,0.27170417,0.385278,0.4028,0.42952153,0.35042295,0.4221325,0.05894,0.39906952,0.35745987,2.8591475,-0.26718518,0.075605
290.0,3.6299384,-0.5163926,0.14830124,0.28041124,0.0336,-13.735654,0.0464275,0.0771,0.5178673,0.0952,0.44763958,0.22046033,0.2715904,0.40974638,0.43255,0.38064826,0.39551437,0.471275,0.065485,0.4485949,0.3440404,3.1726549,-0.26190895,0.06466
388.0,3.1342225,-0.46750945,0.13144375,0.27194124,0.03385,-12.250732,0.0419725,0.0805,0.48630533,0.0913,0.38934675,0.2620217,0.35221165,0.39834735,0.38155,0.3883743,0.38383415,0.36453375,0.05449875,0.44055122,0.39848867,2.4054918,-0.29301646,0.066585
649.0,3.9144313,-0.60193455,0.1912975,0.3335825,0.0253,-17.824905,0.0508825,0.10349999,0.591664,0.09045,0.3834453,0.22322983,0.17543165,0.3883109,0.42514998,0.4998467,0.29004845,0.41439125,0.06481125,0.3335139,0.3524722,3.399163,-0.21405351,0.092545
1262.0,4.4317226,-0.59555113,0.09811375,0.25508374,0.0242,-10.210463,0.02523875,0.082,0.38383883,0.0828,0.42266482,0.32170907,0.37404093,0.3741603,0.40074998,0.39992598,0.37391046,0.2966775,0.038865,0.42864808,0.40375394,3.6873388,-0.39676628,0.04817375
595.0,3.5564165,-0.5631913,0.14221,0.259855,0.0285,-10.882461,0.0450525,0.0847,0.5455035,0.10545,0.41077054,0.169241,0.17766087,0.40131244,0.34695,0.4553883,0.27472827,0.3132325,0.05223,0.3742037,0.3431167,3.0136697,-0.23810849,0.060315
983.0,4.5127654,-0.5595506,0.1132525,0.29511,0.0256,-17.360197,0.035565,0.0791,0.38380402,0.0807,0.4334749,0.26540285,0.38668507,0.38988778,0.40885,0.42441264,0.37483254,0.31931,0.03914,0.4040899,0.3971631,3.6732254,-0.3920927,0.05339875
885.0,3.5161598,-0.48549658,0.13177375,0.32850876,0.0274,-18.055664,0.04545125,0.0788,0.40897408,0.09005,0.42890558,0.2802671,0.34453154,0.40049818,0.33359998,0.41804904,0.28153062,0.374145,0.0549525,0.4103885,0.39782673,3.1285021,-0.36473757,0.06593875
1153.0,4.432352,-0.57022125,0.13484,0.3444175,0.0197,-20.440956,0.03907125,0.0732,0.3941103,0.0672,0.33364326,0.31405908,0.40744781,0.3936126,0.3635,0.4695964,0.34931508,0.3407325,0.06937625,0.36092684,0.39875558,3.6945052,-0.38266638,0.077805
1701.0,4.5053515,-0.5643331,0.1257925,0.2926625,0.0221,-15.796601,0.031715,0.077099994,0.43385538,0.0694,0.0,0.24305713,0.34935117,0.37056586,0.33655,0.0,0.29225326,0.0,0.0,0.0,0.399459,3.353079,-0.34585208,0.0
1148.0,3.58867,-0.44258875,0.11035125,0.23624624,0.0264,-13.881032,0.0404325,0.058700003,0.4800791,0.0844,0.38524297,0.13878083,0.2841774,0.3680682,0.25595,0.41736856,0.33313033,0.247425,0.04184875,0.41106972,0.3510185,2.7459872,-0.2643983,0.04902625
1081.0,3.9415338,-0.46994996,0.084075,0.2416775,0.0255,-7.923831,0.02862125,0.0705,0.35438046,0.08425,0.42121965,0.29538485,0.4314836,0.41099647,0.3642,0.37491336,0.34041852,0.29544,0.03973125,0.45465696,0.41947895,3.3385987,-0.415962,0.04542375
838.0,3.689228,-0.5036389,0.11032375,0.25793,0.02545,-12.785576,0.033145,0.0688,0.4145162,0.0844,0.40694737,0.2689439,0.3511565,0.41119024,0.32095,0.43034592,0.3303318,0.302205,0.04391125,0.39829633,0.39371744,3.3870027,-0.3577359,0.0540175
819.0,4.161,-0.5902965,0.20167875,0.33021376,0.0299,-12.829237,0.05333,0.107700005,0.6101662,0.1075,0.38467124,0.15636367,0.17956145,0.37484753,0.4716,0.47050384,0.31255203,0.3983725,0.0526425,0.36011106,0.33061224,3.3400974,-0.18789902,0.0792075
740.0,4.569312,-0.61612284,0.15145,0.29258,0.0203,-17.628687,0.04261875,0.07585,0.51180327,0.0764,0.41222367,0.21575986,0.25859872,0.38783905,0.34820002,0.43690193,0.32661954,0.32724375,0.04569875,0.39188492,0.36503854,3.6618629,-0.2700081,0.062625
1274.0,3.0666347,-0.4275093,0.07159,0.164925,0.0522,-5.1146293,0.022475,0.0792,0.43121722,0.1084,0.0,0.2703125,0.3524862,0.414852,0.4252,0.0,0.3951369,0.0,0.0,0.0,0.3963463,2.8967266,-0.33991584,0.0
548.0,4.2156425,-0.58721596,0.12877625,0.30351126,0.0255,-19.119383,0.03791625,0.086899996,0.43069977,0.07765,0.3942061,0.28133896,0.3181132,0.40243703,0.42949998,0.4236476,0.3442475,0.34417,0.04787125,0.4048496,0.40003136,3.777338,-0.35943753,0.06632375
691.0,3.841975,-0.53578067,0.1367375,0.3430425,0.0304,-12.592588,0.0369125,0.05895,0.39230445,0.0732,0.4227857,0.27555895,0.38902926,0.4155216,0.34039998,0.37955806,0.3796666,0.34093875,0.0442,0.44973966,0.42558092,3.499437,-0.3916353,0.05430625
517.0,3.8470602,-0.5770776,0.15558875,0.36995125,0.0233,-13.529348,0.04305875,0.06525,0.40181157,0.07105,0.4161105,0.28103936,0.34602597,0.41668978,0.2941,0.39352056,0.3049137,0.3618525,0.048655,0.4352142,0.42096564,3.1987865,-0.38392115,0.059105
703.0,4.3106537,-0.57710665,0.1168825,0.312985,0.0209,-15.782635,0.0389475,0.0613,0.38102007,0.06885,0.40727323,0.2716822,0.38234672,0.41527003,0.3576,0.3638027,0.40593672,0.3593775,0.0469775,0.4664878,0.4219116,3.213873,-0.40512875,0.05399
730.0,3.5299978,-0.54029304,0.17547125,0.40121874,0.0215,-22.80999,0.0467575,0.0764,0.4170324,0.0846,0.4154109,0.3381295,0.31439805,0.38153872,0.38715,0.3921752,0.40035257,0.4447375,0.058445,0.4366008,0.4090705,3.0922878,-0.36984468,0.073185
675.0,3.98757,-0.4964441,0.1335475,0.33194625,0.0237,-15.660003,0.04006125,0.0595,0.3903893,0.07115,0.42753994,0.33338472,0.46116826,0.42592594,0.4348,0.37157482,0.49381164,0.38201,0.044365,0.45817783,0.40266943,3.264235,-0.38841343,0.0521475
545.0,4.0943875,-0.55479836,0.1042875,0.25607374,0.0229,-14.904136,0.0359225,0.053,0.41434205,0.0804,0.44020838,0.26666668,0.35299626,0.39748952,0.2732,0.38402352,0.38311568,0.34846,0.044805,0.44506213,0.41279924,2.924638,-0.36978215,0.0536875
885.0,3.6892636,-0.53278106,0.1195225,0.26794,0.023,-15.936712,0.0365,0.0567,0.4239479,0.07205,0.44323397,0.2691192,0.3242728,0.4313487,0.3628,0.36861318,0.4308815,0.3682325,0.0438975,0.46133327,0.40504083,3.2974346,-0.35724562,0.053825
1241.0,3.3992186,-0.5245009,0.09755,0.1836525,0.02505,-10.785927,0.0325125,0.061350003,0.5017846,0.0669,0.4031426,0.20497428,0.2676354,0.36760595,0.27275002,0.42300358,0.3441105,0.29952374,0.0431825,0.40550217,0.37614515,3.1978817,-0.27716315,0.05411375
1165.0,3.4529736,-0.51728725,0.0897675,0.1777675,0.031,-7.865978,0.0276725,0.0428,0.52003264,0.0611,0.40939456,0.18688525,0.24929252,0.36763301,0.1695,0.41264126,0.3338983,0.281855,0.0366925,0.41578764,0.35260114,2.7813957,-0.2608439,0.0487375
557.0,4.7255564,-0.5856524,0.1193575,0.31085375,0.0208,-15.613261,0.039635,0.0589,0.39503494,0.0741,0.44317982,0.23321126,0.36768803,0.3980815,0.3038,0.35443938,0.391564,0.383165,0.04464,0.4766257,0.4099412,3.6098106,-0.38126126,0.0552825
284.0,3.205382,-0.5225677,0.1338775,0.30886,0.0314,-15.298887,0.0427975,0.0735,0.4352541,0.0828,0.41943213,0.23929961,0.2830189,0.3944043,0.302,0.4051818,0.31536844,0.3522825,0.0468675,0.42330605,0.38947374,2.9700418,-0.34350845,0.0553375
328.0,3.9272804,-0.55812275,0.16491126,0.3829175,0.0326,-12.946619,0.05136375,0.09775,0.43614015,0.1029,0.43458495,0.31074765,0.3674784,0.39543042,0.48299998,0.39722925,0.37857234,0.46451,0.0574,0.43140432,0.39445195,3.2459557,-0.35270056,0.0743125
490.0,2.801473,-0.48231676,0.124115,0.2932125,0.026,-9.03604,0.0383425,0.06655,0.40796375,0.0776,0.40053487,0.33203122,0.4094014,0.41738486,0.3922,0.35676518,0.418043,0.3027825,0.043265,0.47409442,0.41458333,3.2123196,-0.3766444,0.0508825
1163.0,3.2570384,-0.40747935,0.07104,0.1246375,0.053,-2.7658343,0.023905,0.0811,0.5303417,0.094,0.39455688,0.18934081,0.33475706,0.34358555,0.3836,0.41618848,0.3779277,0.12109,0.0181025,0.4131422,0.33476165,2.6547067,-0.24921012,0.0234925
1283.0,3.0555017,-0.45930606,0.084845,0.15765125,0.0383,-7.0588117,0.02675125,0.0771,0.5362538,0.07845,0.37487227,0.18985802,0.2520118,0.34141067,0.3288,0.44068277,0.29753003,0.1946525,0.02792,0.38823068,0.33138958,3.0419407,-0.24558821,0.0390025
719.0,4.0191517,-0.49381542,0.10437,0.2432175,0.0229,-14.978543,0.0328975,0.052649997,0.4291221,0.0598,0.41725916,0.28169015,0.3775216,0.41771904,0.32215,0.35692438,0.4220696,0.323765,0.040515,0.47392148,0.40606767,3.366125,-0.35291404,0.0484075
719.0,2.4245315,-0.3543325,0.11262,0.28202,0.07935,-9.151249,0.03958,0.086799994,0.39577326,0.1094,0.40356225,0.22297744,0.31730273,0.39633054,0.42165,0.38219553,0.33462173,0.33623624,0.0436775,0.4469763,0.39046252,3.0717475,-0.37867424,0.05411375
961.0,3.2484581,-0.5254237,0.14298,0.3554175,0.0244,-19.806942,0.03995125,0.07555,0.4092054,0.0838,0.41275495,0.41538462,0.414256,0.36798286,0.38295,0.40020755,0.36013168,0.3926525,0.04739,0.42835966,0.41590494,3.4817522,-0.37973636,0.06532
801.0,2.854432,-0.38616005,0.12756625,0.34542125,0.03675,-14.81746,0.0462075,0.0724,0.38669243,0.09805,0.44147617,0.26441124,0.41688794,0.41906476,0.4284,0.36278933,0.42547205,0.39147,0.0501675,0.46757826,0.40911135,2.6612246,-0.38669667,0.052065
791.0,3.0376835,-0.42339623,0.12621875,0.32597876,0.04435,-12.304034,0.0398275,0.075399995,0.3930381,0.093,0.39636564,0.32266912,0.4067407,0.38396558,0.44779998,0.40145898,0.4378774,0.3725225,0.0497275,0.42708424,0.41082793,2.5617673,-0.39150825,0.0622675
998.0,3.2219486,-0.47613478,0.137095,0.31803125,0.0323,-16.449417,0.045025,0.0654,0.42573532,0.085,0.4024373,0.26452512,0.35132506,0.4000871,0.3259,0.38274628,0.3458096,0.360945,0.0496175,0.44639695,0.40140465,3.0116189,-0.349669,0.0579225
832.0,3.4642816,-0.45363423,0.1283225,0.31063375,0.0266,-11.632925,0.03958,0.0665,0.41205817,0.073,0.3992009,0.3410901,0.45395318,0.390625,0.3609,0.393035,0.42002755,0.38161126,0.05014,0.43579707,0.38588446,3.0870514,-0.36857828,0.0627075
726.0,3.0043774,-0.4079392,0.135665,0.3308875,0.0486,-10.648189,0.04101,0.070250005,0.4018717,0.0922,0.40949818,0.29618767,0.41334507,0.4045974,0.4111,0.39135307,0.41807032,0.3537125,0.046565,0.43744966,0.39932603,3.2277417,-0.3867735,0.055695
789.0,3.0370462,-0.43999997,0.13232376,0.33290875,0.0408,-15.285038,0.04330625,0.0658,0.40237877,0.0885,0.4272944,0.3353941,0.40110123,0.4114286,0.3716,0.37190703,0.40568182,0.39422,0.0486825,0.45782474,0.40556368,3.0268452,-0.38109612,0.05795
722.0,3.3930097,-0.45537254,0.1269475,0.3146075,0.0361,-16.966286,0.0421375,0.0593,0.4117258,0.07915,0.43658757,0.30847418,0.42681855,0.4216003,0.3627,0.36521098,0.4331597,0.37655124,0.04558875,0.46497715,0.41638193,3.335646,-0.3724343,0.054705
421.0,0.5142855,0.6062802,0.047225,0.0975225,0.0884,-25.922186,0.1150125,0.03305,0.48424724,0.1398,0.1561675,-0.03170029,0.3139535,0.15238222,0.1038,0.38767552,0.3447414,0.1169375,0.133795,0.44125912,0.16081333,0.7652328,0.009087808,0.02957
417.0,0.7120681,0.4877116,0.07544,0.141055,0.0976,-24.927904,0.114435,0.0364,0.5301573,0.1513,0.22331034,-0.03102962,0.29308173,0.1717861,0.1003,0.43628627,0.2754591,0.16903625,0.12657624,0.39249977,0.16931981,0.6466509,-0.043713342,0.047775
420.0,0.55602694,0.6437466,0.053495,0.1091825,0.092,-26.410797,0.10547,0.0244,0.48995948,0.1408,0.15640415,-0.026298877,0.43750003,0.21715818,0.0873,0.3814383,0.34534967,0.10613,0.12366125,0.44784704,0.20331946,0.58054906,-0.033976708,0.03310375
419.0,0.59432095,0.5385884,0.0462075,0.1100075,0.0939,-25.605927,0.1200725,0.0386,0.41978955,0.1454,0.18950249,-0.025547847,0.3006713,0.1633715,0.1093,0.4558228,0.4019449,0.1261225,0.127085,0.37379357,0.14872603,0.69921577,0.00494218,0.0392775
418.0,0.6508567,0.516128,0.039855,0.108165,0.09335,-25.518764,0.1234275,0.0313,0.38078287,0.14125,0.15316881,-0.024191318,0.33445933,0.14010985,0.1048,0.40134898,0.37740585,0.12076,0.147655,0.42719623,0.17182194,0.6820437,-0.00013605463,0.0352625
421.0,0.5677875,0.62927413,0.026435,0.120705,0.091,-26.298992,0.13143,0.0265,0.21900502,0.1416,0.18603963,-0.034267914,0.41538465,0.11613111,0.0936,0.36362928,0.4614239,0.12657624,0.14073876,0.46667898,0.13690476,0.66764104,-0.032117005,0.031
423.0,0.54025334,0.6447059,0.04921875,0.1186975,0.1004,-25.974041,0.12764876,0.0496,0.41827664,0.1507,0.17058238,-0.022091301,0.4357367,0.10152991,0.1302,0.36700976,0.4012739,0.13077,0.14505625,0.46325007,0.1076923,0.7083793,0.0016374871,0.02969375
421.0,0.5325271,0.6159561,0.036885,0.10925125,0.09505,-28.248917,0.12492625,0.0311,0.3436685,0.1448,0.1718503,-0.026593188,0.4105418,0.13969573,0.1179,0.34690556,0.48115578,0.129945,0.14797124,0.48489767,0.13703334,0.7213182,-0.0085876575,0.02825
421.0,0.59112203,0.61220765,0.03397,0.1076975,0.08845,-28.645763,0.1223825,0.0285,0.31860587,0.14095,0.16474314,-0.040727153,0.39133382,0.13976163,0.119,0.38531423,0.4978602,0.1311825,0.137095,0.44371578,0.15863957,0.715891,-0.018331112,0.0336125
423.0,0.69965905,0.45207956,0.0647975,0.10976,0.0916,-25.848383,0.1007125,0.0296,0.45246786,0.1458,0.23418619,-0.026804117,0.25596187,0.2796518,0.1069,0.4788688,0.41402116,0.17081,0.1202375,0.35245073,0.19354838,0.7679231,-0.034340143,0.04399375
421.0,0.74263287,0.47371733,0.049095,0.118175,0.09405,-23.577114,0.1078625,0.052,0.46246743,0.1495,0.25243512,-0.01907435,0.28231528,0.18487394,0.1259,0.44841784,0.28886554,0.15303124,0.1174325,0.3808289,0.16984662,0.88645583,-0.05070653,0.04679875
422.0,0.66127783,0.6100478,0.0264625,0.10908625,0.0952,-26.242256,0.11966,0.0441,0.24283469,0.1526,0.18617153,-0.028025476,0.40726578,0.12396696,0.1311,0.4676479,0.37758243,0.1273875,0.1440525,0.36272466,0.15121952,0.82016885,-0.043427978,0.0408725
423.0,0.6106648,0.38445905,0.07434,0.142045,0.0899,-22.125172,0.1047275,0.047300003,0.52335525,0.13095,0.2887598,-0.013543681,0.13876736,0.21623947,0.1025,0.5012062,0.13506955,0.1581325,0.10776625,0.3325111,0.2146964,0.68457186,-0.04178265,0.0399925
424.0,0.49376586,0.6431168,0.06257,0.1171575,0.0845,-26.358803,0.1127575,0.023249999,0.5340674,0.1282,0.2243831,-0.007226623,0.39965463,0.16457382,0.068,0.42202482,0.41453058,0.12355125,0.11755625,0.40656275,0.18569648,0.5668978,0.025348658,0.03447875
424.0,0.57131135,0.3218999,0.06453625,0.134895,0.08465,-24.41594,0.102555,0.0474,0.49455315,0.12895,0.29298636,-0.0071514295,0.07481349,0.23283349,0.0743,0.38996047,0.05004104,0.1829925,0.1029125,0.43888986,0.24608527,0.6496767,-0.037837815,0.03892
421.0,1.046616,0.16750291,0.1029125,0.17555375,0.0835,-18.73924,0.0947725,0.0519,0.58052856,0.1304,0.27589765,0.0033429025,0.19930013,0.24697034,0.1534,0.54911953,0.20842047,0.195835,0.10437,0.29105598,0.24445947,1.1886774,-0.05857825,0.0638625
421.0,0.578005,0.51669765,0.0524225,0.1086325,0.0897,-30.044584,0.1140775,0.0367,0.47817448,0.1278,0.21741371,-0.021544108,0.29790422,0.17166221,0.09075,0.4920874,0.28900644,0.12646624,0.11491625,0.34041792,0.18916698,0.73770404,-0.0037902948,0.03945625
435.0,0.7381297,0.8603567,0.02127875,0.1322825,0.1277,-30.098856,0.1513675,0.0276,0.15402874,0.2045,0.15450767,-0.068422884,0.7877601,0.08510637,0.1658,0.19762012,0.63331825,0.1642375,0.174495,0.6699786,0.1281284,0.87333095,-0.07989253,0.0225575
435.0,0.82215506,0.78685933,0.01990375,0.1311,0.1327,-27.234964,0.1504325,0.0334,0.15158336,0.2082,0.16560867,-0.06580229,0.7280467,0.099999994,0.1592,0.2852504,0.6120401,0.14936,0.1631925,0.556117,0.10338081,0.8768577,-0.07487626,0.0302575
435.0,0.9128374,0.6900612,0.0259675,0.1259025,0.1258,-25.493103,0.14067,0.21465,0.21444793,0.2028,0.17844377,-0.06960085,0.63126594,0.12987265,0.2003,0.807453,-0.1856257,0.1966325,0.140615,0.10652949,0.15689982,1.8605348,-0.06394905,0.082095
591.0,0.45156595,0.724359,0.0,0.0,0.0938,-27.158587,0.0,0.0281,0.0,0.12,0.0,0.043780368,0.5340768,0.052706603,0.0381,0.0,0.072845615,0.0,0.0,0.0,0.07352942,0.2161954,0.0,0.0
591.0,0.45696774,0.7543926,0.0,0.0,0.08815,-30.436123,0.0,0.0549,0.0,0.12425,0.0,0.03368343,0.52441686,0.06849314,0.0656,0.0,0.082750596,0.0,0.0,0.0,0.073412,0.34024474,0.0,0.0
591.0,0.53211987,0.6749811,0.0,0.0,0.0938,-27.652336,0.0,0.0303,0.0,0.1269,0.0,0.018475762,0.45186862,0.07817077,0.04475,0.0,0.12521851,0.0,0.0,0.0,0.080711395,0.25134164,0.0,0.0
591.0,0.48833227,0.7572436,0.0,0.0,0.09,-27.36084,0.0,0.031999998,0.0,0.12335,0.0,0.026569761,0.6154694,0.06506972,0.052249998,0.0,0.10914085,0.0,0.0,0.0,0.06582769,0.27118683,0.0,0.0
591.0,0.46873087,0.7797487,0.0,0.0,0.0894,-26.905573,0.0,0.0392,0.0,0.1169,0.069013596,0.04883231,0.51252085,0.06920413,0.0552,0.5108261,0.11294765,0.06004,0.07599,0.32377908,0.06282727,0.28267348,0.0,0.02671
601.0,0.22882564,0.5176358,0.0380675,0.075,0.0451,-27.18669,0.074175,0.0371,0.5075667,0.0461,0.0,0.23517098,0.12142857,0.08555659,0.0421,0.0,-0.068035945,0.0,0.0,0.0,0.09213485,0.34389,-0.06847946,0.0
610.0,0.17680159,0.6075798,0.0,0.0,0.03765,-25.620218,0.0,0.05,0.0,0.04125,0.16003573,0.27753222,0.0952182,0.11268857,0.0699,0.7083165,-0.036906857,0.08996,0.07124625,0.1745898,0.11338224,0.48846573,0.0,0.0473625
610.0,0.19280332,0.56109726,0.02495,0.0652925,0.0376,-28.226004,0.0667775,0.0298,0.38212657,0.0411,0.1539299,0.2893924,0.10886076,0.08055011,0.0393,0.80778027,-0.006404398,0.0885575,0.0853125,0.10632915,0.13725492,0.24184941,-0.11086678,0.05245
567.0,0.31133887,0.5764062,0.0413125,0.070105,0.0504,-24.185282,0.0526975,0.0284,0.5892946,0.05395,0.24518545,0.14582044,0.26982096,0.10843373,0.0366,0.50966156,0.082840264,0.107065,0.06246,0.32480028,0.15993741,0.34161818,-0.09770067,0.04233
563.0,0.32913327,0.47923133,0.0426325,0.07214,0.0557,-26.872908,0.051735,0.021850001,0.59096897,0.0579,0.1494484,0.14522421,0.17217377,0.10051205,0.028050002,0.74063694,0.019880954,0.237965,0.12333125,0.14923644,0.114895314,0.39209902,-0.11092763,0.1267
566.0,0.26857328,0.53749996,0.03178375,0.0624875,0.041,-31.657553,0.0492325,0.0226,0.4949682,0.0348,0.118618615,0.1580311,0.23999996,0.11717861,0.1584,0.77540874,0.036310088,0.29410625,0.19224624,0.12650116,0.17562725,1.125,-0.14845754,0.18572874
547.0,0.41809496,0.4278128,0.02072875,0.05752375,0.032,-28.162743,0.0459875,0.0392,0.3995688,0.0389,0.15323347,0.17032284,0.15456925,0.12816022,0.018350001,0.6263619,-0.09390142,0.070215,0.05245,0.22973861,0.13904557,0.4552033,-0.16880913,0.0322925
547.0,0.37619627,0.36771688,0.01945,0.060535,0.03275,-27.22679,0.0442275,0.107,0.37075275,0.0361,0.16112725,0.19939284,0.18431371,0.08608815,0.1332,0.6104681,0.10129866,0.069115,0.0520375,0.241875,0.17856002,1.2384474,-0.19988264,0.0313575
547.0,0.565964,0.3901515,0.02559625,0.06147,0.0366,-25.050852,0.0419175,0.0291,0.4693393,0.0474,0.17544739,0.19093288,0.3012048,0.1309963,0.0305,0.5769231,-0.010988992,0.086385,0.054045,0.2682927,0.19817768,0.40036422,-0.17343117,0.03496
552.0,0.323865,0.43516734,0.0511575,0.09148625,0.0415,-24.222904,0.05488375,0.0389,0.56815267,0.0345,0.18680929,0.28952235,0.16917582,0.16115403,0.04525,0.6946563,-0.10188907,0.1128675,0.05729,0.1801803,0.1948692,0.34828454,-0.14997452,0.04453
554.0,0.3013912,0.5597484,0.0278375,0.06610375,0.0351,-23.700108,0.06024625,0.02225,0.48296958,0.0352,0.16027866,0.28460687,0.25878596,0.14848337,0.027449999,0.6348561,-0.037303105,0.0860825,0.07258,0.22334926,0.22500001,0.2651342,-0.13460317,0.038865
448.0,0.4286974,0.5483871,0.0,0.0,0.0722,-30.195862,0.0,0.06275,0.0,0.077,0.14099705,0.067755066,0.25328946,0.052779328,0.059100002,0.6289894,-0.067597896,0.1006575,0.0821775,0.22775507,0.08146401,0.56015587,0.0,0.047665
448.0,0.41598445,0.699793,0.0,0.0,0.0704,-27.944164,0.0,0.0532,0.0,0.0691,0.12895769,0.078475334,0.45045048,0.035854973,0.0529,0.6608433,-0.03951007,0.1034625,0.084955,0.20420752,0.09523813,0.5234171,0.0,0.0527525
448.0,0.4348711,0.64926934,0.0,0.0,0.0684,-30.13005,0.0,0.0781,0.0,0.0718,0.12057263,0.04791345,0.45145628,0.039622642,0.0881,0.6813542,0.04899136,0.10283,0.09233875,0.19015318,0.08219177,0.7286951,0.0,0.05564
444.0,0.5273796,0.31914893,0.0221725,0.05194125,0.048,-27.347204,0.03934625,0.0555,0.4267017,0.0386,0.11377703,0.11186443,0.080610044,0.0450902,0.04925,0.77429676,-0.07310817,0.0718925,0.04710125,0.1273485,0.087628864,0.77691734,-0.1928561,0.03442375
444.0,0.44475335,0.29702142,0.0283325,0.05749625,0.04545,-27.511698,0.0409275,0.0519,0.49247077,0.0391,0.20443158,0.13456202,0.059939656,0.16484243,0.09475,0.5376088,0.065461755,0.11871125,0.04399375,0.30072656,0.12593122,1.1504308,-0.15122773,0.04380125
444.0,0.60963637,0.27562708,0.03172875,0.0657325,0.0472,-28.190332,0.042605,0.0609,0.4826906,0.04585,0.1301727,0.11696998,0.12570184,0.05975395,0.075,0.81625617,-0.10845587,0.1008225,0.06422,0.10116626,0.10660361,0.9907516,-0.14907278,0.0645775
438.0,0.31125,0.49841493,0.0,0.0,0.0538,-28.448017,0.0,0.070099995,0.0,0.0645,0.13457358,0.21202761,0.19802019,0.05265261,0.0731,0.7480138,0.0010709172,0.08732,0.06808375,0.14596705,0.116420835,0.5220645,0.0,0.0489575
438.0,0.26681203,0.61396515,0.0,0.0,0.0563,-33.052677,0.0,0.0563,0.0,0.06725,0.118169494,0.21449217,0.1776288,0.04705245,0.0647,0.7573308,-0.0021352144,0.091225,0.08358,0.13808967,0.07533225,0.4846646,0.0,0.04772
438.0,0.2574978,0.5429671,0.074395,0.0982925,0.0497,-28.098072,0.1015925,0.0813,0.7568736,0.063,0.11240876,0.21627805,0.15739904,0.038167927,0.0771,0.7529054,0.0053003444,0.09744,0.09051,0.14096287,0.08989898,0.47787413,0.01446789,0.0552
438.0,0.19393477,0.6112117,0.0,0.0,0.0483,-28.436813,0.0,0.06325,0.0,0.06645,0.12913437,0.28406826,0.16459112,0.047275696,0.06905,0.7147645,0.003593626,0.08754,0.07619625,0.16744618,0.08089141,0.4198029,0.0,0.05201
340.0,1.5617994,-0.44841114,0.31261376,0.2255625,0.1858,-13.134329,0.097385,0.4435,1.3489696,0.1659,0.0831623,0.0342368,-0.2187252,-0.039060645,0.2623,1.3401656,-0.20701118,0.2818,0.1118775,-0.14535965,0.0019863704,1.5093893,0.117473766,0.307265
342.0,1.436897,-0.29036888,0.16480125,0.1806,0.09015,-17.530115,0.086495,0.15165,0.88218373,0.14235,0.16631556,-0.02457957,-0.14855412,0.11956846,0.146,0.8182898,-0.12788683,0.22700626,0.08785625,0.10098613,0.101310335,1.4909389,0.058786187,0.12690625
340.0,1.3128532,-0.36761755,0.2344725,0.1828,0.1324,-10.999617,0.09662875,0.36025,1.2748451,0.1627,0.04257505,0.022375252,-0.22666667,-0.025550012,0.21345,1.2282456,-0.23182483,0.20805874,0.0976325,-0.10237893,0.0060588513,1.2843672,0.16128126,0.23385376
343.0,1.659896,-0.4862104,0.2558675,0.20161,0.0901,-11.869757,0.08158625,0.29655,1.2555826,0.11665,0.09762432,0.036294553,-0.23115467,0.043612666,0.1984,1.1937094,-0.25268123,0.2266625,0.0900975,-0.08830221,0.06716806,1.4452269,0.15676416,0.233565
344.0,1.7172976,-0.38749334,0.208595,0.1787575,0.092,-16.090014,0.08765,0.25595,1.1594076,0.1469,0.05956807,-0.050819647,-0.18506716,-0.011864212,0.17750001,1.1551065,-0.2027845,0.20066126,0.093425,-0.07013405,0.007352937,1.6045778,0.13387649,0.193195
343.0,1.7665884,-0.42133677,0.20731625,0.19953375,0.08335,-13.780955,0.082755,0.2256,1.0367506,0.13825,0.13860548,-0.012754783,-0.16920914,0.06107952,0.182,0.8466464,-0.10456313,0.25232,0.09464875,0.08307719,0.05400008,1.510516,0.08307634,0.1709475
352.0,1.1504445,-0.18412195,0.27631375,0.23003125,0.1936,-15.892166,0.12322125,0.38915002,1.221041,0.1917,0.11788975,-0.027522935,-0.1493542,-0.02660244,0.27585,1.0761297,-0.15742573,0.259195,0.1127575,-0.036006078,-0.018805698,1.1074722,0.1713503,0.2204475
354.0,1.528419,-0.29846954,0.1921225,0.175595,0.097,-19.711721,0.087485,0.222,1.0575837,0.1455,0.09221982,-0.06386637,-0.17371067,0.05446275,0.1991,0.9312176,-0.15854065,0.1988875,0.08001875,0.035663094,0.033763397,1.5603275,0.11507386,0.153815
349.0,2.172939,-0.44474742,0.2273225,0.22537,0.0934,-14.21565,0.0789875,0.2361,0.99468654,0.1248,0.12758207,-0.059730478,-0.14270517,0.087827444,0.2522,0.7676442,-0.023628218,0.27091,0.080885,0.1314494,0.05870152,2.031131,0.06881963,0.1817825
347.0,2.3525965,-0.40465194,0.2048275,0.21987,0.08485,-15.167668,0.08336,0.1996,0.96493095,0.15235,0.18796466,-0.06948013,-0.07464662,0.13660309,0.32475,0.64648986,0.12537853,0.3108675,0.086275,0.21470535,0.10469581,2.3657525,0.04957568,0.1458675
349.0,4.995233,-0.5522873,0.2321625,0.204195,0.0696,-12.6063,0.0756875,0.30785,1.0854179,0.15395,0.10653439,-0.31529316,-0.13196237,0.036412463,0.23475,1.0596466,-0.18301001,0.22620875,0.07284125,-0.028352026,0.04135961,2.7659576,0.11295253,0.19257624
358.0,1.9812496,-0.45543453,0.2228125,0.23021,0.0837,-13.071936,0.09106,0.2477,0.97554713,0.13845,0.16280591,0.024170265,-0.1193886,0.07052464,0.23955,0.7538315,-0.041397125,0.2708275,0.0834975,0.14036039,0.0729423,1.7125658,0.06752284,0.1517525
358.0,1.6245546,-0.36081704,0.17918375,0.1837625,0.0859,-14.905507,0.0878975,0.1871,0.9743019,0.13925,0.071771935,-0.045637026,-0.15219723,0.06513873,0.17885,0.79259974,-0.075948715,0.18022875,0.0820125,0.11696768,0.0631437,1.5499858,0.062206417,0.13
366.0,0.999786,-0.45990264,0.253585,0.1457575,0.1084,-14.807136,0.08708625,0.39675,1.7416276,0.0984,0.06616276,0.09866223,-0.3973954,-0.0051522166,0.17765,1.8302587,-0.34464002,0.16168,0.0893,-0.29145584,0.011347498,0.99081606,0.20917779,0.2575175
375.0,1.362214,-0.40975195,0.2246275,0.17538875,0.0984,-16.131197,0.0947725,0.34585,1.2308154,0.1418,0.03664418,0.015463891,-0.26498574,-0.004719194,0.1861,1.1068914,-0.2425768,0.2075225,0.103105,-0.05073418,-0.0032195817,1.2725716,0.16088027,0.21954
374.0,2.463192,-0.47836256,0.20931,0.1895375,0.0773,-15.635139,0.074835,0.2655,1.0899558,0.14,0.14449784,-0.021636857,-0.09831911,0.048019044,0.27525002,0.89820534,-0.045082267,0.239725,0.0792075,0.054649338,0.03773936,2.1361742,0.1128197,0.16246375
372.0,1.8666791,-0.39167717,0.231255,0.2033975,0.1022,-14.1514225,0.0876225,0.23755,1.1511409,0.1437,0.14075299,-0.065217376,-0.1653765,0.10491398,0.20435,1.0191413,-0.13627727,0.220145,0.099585,-0.009479912,0.1170047,1.5146366,0.12839462,0.1926725
371.0,1.4581127,-0.26557973,0.19477625,0.174385,0.1217,-17.80422,0.0979625,0.2439,1.0893054,0.1775,0.06651143,-0.06936816,-0.15668814,0.023444971,0.18439999,1.0113702,-0.18118693,0.2046625,0.1014275,-0.0056529297,0.001473885,1.4241003,0.12011543,0.1903075
383.0,1.5243957,-0.317931,0.202435,0.1839275,0.1087,-15.286536,0.10163375,0.27335,1.0501806,0.1513,0.06931094,-0.046984166,-0.18739861,0.015759127,0.16839999,1.0216811,-0.25345668,0.21259625,0.0957625,-0.010193654,0.035621803,1.3150991,0.083223306,0.20327374
387.0,1.1907924,-0.30882066,0.13790625,0.13479875,0.07695,-12.223658,0.07726875,0.18689999,0.9906182,0.10095,0.079318695,-0.013611091,-0.24230957,0.051690724,0.12475,0.90827996,-0.23563261,0.1718,0.097,0.04806424,0.049424224,1.1380697,0.058970086,0.1331075
379.0,2.2411358,-0.43922454,0.2321075,0.21306375,0.08495,-11.569841,0.08485875,0.27055,1.1038492,0.1389,0.11685549,-0.04182524,-0.10977714,0.08671461,0.3037,1.1920098,-0.024340117,0.240385,0.1051125,-0.08759531,0.07345499,1.9225119,0.08536257,0.22207
382.0,2.2273734,-0.41321763,0.20365874,0.20497875,0.0748,-14.404741,0.08538125,0.20425001,0.97676015,0.1384,0.11540899,-0.029959537,-0.042834144,0.09300139,0.2347,0.9341325,0.00011155534,0.2473975,0.09271,0.036341134,0.08666124,2.3341815,0.06644799,0.18284126
420.0,1.6994765,-0.40766662,0.2533375,0.2233075,0.1002,-13.738226,0.09616125,0.3238,1.1459639,0.1351,0.08374901,0.028096829,-0.14260212,0.011153582,0.2336,0.9621357,-0.13316225,0.2951925,0.1106125,0.019303294,0.02748248,1.5847052,0.08615767,0.23671375
415.0,2.1350663,-0.45181766,0.1805175,0.1794725,0.0655,-14.2612095,0.0806925,0.21384999,0.9897338,0.1204,0.10420254,0.015764233,-0.08243081,0.073540196,0.20735,0.94241774,-0.071712136,0.2153875,0.09205,0.029644635,0.056369774,1.7232528,0.05869958,0.1748525
403.0,1.8498393,-0.43002734,0.1959175,0.16454,0.0925,-12.409301,0.08446,0.2843,1.1672164,0.14725,0.082555525,-0.07858866,-0.22659752,-0.00016153867,0.17539999,1.0692525,-0.2468651,0.22427,0.1013725,-0.03346738,0.0051503484,1.653107,0.114686176,0.20403
404.0,1.4527802,-0.468437,0.216295,0.174055,0.07785,-10.558928,0.09172,0.27185,1.2923428,0.1201,0.05537135,-0.03449107,-0.33897054,0.01780551,0.15650001,1.1346751,-0.29633832,0.21866,0.1100075,-0.0630893,0.006119142,1.3314221,0.1355381,0.2134075
411.0,1.7839001,-0.49639788,0.2069725,0.1887675,0.06605,-14.066544,0.087375,0.26135,1.1375,0.1196,0.09162403,-0.037799906,-0.2883653,0.055864632,0.15345,1.043664,-0.2537053,0.23253375,0.09712375,-0.021314664,0.036368456,1.7351664,0.078237735,0.2048825
421.0,1.1635259,-0.48722345,0.22051625,0.19480374,0.1027,-11.326582,0.07449125,0.3572,1.1883378,0.0879,0.037865154,0.16432448,-0.31309384,-0.06845195,0.1621,1.0024425,-0.32382727,0.25989625,0.09577625,-0.001188781,-0.055123873,0.83838487,0.041121442,0.236645
419.0,1.7875736,-0.3906018,0.2048275,0.2189625,0.0959,-13.842954,0.08400625,0.2617,0.95147246,0.1275,0.100749984,0.016208366,-0.106099725,0.025710423,0.228,0.9180652,-0.09016393,0.255895,0.1058,0.042717412,0.03749858,1.7752081,0.020195324,0.201885
417.0,1.9683648,-0.38557345,0.1794725,0.1903075,0.07095,-10.482928,0.067575,0.1515,0.9576863,0.1236,0.21111533,-0.012905566,-0.092748195,0.1531582,0.2093,0.6956205,-0.0013869515,0.26761,0.07302,0.17950922,0.13055447,1.9384079,0.046360683,0.1183675
414.0,2.670777,-0.42823958,0.17791875,0.1999875,0.0698,-13.735584,0.08447375,0.2351,0.90173596,0.13685,0.12972188,-0.06653833,-0.037685763,0.045870196,0.2168,0.8367181,-0.07357462,0.248085,0.0948825,0.088898726,0.04956274,2.2465484,0.032796614,0.1575275
518.0,1.8893495,-0.30483088,0.1600575,0.21932,0.0707,-13.298823,0.0618,0.1769,0.71870184,0.1058,0.23528855,-0.012341867,-0.01576735,0.045179848,0.1564,0.5485226,-0.08804666,0.31181625,0.07152125,0.29243338,0.06972299,1.7318892,-0.06977375,0.10430125
516.0,1.9914286,-0.5371571,0.277785,0.1900325,0.0828,-12.248274,0.0817375,0.38435,1.4853108,0.1267,0.08889113,-0.042805564,-0.29526976,-0.014289521,0.21965,1.1492424,-0.20920393,0.21309125,0.095515,-0.0628449,-0.02341538,1.9939805,0.20104347,0.21190874
521.0,2.4354517,-0.50088286,0.23044375,0.19829625,0.07585,-8.936455,0.08732,0.2842,1.1372167,0.1527,0.115760215,-0.036007453,-0.1312801,0.051528968,0.2731,0.9533636,-0.08410903,0.274045,0.0976325,0.027108992,0.020465292,2.3539126,0.11324953,0.21922375
523.0,1.9764233,-0.3768322,0.231255,0.22185,0.117,-15.121272,0.07787375,0.3183,1.025652,0.1361,0.08564695,-0.030606207,-0.083744094,0.022343162,0.2958,0.93851656,-0.036638997,0.2473975,0.0881175,0.03238405,0.027531113,1.557091,0.051719785,0.19455625
521.0,1.9606987,-0.277356,0.12555875,0.20049626,0.0742,-17.60935,0.06140125,0.15155,0.62439626,0.1115,0.19222608,-0.027283488,0.034922756,0.13223773,0.18165,0.6435585,-0.018076805,0.25535876,0.07726875,0.21691239,0.10962397,1.6960508,-0.10891789,0.1040125
515.0,1.6928775,-0.42644677,0.25057375,0.1867875,0.1074,-12.856485,0.07476625,0.31225002,1.3447099,0.1378,0.114292525,0.030108461,-0.15532719,0.04659266,0.3068,1.0983022,-0.14402348,0.25524876,0.0966975,-0.046565358,0.044500317,1.4264624,0.14340277,0.22273
524.0,1.5211875,-0.31352225,0.2688475,0.21886624,0.1262,-26.381748,0.12110375,0.3132,1.2311406,0.1868,0.08907708,-0.060529623,-0.1779678,0.025516795,0.2298,0.9750479,-0.16725844,0.236205,0.1252975,0.01993643,0.012608801,1.4805431,0.16510542,0.22356875
543.0,3.3725336,-0.5572362,0.2296875,0.211895,0.0662,-9.839529,0.07643,0.27125,1.0844876,0.1536,0.13277361,-0.24663617,-0.27779534,0.089961715,0.25994998,0.92945963,-0.1264106,0.2880975,0.089025,0.03655964,0.018562948,2.4018953,0.110046245,0.1967425
548.0,3.0492494,-0.4117756,0.21889375,0.22911,0.0889,-13.326811,0.07556375,0.23455,0.94261056,0.17275,0.13988873,-0.174697,-0.034196056,0.0909443,0.28070003,0.8213797,-0.026473066,0.2943675,0.0893825,0.098068655,0.06966558,3.4799135,0.054037973,0.1824425
543.0,3.2856228,-0.5256051,0.19843376,0.24012375,0.0649,-12.142402,0.0638625,0.2085,0.81001765,0.1294,0.17705682,-0.0632826,-0.044139616,0.13939852,0.3157,0.7706354,0.023504607,0.31425,0.0801975,0.12953801,0.0760582,2.5523934,-0.0266256,0.143475
447.0,1.6130944,-0.3331822,0.251165,0.236205,0.1242,-14.647895,0.10773875,0.33464998,1.0926967,0.18605,0.107243426,-0.055662632,-0.16156429,0.023755355,0.2485,0.96924525,-0.17685203,0.269095,0.12146125,0.015657295,0.043012332,1.6840615,0.120223574,0.21339375
450.0,2.1762943,-0.41139522,0.2994275,0.22779,0.1053,-16.8445,0.1170475,0.3123,1.3447411,0.18873334,0.056466017,-0.08696385,-0.14220065,0.03109552,0.26455,1.1388375,-0.13260794,0.2609275,0.1171575,-0.064912595,0.043466445,2.1077926,0.15045592,0.2673075
